tree
version=v4
num_class=1
num_tree_per_iteration=1
label_index=0
max_feature_idx=13
objective=lambdarank
feature_names=video_hist_count video_hist_long_view_rate video_hist_click_rate author_hist_count author_hist_long_view_rate user_hist_count user_hist_long_view_rate user_author_affinity user_durbucket_affinity user_tab_affinity log_duration dur_bucket dur_to_user_avg_ratio completion_ratio_prior
feature_infos=[0:9.1075325012207031] [0.0084842890501022339:0.73308873176574707] [0.010196905583143234:0.79934209585189819] [0:9.1075325012207031] [0.0084842890501022339:0.73308873176574707] [0:6.6808547973632812] [0.01357338298112154:0.81049299240112305] [0.012065229006111622:0.81049299240112305] [0.00052698486251756549:0.92132365703582764] [0.0003562208148650825:0.93935954570770264] [0:13.979091644287109] [0:9] [0:627680] [0:1.4946607351303101]
tree_sizes=7039 7034 7044 7060 7031 7051 7057 7043 7067 7042 7050 7056 7048 7080 7021 7041 7049 7075 7062 7056 7028 7073 7046 7085 7026 7043 7035 7032 7050 7043 7039 7064 7032 7053 7008 7033 7035 7059 7056 7039 7046 7022 7043 7027 7000 7052 7022 7054 7017 7033 7016 6993 7031 7039 7025 7002 7044 7019 7018 7038 7030 6992 6981 7011 7031 6986 7010 6973 7038 7006 6989 6967 7012 6944 6997 7005 6993 6989 6968 6989 6972 6961 6959 7013 6948 6952 7018 6971 6905 6973 6968 6998 6976 6953 6956 6962 6981 6914 6974 6972 6968 6939 6936 7019 6978 6978 6939 6885 7010 6934 6979 6951 7014 6974 6971 7050 7012 6993 6962 6922 6944 6967 6883 7000 6962 6949 6939 6941 7015 6955 6940 6904 6867 6961 7014 6935 6884 6938 6955 6934 6926 6883

Tree=0
num_leaves=63
num_cat=0
split_feature=4 6 4 7 10 10 7 6 4 4 4 6 4 5 7 7 9 9 9 7 10 4 7 7 10 5 9 7 10 4 9 10 9 4 6 4 4 10 4 5 7 9 13 4 9 7 5 5 10 13 7 5 9 0 10 7 5 5 7 9 7 9
split_gain=2101.36 1868.66 493.314 427.403 353.208 527.366 290.012 287.099 198.865 191.475 190.831 187.527 111.629 99.88 98.1366 84.1131 81.0661 80.7854 80.7787 76.3776 71.2533 63.1451 56.8343 53.402 51.9448 51.2178 51.1933 50.0775 44.7528 44.2483 43.0427 42.2801 36.5392 35.7218 35.5377 34.7974 33.4268 31.563 31.036 29.6938 28.6034 38.4376 27.9382 26.6024 26.2259 25.4838 25.3987 25.3431 22.4642 20.225 20.1472 20.0307 19.636 19.0771 18.9798 18.9434 18.7048 18.6976 18.6801 18.5539 23.9595 32.2122
threshold=0.23231461644172671 0.32045781612396246 0.42159293591976171 0.31844390928745275 8.7296881675720233 1.0000000180025095e-35 0.2657808661460877 0.4146538525819779 0.13310100138187411 0.095312628895044341 0.35925757884979254 0.4146538525819779 0.33664216101169592 2.8029010295867924 0.16475966572761538 0.21987935900688174 0.29702013731002813 0.44718426465988165 0.08653349801898004 0.50197508931159984 11.057888984680178 0.55275359749794017 0.42095771431922918 0.22953020036220553 9.1288576126098651 2.8617925643920903 0.20400134474039081 0.15953581035137179 9.4874033927917498 0.36382010579109197 0.12190329656004907 1.0000000180025095e-35 0.2991225421428681 0.070654816925525679 0.54272818565368663 0.16159477829933169 0.43417602777481085 12.360354900360109 0.18871082365512851 3.9415346384048466 0.36592544615268713 0.395151898264885 0.44895122945308691 0.31314218044281011 0.098035763949155821 0.29816405475139623 2.5249279737472539 2.9174053668975835 10.97793483734131 0.82809683680534374 0.37106516957283026 2.6735538244247441 0.26039023697376257 0.89587974548339855 11.688188552856447 0.15953581035137179 3.4811217784881596 2.2499048709869389 0.12099853530526163 0.14920332282781604 0.10166926681995393 0.044061047956347472
decision_type=2 2 2 2 2 2 2 2 2 2 2 2 2 2 2 2 2 2 2 2 2 2 2 2 2 2 2 2 2 2 2 2 2 2 2 2 2 2 2 2 2 2 2 2 2 2 2 2 2 2 2 2 2 2 2 2 2 2 2 2 2 2
left_child=3 6 4 9 5 -3 13 12 33 55 26 21 16 23 39 25 -6 -9 -16 43 24 37 32 -2 -18 -11 -8 56 42 -20 -17 -28 -10 -5 46 -32 -12 50 -34 -15 54 -42 -26 -19 -29 -33 -13 -21 -30 -7 -4 -36 -14 -54 -22 -1 -27 -45 -58 60 -41 -62
right_child=1 2 11 8 7 49 10 17 22 15 36 34 52 14 18 30 20 19 29 47 40 -23 -24 -25 28 27 31 44 48 -31 35 45 38 -35 51 -37 -38 -39 -40 59 41 -43 -44 57 -46 -47 -48 -49 -50 -51 -52 -53 53 -55 -56 -57 58 -59 -60 -61 61 -63
leaf_value=-0.013786050954413976 0.075187877732760824 -0.069737578479519863 0.025453658239788908 -0.089161261182563581 -0.057204666586010304 0.047787740586630559 -0.040903569045152653 -0.053745656785504081 -0.068718388219450213 0.060467331272756379 0.02625708091907791 -0.0060414805974420118 -0.056368512356464964 0.06970133787666323 -0.047253354168892509 -0.078159363971430418 0.0072515983988947269 -0.025267557873822413 0.020574059132550258 -0.048458265844253584 0.0010627660079821455 0.04105131112735648 -0.053996174694382587 0.047383031924856517 -0.037154870952953258 0.073380624694593152 -0.056832070449679334 -0.056821537565001391 -0.0091942878429282417 0.039487050195324357 -0.026834361781499075 0.018550467466092912 -0.040553509078422305 -0.063799877535408042 -0.052438966318513136 -0.0062729435174339408 0.041132394260974425 0.0011103367391903992 -0.024007521949184749 0.059713746932157169 -0.035572919459270047 -0.0071189154396872692 -0.01288103735948621 -0.017830996550112443 -0.0031389089042411903 0.0081132106020250314 0.0097790478633706327 -0.028010059035190812 -0.019561758577263264 0.0092241901283928642 0.013451113190412601 -0.0098537376333641298 0.021359454298748862 0.004922771666654174 -0.0045386170758464897 -0.065220561700651228 0.042958112203624214 -0.0050483121892288176 0.0011430188447469705 0.06263799345641656 -0.064690751710348923 0.029399684118214132
leaf_weight=19.921357726212591 242.22747686327784 117.71301338128978 1085.5506032002741 206.00069848814746 79.148135737515986 592.6883894437924 46.496923944330774 201.22067528750631 69.393342837225646 50.575761164887808 758.01733905164292 377.38350794086 12.46105724875815 185.38383269158658 35.347225109813735 25.997264762758277 341.42011348318192 428.73260963335633 662.689291241928 220.25521923479391 2649.6771246151911 403.44395097839879 467.43912688063574 601.49929228538531 289.53396823469666 20.61844367091544 22.060909565538168 27.011255147517659 2861.971922290104 579.8515100358054 304.47777728218352 1044.7822057891754 509.84770991615369 425.89983552211197 30.150233090855181 634.71750570004224 752.64606445695972 213.23239195201313 638.14374869980384 63.020057447371073 143.13256329554133 694.99005344096804 200.71409494266845 512.23343012845726 144.25374101498164 1328.4603891940787 774.03193681064295 485.59925997152459 639.19455420773011 36.068698150338605 515.73536851332756 328.16745871957392 196.58297813343233 1730.8025935964542 3523.1542877523461 176.55499529762892 51.730874727480114 647.94500984757906 55.21739153272938 87.956217392580584 9.9083834647899476 111.00028826761991
leaf_count=4845 13485 1954 26710 7250 4927 2797 4488 8587 4187 3734 25284 11315 882 15296 6414 3504 4498 17334 51465 8916 28649 10551 19487 24884 2052 2196 884 4832 45877 36458 16313 40504 14573 15638 1307 29354 24451 4561 17446 10870 4448 21234 5901 14187 13501 36926 41115 27496 5559 848 18669 19282 4448 48431 38283 14237 11048 34589 8295 7429 3028 12449
internal_value=5.1708e-06 0.00494366 -0.00253026 -0.0346542 -0.00622029 0.0273915 0.028211 -0.00780239 -0.0481475 -0.0139666 0.0197004 0.0139072 -0.00489486 0.0412545 0.0343929 -0.00708582 -0.0067781 -0.0233684 0.0272798 -0.0207047 -0.00642627 0.0231596 -0.0391761 0.0553656 -0.011467 0.0139348 0.0110589 0.00605943 -0.0130682 0.0294001 -0.0146955 0.0120676 -0.0334857 -0.0720677 0.000314372 -0.0129388 0.0336683 0.0191815 -0.031356 0.0542711 -0.00331103 -0.0119782 -0.0272168 -0.0146249 -0.0116055 0.012708 0.00459377 -0.0343907 -0.011087 0.0455755 0.0215879 -0.013437 0.00619474 0.00659923 -0.00213423 -0.0600055 0.0297756 -0.010692 0.021369 0.04375 0.0347176 0.021689
internal_weight=30692.1 26864.3 20332.9 3827.8 16605.2 746.47 6531.35 15858.8 2316.72 1511.08 3952.46 3727.7 13362.8 2578.88 1735.16 1314.6 11422.9 2495.99 1277.89 2294.77 11343.8 2217.96 1684.82 843.727 4332.83 349.407 2441.8 298.832 3991.41 1242.54 965.193 2395.3 1217.38 631.901 1509.73 939.195 1510.66 1814.52 1147.99 457.269 7010.95 838.123 490.248 1588.91 171.265 2373.24 1151.42 705.854 3501.17 628.757 1601.29 358.318 1939.85 1927.39 6172.83 196.476 127.567 1160.18 106.948 271.885 183.929 120.909
internal_count=970162 779722 465407 190440 331897 5599 314315 326298 78581 111859 132537 133510 215189 181778 143409 92777 161428 111109 94337 102522 156501 60491 55693 38369 63887 43606 82802 39872 59389 87923 49171 78314 36206 22888 73019 45667 49735 49940 32019 49072 92614 25682 7953 66110 18333 77430 52430 36412 51436 3645 45379 20589 53761 52879 66932 19082 21539 48776 19343 33776 26347 15477
is_linear=0
shrinkage=0.05


Tree=1
num_leaves=63
num_cat=0
split_feature=1 6 6 10 1 4 4 6 6 1 10 2 4 5 6 6 4 10 6 5 5 10 4 7 4 7 2 5 4 6 7 5 6 5 5 0 10 5 5 10 5 0 0 12 7 12 12 1 1 1 8 5 7 0 5 0 0 1 10 7 5 13
split_gain=4974.86 2297.01 1861.9 1444.55 1169.73 861.487 541.809 446.506 399.608 372.413 357.329 235.293 196.894 169.875 246.524 168.236 157.445 142.527 129.079 121.661 119.5 116.757 111.756 111.243 103.919 101.228 86.2117 82.4402 82.1979 78.4304 77.4679 74.794 73.6871 65.7333 61.8589 58.4675 57.5292 56.0712 54.6927 50.9706 49.3214 48.4581 46.105 45.613 45.5005 45.447 44.6983 43.6583 43.21 42.4165 49.1082 40.8791 103.719 40.7919 40.6913 38.499 38.2467 51.0876 37.2007 37.0921 51.2889 36.5776
threshold=0.30961325764656072 0.4146538525819779 0.33662588894367224 8.8768234252929705 0.41913609206676489 0.42436505854129797 0.18871082365512851 0.54272818565368663 0.33662588894367224 0.20411912351846698 1.0000000180025095e-35 0.1907337233424187 0.5510709583759309 2.5249279737472539 0.20738079398870471 0.4146538525819779 0.37692382931709295 12.044233322143556 0.1436005309224129 2.5249279737472539 2.2499048709869389 11.057888984680178 0.095312628895044341 0.12872852385044101 0.26575297117233282 0.50197508931159984 0.23297727108001712 3.9019216299057011 0.49230405688285833 0.10254674032330514 0.20199120044708255 2.0126758217811589 0.32040852308273321 2.0126758217811589 3.0677825212478642 6.7062506675720224 11.990013122558596 3.4175922870635991 2.2499048709869389 8.7296881675720233 2.8617925643920903 2.2499048709869389 4.4601275920867929 1.3288918137550356 0.13883153349161151 0.63813453912734996 1.6302700042724612 0.13212966918945315 0.48137915134429937 0.51209816336631786 0.35246555507183081 2.5249279737472539 0.2694301456212998 2.6735538244247441 3.7256208658218388 3.5114340782165532 5.5853724479675302 0.47839723527431494 12.166447639465334 0.29702274501323706 1.8688347935676577 0.33735820651054388
decision_type=2 2 2 2 2 2 2 2 2 2 2 2 2 2 2 2 2 2 2 2 2 2 2 2 2 2 2 2 2 2 2 2 2 2 2 2 2 2 2 2 2 2 2 2 2 2 2 2 2 2 2 2 2 2 2 2 2 2 2 2 2 2
left_child=2 3 6 10 8 25 22 19 11 47 -2 21 13 17 44 -11 -10 35 42 -7 32 -5 -1 41 39 38 -18 28 43 -24 -22 53 55 -23 49 -6 54 61 -3 -25 58 -8 -13 -21 -15 -30 -32 -4 -37 50 -12 52 -31 -26 -16 -20 -19 -58 -35 60 -41 -14
right_child=1 5 9 4 12 7 23 -9 16 15 34 18 37 14 36 -17 26 56 20 27 30 33 29 24 31 -27 -28 -29 45 51 46 -33 -34 40 -36 48 -38 -39 -40 59 -42 -43 -44 -45 -46 -47 -48 -49 -50 -51 -52 -53 -54 -55 -56 -57 57 -59 -60 -61 -62 -63
leaf_value=-0.063867698444875817 -0.056312870667451234 -0.039063675521866251 -0.081833183422077529 -0.010316756959708753 0.023337345395392024 -0.013743024101698096 -0.033507505106624667 -0.03819770761515813 -0.017889667034059264 -0.03148365513005727 0.039713663252329209 0.0093793073099299636 0.023676667730080467 0.048589357220334424 0.0098264553582078709 -0.054369460014907389 0.013357395808932575 0.011880090925666288 0.0095585849580838069 0.0042111698726548293 0.01289352242608797 0.0052382079022956808 0.043182450410859413 -0.057377492425286475 -0.0065302653300286801 -0.048893878777297256 -0.0078202954943060298 -0.011800548566391639 0.021839097249346223 0.0067831364894671833 0.0019741245229533983 -0.0087832949184754785 0.0054139211995193484 -0.0065773985375067387 0.020215183829977831 0.0055970442739856578 -0.0063012627040648491 0.017538578414563421 -0.02446239096691848 0.0072235244076124944 0.0053802726153573044 0.028560667168114662 0.044343506066790064 -0.013645819054112393 0.024783513790202716 0.0065014735492336193 -0.010373375840920358 -0.064704973630308263 0.020910080902828483 0.048634472594859562 0.012398677415248943 -0.039355332357044498 -0.034076132510989149 0.010491269160237385 0.0012623913984693234 0.021389435390018901 0.0093972426414230033 -0.016716319333276827 -0.026381620681169816 -0.021085867504889749 -0.013476157225317387 0.034399162741508102
leaf_weight=299.50693657115335 98.803483827156015 1017.7734774130513 583.04924019251484 2916.4345413413248 6272.8871558205574 1179.8252184300218 35.377032185613643 854.55411787237972 3409.4316943065496 1831.0567175337346 2414.4505528629525 131.10116122663021 1568.4577164384536 261.39860136917559 4058.3711402047193 1430.2720186230144 730.47027485608123 890.7560075270012 993.0422152277315 1438.7365622567013 1359.5053474254673 4247.3322234806255 34.983983997139148 68.98632852092851 511.17207207356114 936.55070485977922 1404.6568464116426 677.3341268110089 994.19277367182076 203.26192233944312 3191.4614226121921 2298.7502319935011 1936.1230678638676 814.58183561614715 367.61141978175147 926.9822726584971 952.88467161310837 1558.5990556546603 1734.0005965570454 356.83324937277939 596.28359181544511 283.01539882051293 335.74103714519879 475.90278176986612 864.67256900796201 939.28801659715828 951.45920301869046 1027.9573782077641 915.81494964426383 1407.6348173678853 176.58211271063192 983.41471202729736 658.45650938339531 1130.2109396365704 2107.1784556458588 2235.8576231598854 380.76669369684532 368.60542678146157 334.49572406359948 1189.3422384235309 1854.4404379561311 1613.6241977214813
leaf_count=20996 3132 16324 17985 60489 20273 11031 1745 19950 63477 35671 5513 3144 4045 4583 23106 36172 2970 3267 7838 9610 16381 56370 4803 1625 5614 28630 16951 13128 7222 3844 42096 37617 13372 9951 3350 2924 9062 9031 40998 3792 20993 10388 6750 3191 9997 6991 13095 27120 2638 2919 954 42836 10822 7656 23508 10117 1469 1854 4106 19177 41179 4164
internal_value=0.000179158 0.00630028 -0.0259296 0.0105053 0.00799135 -0.0153621 -0.0134847 -0.00449182 0.000658103 -0.0512358 0.0377156 0.00394448 0.0162426 0.013855 0.00857128 -0.0415203 -0.011222 0.0183203 0.00879039 0.000556753 0.00766417 -0.00211176 -0.0355014 -0.00727516 -0.00851867 -0.0346953 -0.000574978 0.00428483 0.00711613 -0.0309825 0.00253694 -0.00296217 0.0131263 0.00188133 0.0398433 0.0210371 0.00513246 0.0253083 -0.0298628 -0.0148287 -0.00628764 0.0216642 0.0345247 -0.000227364 0.0303096 0.0143881 -0.000861591 -0.0709039 0.0132072 0.0416478 0.0378521 -0.0323887 -0.0244383 0.00519029 0.00689954 0.0177509 0.00487687 -0.00344764 -0.0123424 -0.0139655 -0.0101358 0.029114
internal_weight=77822.3 63042.2 14780.1 52794.1 48329 10248.2 9907.75 6559.83 25588 4872.34 4465.08 20043.4 22741 18000.3 8244.51 3261.33 5544.56 9755.81 11134.3 5705.28 10667.4 8909.13 2179.62 7728.13 7409.74 3688.32 2135.13 4525.45 3848.12 1880.12 5502.43 3940.13 5165.02 5992.69 4366.28 8115.68 7118.43 4740.68 2751.77 3469.6 1745.36 318.392 466.842 1914.64 1126.07 1933.48 4142.92 1611.01 1842.8 3998.67 2591.03 1845.13 861.718 1641.38 6165.55 3228.9 1640.13 749.372 1149.08 3400.62 2211.27 3182.08
internal_count=970006 640964 329042 483889 468021 157075 212094 71123 348100 116948 15868 264702 119921 102681 70256 71843 83398 32425 112793 51173 102899 151909 83301 128793 116660 85952 19921 40142 27014 62305 71572 50887 31327 91420 12736 25835 55676 17240 57322 65773 35050 12133 9894 12801 14580 14213 55191 45105 5562 9386 6467 57502 14666 13270 46614 17955 6590 3323 14057 64148 44971 8209
is_linear=0
shrinkage=0.05


Tree=2
num_leaves=63
num_cat=0
split_feature=1 7 1 4 7 10 4 7 1 1 4 7 10 5 1 9 7 5 7 10 7 12 7 10 7 9 7 5 9 9 7 7 5 9 0 7 10 10 10 9 9 7 3 7 9 9 5 4 4 7 4 7 5 7 9 5 5 0 3 7 9 4
split_gain=4029.43 1929.14 1288.16 1152.27 1029.23 726.145 518.888 491.957 326.088 291.363 228.695 223.528 211.711 155.847 154.614 121.973 119.337 143.737 112.852 102.458 99.7771 94.0682 82.734 82.6742 81.2997 91.9543 78.2721 74.8726 69.4953 68.117 65.0812 62.8796 115.071 113.852 92.3684 72.9446 61.1324 61.1261 59.5904 55.3988 51.176 50.8314 57.0007 49.1521 48.8547 47.3395 46.0251 45.8828 44.5672 44.3519 44.3055 43.8415 42.6593 64.0143 63.6633 39.7551 42.158 39.7429 38.2946 38.1371 37.1677 36.2245
threshold=0.28224506974220281 0.41465428471565252 0.50076606869697582 0.49230405688285833 0.33662588894367224 8.7296881675720233 0.37806759774684912 0.33662588894367224 0.13212966918945315 0.62213659286499035 0.42436505854129797 0.54427888989448558 8.7140464782714862 2.5249279737472539 0.20411912351846698 0.078748404979705824 0.19582779705524447 2.5249279737472539 0.29816405475139623 11.990013122558596 0.54427888989448558 0.63813453912734996 0.50197508931159984 1.0000000180025095e-35 0.29702274501323706 0.061210911720991142 0.29702274501323706 3.113268375396729 0.11913395673036577 0.21800297498703006 0.41325548291206365 0.19582779705524447 2.4414010047912602 0.12834025174379352 3.4175922870635991 0.31832985579967504 11.942002773284914 12.384151935577394 11.057888984680178 0.028990741819143299 0.35804928839206701 0.36479067802429205 6.5673751831054696 0.2694301456212998 0.26859726011753088 0.46904975175857549 3.7256208658218388 0.18228475749492648 0.42332686483860021 0.073609501123428359 0.1896345913410187 0.047306261956691749 3.1567740440368657 0.12872852385044101 0.065732736140489592 3.9019216299057011 2.5249279737472539 4.0859410762786874 6.402745485305787 0.20109672844409945 0.018642326816916469 0.42436505854129797
decision_type=2 2 2 2 2 2 2 2 2 2 2 2 2 2 2 2 2 2 2 2 2 2 2 2 2 2 2 2 2 2 2 2 2 2 2 2 2 2 2 2 2 2 2 2 2 2 2 2 2 2 2 2 2 2 2 2 2 2 2 2 2 2
left_child=4 2 5 10 8 12 7 31 -1 15 22 21 23 19 -6 -4 52 18 57 41 36 55 -3 -2 25 51 -21 37 -19 -26 -16 39 34 -34 38 -36 -12 43 -33 49 -9 48 -43 -17 -45 -29 -27 -30 -8 -7 -20 -15 -10 60 -55 56 -5 -18 -11 -48 -54 -50
right_child=1 3 9 11 14 6 13 40 16 58 20 -13 -14 24 30 27 17 28 50 26 -22 -23 -24 -25 29 46 -28 45 47 -31 -32 32 33 -35 35 -37 -38 -39 -40 -41 -42 42 -44 44 -46 -47 59 -49 61 -51 -52 -53 53 54 -56 -57 -58 -59 -60 -61 -62 -63
leaf_value=-0.051942977522362578 -0.050108720040551141 -0.03441708541799466 -0.035022649304500761 -0.0022415626872966921 -0.069248126101855656 0.027386668992107305 0.010587865974582991 -0.038740243995855989 0.022835396321253323 0.026090658602136566 -0.0098114890378125687 -0.032796267129925782 0.040429179669682014 0.061392002905406799 -0.037154711550989476 0.034974892630579901 -0.010597064860334793 -0.078914613580278167 -0.036854145189941991 0.019956710018216462 -0.045479906508121289 -0.0015613543664814164 -0.052116899911632542 0.012759292999044337 -0.065861017161293181 0.012709267385773371 -0.0045709135730547445 0.011280555641285914 -0.048827646106947419 -0.0027928313249136697 -0.057148261428446846 -0.008495858091249189 -0.053812610044211166 -0.0077624499102002496 0.014066045430635341 -0.00085247284844408545 -0.03206373772646557 -0.0060014418575300163 0.0010064184194176048 0.010533639356858915 -0.019057584526745067 0.011111070255345827 -0.011265578613722347 0.0073268738017241986 0.02283795236391295 0.032180808942570541 0.0077247888554375799 -0.024522743290274589 0.035091375041006602 -0.06991676066836218 -0.016049796903232789 -0.024839291596168194 -0.042637205226402464 -0.071257309249869491 -0.0096626462717464418 -0.014069978456812005 0.020081700028334929 0.0082174166773731003 0.040383611213163986 -0.0065516140894666692 0.01967666854215892 0.017938037140323347
leaf_weight=684.0154928083648 56.893275507667568 2476.9487533444772 106.69219114299631 241.43708672514185 1299.0980537352152 16.831032497459091 2251.5525560865644 372.04251751350239 196.21141596743837 615.12453174241818 1532.5462098987773 352.90717942197807 1650.7247937489301 15.554700830020009 902.80447595310397 737.10243879375048 492.2197277151281 73.106088192667812 335.35782145132544 424.93879438610747 296.02520894585177 1285.2694706597831 900.14567203365732 646.85780024854466 43.432872519828379 2659.6226622216636 1386.6834667788353 3322.495867531281 236.14446587060229 2999.5117881826591 741.16723299818113 2362.8226209638524 140.92822429141961 2819.633803478675 2018.7631194819696 1379.133565248223 386.48428087937646 189.06844329717569 5468.369301652303 1675.7954143952811 2939.6610663478496 1623.0449035554193 345.11099754972383 567.10403680568561 4842.0298850347754 294.9867780811619 1343.9012355987215 1092.6702310129767 332.5318896707613 38.497961046115961 1080.2504803821212 281.39639859949239 26.459877909976058 49.384739979868755 278.69698603416327 106.42544750263914 1705.5271898473147 653.10921747121029 1967.831543450593 717.55776056589093 250.2431516298675 4135.515001706779
leaf_count=39906 3420 65761 1003 2570 44778 1641 13759 11127 4413 1989 19500 11150 2818 336 23059 2126 8967 5552 6062 2195 8460 13602 32958 2168 745 18603 7876 21776 13831 41287 23503 47360 5495 75043 10443 8973 5407 1612 71432 37818 65488 7302 1869 1436 13956 2032 11561 39053 1089 3080 14319 3010 3664 4561 16475 3398 7336 7367 3994 14843 11083 12575
internal_value=-1.08076e-05 0.00438521 0.00808166 -0.0166338 -0.0325311 0.0036987 0.0020203 -0.00373513 -0.0196603 0.0220002 -0.0309459 0.00504677 0.0306395 0.00798415 -0.0563561 0.0181539 -0.015025 -0.0185828 -0.0115373 0.0119987 -0.0184609 0.0090469 -0.0391349 0.00767686 0.0027552 0.00666542 0.00118235 0.0187239 -0.0314531 -0.00369302 -0.0461686 -8.79268e-05 -0.00118547 -0.00995452 0.0011265 0.00801094 -0.014293 0.0220009 -0.0018606 0.00890838 -0.0212688 0.0142542 0.00718738 0.0228623 0.0212117 0.0129849 0.00836292 -0.028842 0.0163241 -0.0403171 -0.0209784 -0.0203224 0.00257725 -0.00399514 -0.0189342 0.0156869 0.0173135 0.000131653 0.0369798 0.00275542 0.0137179 0.0192147
internal_weight=70464.4 62073.5 52789.7 9283.72 8390.94 40147.3 37792.8 19232.5 5447.87 12642.4 5592.15 3691.57 2354.48 18560.4 2943.07 10059.5 4763.85 3962.86 2560.94 10499.4 2215.06 3338.66 3377.09 703.751 8060.98 5018.03 1811.62 9952.79 1401.92 3042.94 1643.97 15920.8 14189.7 2960.56 11229.1 3397.9 1919.03 6335.3 7831.19 1731.12 3311.7 8687.76 1968.16 6146.24 5409.13 3617.48 4721.08 1328.81 6719.6 55.329 1415.61 296.951 800.996 604.785 328.082 2053.39 1946.96 1145.33 2582.96 2061.46 276.703 4468.05
internal_count=970015 703422 533280 170142 266593 483356 474950 337900 175253 49924 132086 38056 8406 137050 91340 43941 135347 95151 36715 46665 33367 26906 98719 5588 90385 48353 10071 42938 58436 42032 46562 261285 218746 80538 138208 19416 24907 19130 118792 42539 76615 36594 9171 17518 15392 23808 45007 52884 27423 4721 20381 3346 40196 35783 21036 13304 9906 16334 5983 26404 14747 13664
is_linear=0
shrinkage=0.05


Tree=3
num_leaves=63
num_cat=0
split_feature=1 1 6 6 10 10 1 6 1 1 6 6 1 10 13 9 10 1 6 9 3 10 6 5 8 3 10 5 6 9 10 6 1 6 1 9 10 7 5 9 7 5 9 3 9 9 1 5 5 1 9 9 5 9 6 6 8 9 7 7 5 9
split_gain=3433.64 1700.53 2156.13 853.542 519.965 391.742 343.826 292.596 282.926 282.877 228.071 120.117 115.391 110.38 109.381 91.4168 77.7791 77.1587 72.4321 81.0844 67.8223 64.8909 62.2102 61.8598 72.0332 57.9341 72.3784 58.3539 83.9952 57.0503 55.8711 55.567 82.6548 54.6311 54.5119 46.9171 43.1802 42.4514 42.215 45.0016 41.5009 56.9702 44.1095 41.4422 41.3766 41.0666 39.4301 39.3106 46.44 37.9042 37.1856 34.8143 34.3398 35.8616 34.0617 33.1663 33.0117 33.0109 32.3928 31.9303 36.1343 49.6474
threshold=0.28224506974220281 0.50076606869697582 0.37106516957283026 0.33662588894367224 8.8223190307617205 9.1978116035461444 0.37748888134956365 0.54272818565368663 0.37748888134956365 0.15083770453929904 0.54272818565368663 0.33662588894367224 0.20411912351846698 1.0000000180025095e-35 0.23912712931632998 0.018642326816916469 12.384151935577394 0.23368330299854281 0.44622917473316198 0.395151898264885 1.0000000180025095e-35 11.990013122558596 0.4146538525819779 2.8617925643920903 0.19915479421615603 3.0201274156570439 11.057888984680178 2.8029010295867924 0.25788049399852758 0.36249358952045446 11.756690979003908 0.4146538525819779 0.49149402976036077 0.41325548291206365 0.5767556130886079 0.35584941506385809 9.1288576126098651 0.41465428471565252 2.4414010047912602 0.46662871539592748 0.25247138738632208 2.3502402305603032 0.1727147921919823 6.5896136760711679 0.13741108775138858 0.19400765746831897 0.10569386184215547 3.9019216299057011 2.5249279737472539 0.43498201668262487 0.13476385921239856 0.48103672266006475 3.6242519617080693 0.48103672266006475 0.26767948269844061 0.22362303733825686 0.14962227642536166 0.33662384748458868 0.073609501123428359 0.089220777153968825 2.7403194904327397 0.29187391698360449
decision_type=2 2 2 2 2 2 2 2 2 2 2 2 2 2 2 2 2 2 2 2 2 2 2 2 2 2 2 2 2 2 2 2 2 2 2 2 2 2 2 2 2 2 2 2 2 2 2 2 2 2 2 2 2 2 2 2 2 2 2 2 2 2
left_child=3 2 4 9 13 50 11 8 18 46 16 15 -5 -2 37 -6 22 40 19 -4 -15 23 34 56 -25 26 36 55 -29 -16 -28 43 -33 57 38 -13 -17 -10 -7 54 41 -11 -42 -31 -26 -30 -1 48 -24 -22 -3 -20 -36 -54 -40 -27 -8 -14 -43 -19 61 -61
right_child=1 5 7 12 6 10 21 -9 14 17 -12 35 33 20 29 25 -18 59 51 -21 49 -23 47 24 44 27 30 28 45 31 -32 32 -34 -35 52 -37 -38 -39 39 -41 42 58 -44 -45 -46 -47 -48 -49 -50 -51 -52 -53 53 -55 -56 -57 -58 -59 -60 60 -62 -63
leaf_value=-0.058761474353800802 -0.04948740071857935 -0.00066919983160767876 -0.050252079015002366 -0.06684020625518361 -0.075860450680646938 0.018709051491379695 0.044350222953969266 -0.052289992896418502 -0.015141337839596335 0.013703007537450724 -0.031997941095774356 -0.037103725325473812 -0.070310607680122345 0.034706700795995291 -0.053573480354804373 0.0097231910438119774 -0.010171882861278332 0.038025197521528331 -0.068516291786556147 -0.022535595489954388 0.0049545911969690057 0.00090685319500793992 -0.0037707337948635448 0.01292585195642432 -0.039315349893399049 0.023064762976940292 0.0044337949336247665 0.0031716899601429136 -0.077939961057682777 0.0029748420510048112 -0.0051828562597619841 -0.018195753287330935 0.0087844668595946467 -0.056308855909209081 0.026350706576634471 -0.012047335241382259 -0.01267594723069323 -0.03417454564476291 0.01564800304037323 0.027484742777674917 -0.080469016624997572 0.040819807523436141 -0.025413553983508974 -0.014441730401581336 0.00050699161317911256 -0.014644596578149892 -0.036932174809352541 -0.014334264405477951 0.013572227723524583 0.032008698974869486 0.035496533683151602 -0.038124788604517512 0.012007583526319766 0.039929659517066451 0.0051685910098490453 0.0054243755633187514 0.012630742467714709 -0.033559711212095188 -0.021122829706600971 0.0054021519889100832 -0.016780510086922679 -0.014694070287639832
leaf_weight=346.86640599777456 45.069013842090499 72.970285882474855 297.85271932696924 1157.2244868768612 40.210424974793568 3639.7736939308234 82.922261179424822 749.79087966773659 545.7344120478956 165.13175110565498 263.43472930602729 226.27002275374252 66.814017905038781 1638.263410336338 67.330759202828631 238.84071436163504 300.67823180451524 37.968318275874481 104.11845820746385 2313.3010592582868 362.90843981690705 2151.5103557186667 472.78763047698885 1724.9320090272231 67.273540585068986 285.41872113570571 3129.9017306872993 1675.1907443888485 26.551137893460691 1456.0013069126289 2918.8825566828018 1539.2516468078829 348.05699928454123 651.20577164087445 2152.1439052515198 1071.6828604452312 2170.1068118903786 632.49199206696358 1263.1916273052921 375.78372197668068 37.57307752664201 21.819508871180005 1146.4286141244229 446.2308885268867 2146.3509774496779 735.67603332945146 512.53020786709385 171.49344793474302 2102.7427177105565 201.27087660098914 2737.2632106989622 992.26189494575374 944.20802783290856 130.94088089966681 2008.0723783540307 4010.0001245794119 7595.6909800809808 714.8275564329233 645.60277889942518 731.48235733993351 771.06453424069332 530.01987245457713
leaf_count=25723 3180 384 8001 45106 2576 9482 332 28653 6603 2614 9563 7990 2608 3336 1122 4693 3393 1965 3231 57091 1735 22264 4071 18748 1125 1878 52095 36681 1300 13084 48984 32082 2430 23580 5063 27098 64507 13454 7856 1833 2268 2094 30800 5180 33405 21070 26116 5681 11453 648 8603 32374 4307 389 12085 27749 34181 20630 33989 9558 32247 7434
internal_value=-7.32286e-05 0.00400767 -0.00134714 -0.0318434 0.00476842 0.0175391 0.00304709 -0.0223145 -0.0197437 -0.0196674 0.0140798 -0.00181432 -0.0550969 0.0279726 -0.0120253 -0.000570035 0.0149749 -0.0141845 -0.0302257 -0.0256972 0.0295577 0.00888302 0.015545 0.0103602 0.00526577 -0.000370736 -0.00312574 0.00309008 -0.00308929 -0.00795216 -0.000206786 -0.00714158 -0.0132201 -0.0456125 0.0172955 -0.0164154 -0.0104551 -0.0253587 0.0148996 0.0110976 -0.0211458 -0.012592 -0.0271607 -0.00111079 -0.000703236 -0.0168494 -0.0457428 0.00884518 0.0103886 0.0146061 0.0345575 -0.0410109 0.0227053 0.0154082 0.00921519 0.00659653 0.0129733 -0.0367011 -0.0190978 -0.00740469 -0.00825332 -0.00304127
internal_weight=66209.4 58672.8 42037.3 7536.56 32544.9 16635.5 30297.4 9492.42 8742.63 4946.49 13825.3 16528.7 2590.07 2247.51 5035.1 15230.8 13561.8 4087.09 3707.53 2611.15 2202.44 13768.7 13261.1 11617.2 3938.56 15190.6 8457.73 6732.84 2437.42 3856.87 6048.78 3789.54 1887.31 1432.85 10514.1 1297.95 2408.95 1178.23 7286.82 3647.05 2016.56 832.554 1184 1902.23 2213.62 762.227 859.397 2747.02 2575.53 564.179 2810.23 1096.38 3227.29 1075.15 3271.26 4295.42 7678.61 781.642 667.422 2070.54 2032.57 1261.5
internal_count=969775 703043 618880 266732 415575 84163 406676 203305 174652 174808 75176 296621 91924 8899 73955 261533 65613 122969 100697 65092 5719 110055 62220 87791 53278 258957 170279 88678 59051 53898 101079 52776 34512 46818 41015 35088 69200 20057 31256 21774 71765 38697 33068 18264 34530 22370 51839 21205 15524 2383 8987 35605 9759 4696 19941 29627 34513 23238 36083 51204 49239 16992
is_linear=0
shrinkage=0.05


Tree=4
num_leaves=63
num_cat=0
split_feature=1 1 8 8 10 10 1 8 1 4 4 8 10 5 9 1 8 8 1 10 13 3 5 8 9 4 10 10 3 1 9 1 1 8 3 10 10 4 5 9 12 4 1 9 5 0 8 10 8 3 0 12 9 3 9 3 12 5 8 9 9 9
split_gain=2978.42 1456.04 1496.44 954.718 410.74 377.491 362.553 274.146 239.015 165.7 164.352 107.876 92.3778 88.858 82.4954 77.7488 76.1996 74.0528 73.5296 72.8161 71.2627 67.1675 72.1281 63.5206 57.0114 54.2043 46.5952 43.9719 42.9222 41.7708 50.4947 49.7413 41.1143 40.4303 39.2596 36.8108 36.7632 33.4169 32.903 44.0959 32.6115 30.6294 28.1116 27.7269 26.859 26.0715 41.929 25.6673 27.4003 25.631 25.5959 24.998 24.2654 25.0011 23.9777 23.7439 23.454 23.1483 35.3593 31.3835 22.836 22.7787
threshold=0.30961325764656072 0.50076606869697582 0.35758028924465185 0.33665427565574652 8.8223190307617205 9.0806851387023944 0.1896345913410187 0.47583316266536718 0.35268995165824896 0.37692382931709295 0.18469417840242389 0.47722959518432623 8.7140464782714862 3.3140207529067998 0.64848908782005321 0.11716517806053163 0.20681538432836535 0.44318233430385595 0.55214822292327892 11.057888984680178 0.237531952559948 3.0201274156570439 2.8029010295867924 0.14666382968425754 0.68461453914642345 0.42436505854129797 11.79451894760132 1.0000000180025095e-35 3.4811217784881596 0.42367811501026159 0.30149586498737341 0.4253204762935639 0.62213659286499035 0.18855293840169909 6.6247289180755624 12.360354900360109 11.555755138397219 0.26429198682308203 3.2769666910171513 0.20401369035243991 0.66352757811546337 0.48932887613773351 0.47839723527431494 0.10099299624562265 2.5249279737472539 5.2907860279083261 0.19294874370098117 11.216727256774904 0.16997316479682925 7.1336948871612558 8.2956385612487811 1.1809911131858828 0.29559201002120977 4.7317931652069101 0.23761668056249621 3.3140207529067998 0.99983829259872448 3.1567740440368657 0.28241777420043951 0.18241413682699206 0.51456940174102794 0.12190329656004907
decision_type=2 2 2 2 2 2 2 2 2 2 2 2 2 2 2 2 2 2 2 2 2 2 2 2 2 2 2 2 2 2 2 2 2 2 2 2 2 2 2 2 2 2 2 2 2 2 2 2 2 2 2 2 2 2 2 2 2 2 2 2 2 2
left_child=3 2 4 6 12 32 15 9 19 60 -5 18 27 29 25 -1 -15 -12 35 28 -11 -8 33 -24 40 -9 -21 -2 -6 30 -10 -31 -3 -23 44 57 -32 54 39 -17 55 -36 -16 -25 -22 61 -47 -20 -49 -30 -48 -27 53 -28 -35 -13 -14 58 59 -7 -4 -33
right_child=1 5 7 10 8 11 21 14 13 20 17 24 56 16 42 38 -18 -19 47 26 34 22 23 43 -26 51 52 -29 49 31 36 45 -34 37 41 -37 -38 -39 -40 -41 -42 -43 -44 -45 -46 46 50 48 -50 -51 -52 -53 -54 -55 -56 -57 -58 -59 -60 -61 -62 -63
leaf_value=-0.054201469396108398 -0.045263379206924678 0.025551701127290299 -0.020237873404007109 -0.065919549228670035 -0.012922949156228023 0.006529415248322336 -0.019167084284507849 -0.032888321432232491 0.01082565713552232 -0.019469083670697482 -0.033143305291720798 0.052987704856625642 0.032771355049673698 0.0065278566154004444 -0.048492207899330453 -0.0060315607353408846 -0.0088944079810420098 -0.051038904065205837 0.022055184586304635 0.0039334047512726194 0.0041650905899622065 0.02400559276588568 6.9372379605581885e-05 -0.05689802147327349 -0.018594477556379614 -0.011823998110728241 -0.0037092909017855482 0.011996378980881232 0.0011222008711519855 0.028232266775676668 0.0066574930075490443 -0.013576777657542883 0.036961382070281941 0.0025508797282454507 -0.016753966588738629 -0.013920920178807869 -0.0057226559631514545 0.003362669139289134 -0.041153993600198877 -0.03137150845451301 -0.0010864832209865581 0.010535147003254459 -0.021320165405110097 -0.019235264191775583 -0.0069353610747690782 0.025897055935023502 0.0066735359980874863 0.040610570157273214 0.013404182343224508 -0.031778701498445555 -0.055816830571712495 -0.031971138003101141 -0.007256929956998579 0.01044068170245447 -0.014511915270386588 0.010574554632177817 -0.014479274426470307 0.0074106784893448394 0.011643841431039244 0.02868628605200127 -0.032317614234813732 0.016327538423752782
leaf_weight=407.85436627006857 35.86970028525684 1342.0781669283751 2002.2465348677943 870.55389439698774 2084.3851588339312 212.59848193218932 1035.1133138439618 1153.2474456888158 3000.0263918896671 804.60994179022964 1399.2878525430569 34.05213066469878 1588.7989612139063 1987.7208353520837 687.9922364144586 257.76929853134789 1341.4631587212207 985.01692782487953 3482.8878161326284 4084.5995127506321 1581.1202100818045 167.54726368468255 547.68115569720976 51.630026007536799 263.42771492269821 678.23686434002593 886.80214349459857 513.73013904760592 1044.7041919329204 468.24933728366159 1341.7083512900863 65.673586087767035 1917.8679395066574 309.00880549941212 664.1186541642528 140.2079276649747 1084.237767717801 1436.4519787835889 363.46646482957294 514.07026981806848 865.32065761112608 121.66206482308917 110.47239806479774 913.17947100766469 831.53045636950992 302.98634684132412 2732.9285409452859 97.59705887560267 1787.8668597587384 62.751423349138349 16.485242690891027 199.17830173904076 2135.2155366933439 481.75108672073111 617.02416679251473 1066.2308415435255 26.704225623048842 1840.0643741918029 2948.4036941966042 643.73830016702414 486.25564298965037 2097.3668745670002
leaf_count=31921 2731 4588 53888 36119 66559 591 33473 41005 21765 13444 44085 229 3692 28832 24009 7705 36611 36840 12556 65025 10911 1877 20063 3779 6311 12662 23243 1653 16117 1262 11942 368 4341 4714 9648 2515 8772 11840 30631 13998 9322 1225 2843 41644 16988 1347 13220 646 7124 1086 77 4929 31179 5552 10235 7611 112 15768 10712 1960 14806 9199
internal_value=7.00787e-05 0.00473939 -0.000822802 -0.025153 0.00506715 0.0170069 -0.0142528 -0.0181275 0.00327292 -0.0124666 -0.0473255 0.0132902 0.0259663 0.00747889 -0.0311168 -0.0354767 0.000313601 -0.0405364 0.0152971 -0.00236048 -0.00616815 -0.00780256 -0.00489261 -0.0135306 0.00324841 -0.0257629 0.000304634 0.00825931 -0.00869661 0.00962608 0.00648823 0.0126216 0.0322642 0.000271311 -0.00282212 0.0113863 0.00112438 -0.00141192 -0.02875 -0.0229088 0.00617576 -0.0125288 -0.0447328 -0.0212507 0.000339272 0.0112201 0.0082442 0.0195114 0.0148125 -0.000742053 0.00629885 -0.0163975 -0.00392569 0.00127171 -0.00881822 0.0118872 0.0319903 0.0120148 0.0142415 0.0231855 -0.0225983 0.0154196
internal_weight=63222.8 53347.2 36704.8 9875.66 27384.2 16642.3 6620.8 9320.67 25219.1 6491.54 3254.86 13382.4 2165.1 14438.8 2829.13 1543.16 3329.18 2384.3 11153.4 10780.2 4003.04 5077.64 4042.52 1512.49 2229.03 2030.66 7588.37 549.6 3191.84 11109.7 5425.97 5683.69 3259.95 2530.03 3198.43 5785.01 2425.95 2362.48 1135.31 771.84 1965.6 785.781 798.465 964.809 2412.65 5215.44 3052.4 5368.35 1885.46 1107.46 2749.41 877.415 3503.77 1368.55 926.033 1100.28 1615.5 5644.8 3804.74 856.337 2488.5 2163.04
internal_count=969900 640976 556702 328924 350344 84274 211880 206358 342156 120910 117044 75345 8188 133395 85448 84255 65443 80925 51872 208761 52216 127625 94152 65486 23473 58596 124999 4384 83762 67952 42479 25473 8929 28666 38772 31546 20714 26789 52334 21703 17162 10873 26852 45423 27899 24211 14644 20326 7770 17203 13297 17591 59974 28795 14949 7840 3804 29031 13263 2551 68694 9567
is_linear=0
shrinkage=0.05


Tree=5
num_leaves=63
num_cat=0
split_feature=1 1 6 6 10 10 1 6 4 6 1 1 10 4 4 6 5 6 6 12 6 1 9 9 7 10 9 5 3 10 5 6 6 0 9 5 1 13 0 5 6 6 9 10 10 5 9 7 9 13 9 7 9 9 5 5 7 5 13 3 5 1
split_gain=2538.14 1253.13 1531.19 949.838 382.876 371.015 307.414 261.096 237.259 194.282 125.848 98.9611 95.0555 84.5928 80.7924 75.4537 74.9913 73.7657 67.0593 61.2146 59.4854 57.3821 54.9902 53.1144 51.9708 51.3022 49.4652 49.027 46.723 65.8531 45.9107 69.0047 50.5826 56.8097 52.3073 45.3728 43.4276 43.2256 40.6969 38.563 37.4753 37.0801 36.7288 34.7639 34.0417 33.7017 33.5744 32.0721 30.9458 30.4274 30.1289 33.3382 33.3546 30.0203 29.7897 28.9478 29.8323 28.725 28.3468 27.5737 34.1717 27.193
threshold=0.30961325764656072 0.50076606869697582 0.37106516957283026 0.33662588894367224 8.7296881675720233 9.2525372505188006 0.17742599546909335 0.4146538525819779 0.37102721631526953 0.54272818565368663 0.20411912351846698 0.42028005421161657 8.7140464782714862 0.49230405688285833 0.26814158260822302 0.4146538525819779 2.5249279737472539 0.33662588894367224 0.4146538525819779 0.63813453912734996 0.54272818565368663 0.11716517806053163 0.41596378386020666 0.51799941062927257 0.19582779705524447 1.0000000180025095e-35 0.39815825223922735 2.4414010047912602 4.5379471778869638 11.083810329437258 3.6762205362319951 0.20510912686586383 0.31563769280910497 6.5574882030487069 0.27020142972469335 4.3372693061828622 0.55214822292327892 1.1811852455139162 7.2933578491210946 3.4811217784881596 0.19584017992019656 0.3184697180986405 0.23989140987396243 11.990013122558596 11.675503253936769 3.9981586933135991 0.3155884593725205 0.31559252738952642 0.31697301566600805 0.19826593250036242 0.0068241020198911437 0.11726542934775354 0.065732736140489592 0.12834025174379352 3.6762205362319951 2.3502402305603032 0.26113043725490576 3.0201274156570439 0.237531952559948 3.113268375396729 2.8029010295867924 0.37421239912509924
decision_type=2 2 2 2 2 2 2 2 2 2 2 2 2 2 2 2 2 2 2 2 2 2 2 2 2 2 2 2 2 2 2 2 2 2 2 2 2 2 2 2 2 2 2 2 2 2 2 2 2 2 2 2 2 2 2 2 2 2 2 2 2 2
left_child=3 2 4 6 12 38 21 11 17 15 -5 26 25 20 24 23 -17 28 46 45 22 -1 -9 36 35 -2 -4 42 29 37 32 50 -10 34 -34 -8 47 -6 -3 41 -41 -30 -26 61 -31 -18 -12 57 -19 -36 -32 -52 -53 -29 -38 56 -23 -7 -28 -16 -61 -24
right_child=1 5 7 10 8 9 14 13 30 -11 18 -13 -14 -15 59 16 19 48 -20 -21 -22 55 43 -25 27 -27 58 53 39 44 31 -33 33 -35 49 -37 54 -39 -40 40 -42 -43 -44 -45 -46 -47 -48 -49 -50 -51 51 52 -54 -55 -56 -57 -58 -59 -60 60 -62 -63
leaf_value=-0.052927221962394466 -0.049650803812109012 0.024792696116757079 -0.037414214816134557 -0.06186261560402876 -0.012389984802529999 0.019825258173324853 0.0099111966728509908 -0.063181601831627215 0.01152231130335573 -0.031813623469349267 -0.070837447631736952 -0.00026549503288068448 0.032918737059925651 -0.0061631487192477848 -0.012220816480147573 -0.011845482776727714 0.017207535916377165 -0.051593136632220926 -0.050176636501962191 -0.0016111802948311866 -0.047948702931394416 0.010758569640772205 -0.032267919006431924 0.034029695107778146 -0.0001694122494090037 0.012461521259437154 -0.025007686753456999 -0.067124694913801394 0.010278376692949225 0.0035282572747002772 -0.087997765290583063 -0.010237787571568013 -0.045567173356292984 -0.0059757293655115463 -0.0031230301332356479 -0.021098909102181148 0.019824584251018979 0.010226310701081093 0.035799809809941373 0.0038046570453977519 -0.017992071796120591 -0.0037237437281601574 -0.018096000273835271 -0.038154177327793672 -0.0040217032774533283 -0.019445499958053752 -0.029693214584090955 0.0068230810809806587 -0.013353765362095545 0.0097947252385564513 0.026703652230335957 -0.074613261848900589 0.0062337821790083327 -0.025590373524626283 0.011396360892648222 -0.038333312445057818 -0.025729376250512859 0.0083838619879300896 -0.011258622583671961 0.0050001901801155742 -0.0090312745027506299 -0.020799322187472852
leaf_weight=372.573345271172 35.444300681760069 1644.8058944488876 283.37686366442358 1005.1288228922058 2154.8310119758244 1294.9180810546968 355.24629003193695 119.54375657986384 6294.2439797545085 250.50785965379328 52.111287886160426 1247.6223393729888 1358.1292482763529 327.51108937780373 504.02391696179984 517.02365716639906 1363.4602920114994 56.213540243334137 902.9344284379622 820.7728964833077 543.063630402321 69.581115512643009 863.25992437859531 341.3423782880418 432.3810302184429 535.66464925929904 515.65292467258405 46.41713813476963 1923.5368405894842 2905.5103596768458 7.9044030500808722 865.70421387976967 46.005608062027022 985.6204788221512 526.60329792066477 176.59720619767904 3444.5576929650269 234.23563753993949 1715.7227725298144 450.40425401885295 350.77621698391158 626.91791819711216 842.41432221245486 710.9841686777072 3071.1030435574357 65.738860108191147 1021.8697086027241 2601.7018465448637 899.72510385804344 3393.2754328174051 227.99113943136763 12.989803236559963 713.53266386641189 693.47463879635325 1507.1489936257713 389.0878664709744 287.38190008886158 951.80983522336464 1373.2452076750342 1455.7368989198003 618.16832018224522 1288.0843778215349
leaf_count=31918 2903 5288 7703 45037 66555 3992 14134 3575 39540 9612 2644 14371 2771 4882 16449 4432 5786 2180 36267 9805 24711 1344 33287 1316 7501 1850 10229 3877 16062 45497 303 29297 497 7254 5442 11052 8893 4627 3932 9198 14215 5626 15321 21733 56927 2161 33024 13716 26483 19939 3770 859 10901 34521 7014 32026 6884 8386 28653 11481 25415 34416
internal_value=-9.20799e-05 0.00423678 -0.00112713 -0.0242434 0.00423765 0.0155847 -0.013155 -0.0215438 0.00262784 0.011798 -0.0474574 -0.0114886 0.0257217 -0.0304701 -0.00797121 0.0126443 0.00532587 -0.00224716 -0.0401334 0.00927169 -0.0327286 -0.0369023 -0.0299566 0.0146411 -0.0142879 0.00860669 -0.0179344 -0.0179579 -0.00115759 -0.00315607 0.00735346 4.66384e-06 0.00854809 0.00476733 0.00743725 -0.000385626 0.0139658 -0.0101726 0.0304124 0.00383061 -0.00573848 0.00683657 -0.0120157 -0.028569 -0.000351316 0.0155216 -0.0316896 0.0106021 -0.0156024 0.00805933 0.00921785 0.0100229 0.00478828 -0.028196 0.0172593 -0.0288996 -0.018617 0.0149782 -0.015012 -0.00173142 0.000817836 -0.0254013
internal_weight=60693.3 51468.2 34948.7 9225.13 27676.4 16519.5 6243.08 7272.34 25747.1 13159 2982.04 3419.9 1929.24 3852.45 5124.46 12908.5 2767 12673.3 1976.92 2249.97 3524.94 1118.62 2981.87 10141.5 2546.53 571.109 2172.27 2014.69 11717.3 8365.68 13073.9 1828.12 11245.7 4951.5 3965.88 531.843 9800.14 2389.07 3360.53 3351.64 801.18 2550.45 1274.8 2862.33 5976.61 1429.2 1073.98 4848.43 955.939 3919.88 962.418 954.514 726.522 739.892 4951.71 746.051 356.963 2246.73 1888.9 2577.93 2073.91 2151.34
internal_count=969484 640589 556256 328895 372696 84333 211923 183560 365172 75113 116972 60956 7524 122604 139751 65501 22184 247370 71935 17752 117722 72172 93011 43317 86406 4753 46585 61220 218707 173606 117802 45130 72672 33132 25878 25186 42001 71182 9220 45101 23413 21688 22822 89436 102424 7947 35668 26094 28663 25381 15833 15530 11760 38398 15907 40254 8228 12378 38882 53345 36896 67703
is_linear=0
shrinkage=0.05


Tree=6
num_leaves=63
num_cat=0
split_feature=1 6 1 10 10 1 6 1 6 6 1 1 10 0 6 9 2 5 6 6 1 12 9 6 9 9 10 10 5 6 9 9 5 5 6 5 1 6 9 9 0 12 10 1 10 9 6 6 9 12 0 0 1 3 9 5 1 10 10 3 9 0
split_gain=2150.46 2075.36 613.213 483.889 447.731 371.327 364.213 235.537 176.685 132.205 125.283 121.475 116.892 97.6584 82.8859 117.425 67.9444 83.1813 109.596 67.8249 66.8213 50.9987 50.0189 48.083 45.6167 43.3196 40.4805 38.6033 37.743 36.1051 47.8591 34.8848 40.1328 33.6822 33.5136 32.3248 30.1851 34.2216 46.4942 42.7962 31.4765 33.94 31.7607 30.1019 28.9355 28.9296 47.2913 27.9886 28.5914 27.1502 27.1446 26.8432 26.6658 49.5708 26.5462 26.1393 25.8731 50.1293 31.9438 25.6949 25.7606 25.3376
threshold=0.42367811501026159 0.35774034261703497 0.23368330299854281 9.2525372505188006 8.7296881675720233 0.28572486340999609 0.4146538525819779 0.49149402976036077 0.44622917473316198 0.54272818565368663 0.13212966918945315 0.55214822292327892 8.7140464782714862 8.0632195472717303 0.31563769280910497 0.28499121963977819 0.26815462112426763 2.8029010295867924 0.15302856266498568 0.36248724162578588 0.18473526835441592 0.66352757811546337 0.35804928839206701 0.2657808661460877 0.074274059385061278 0.20200094580650332 11.990013122558596 1.0000000180025095e-35 2.3502402305603032 0.22747477889060977 0.14318896830081942 0.46664221584796911 3.5972183942794804 2.3502402305603032 0.188193254172802 2.5249279737472539 0.4253204762935639 0.28054267168045049 0.22061753273010257 0.15933437645435336 5.9229171276092538 1.1032083630561831 11.216727256774904 0.37421239912509924 12.384151935577394 0.094596564769744887 0.17414735257625583 0.44361171126365667 0.37809175252914434 0.21620938926935199 4.1190040111541757 6.2314648628234872 0.50566896796226513 7.3359596729278573 0.64325284957885753 3.1567740440368657 0.36700704693794256 11.057888984680178 11.602254390716555 6.7111318111419687 0.40549814701080328 3.2384861707687382
decision_type=2 2 2 2 2 2 2 2 2 2 2 2 2 2 2 2 2 2 2 2 2 2 2 2 2 2 2 2 2 2 2 2 2 2 2 2 2 2 2 2 2 2 2 2 2 2 2 2 2 2 2 2 2 2 2 2 2 2 2 2 2 2
left_child=1 2 10 13 12 20 11 54 22 21 -1 19 27 52 16 -16 45 -18 -19 36 -3 35 -7 33 -20 -25 43 -4 56 -26 -31 32 51 61 -35 -9 -5 39 -39 40 42 -42 49 -24 -23 46 -6 48 -22 -38 -45 -13 53 -2 -8 -40 57 -17 -58 60 -21 -12
right_child=3 5 4 6 14 8 7 9 -10 -11 23 31 -14 -15 15 28 17 18 24 59 47 44 26 25 29 -27 -28 -29 -30 30 -32 -33 -34 34 -36 -37 37 38 55 -41 41 -43 -44 50 -46 -47 -48 -49 -50 -51 -52 -53 -54 -55 -56 -57 58 -59 -60 -61 -62 -63
leaf_value=-0.047600271644585766 0.016271418119054637 -0.063987260783441635 -0.039895334035368629 0.021813555193350018 -0.0073260551966122765 -0.049731405433705828 -0.021501870978972434 -0.0078945231001968375 -0.039285338982091009 -0.032854379371301951 -0.034174541749451205 0.015836765316398323 0.032166428278466802 0.036175063282086105 -0.044702209810683659 -0.011300079786376649 0.0087060752495081214 0.013818661882668891 -0.054053616469500756 -0.0084116708869793558 -0.059735645402695339 -0.0023881748186869094 -0.019493980296439548 -0.070429939133610883 0.00081658998839567807 -0.024236737930371365 -0.027701394516428481 0.0070287635603133204 -0.013255627721003142 -0.077024477223627194 -0.0099550024132219871 0.028830530316064654 0.0088119773354293583 -0.0041741735380064187 -0.027792420512440838 0.0117417657006905 0.020284837616219596 -0.045981751065229504 0.0085564674150430068 0.016322951746872594 0.0044350812762106399 0.029281508610882204 0.005744150158075805 0.0016357669809054275 -0.036789929974112588 -0.0028690842923651209 -0.056393912326567465 -0.053860696073186935 -0.033970832675397522 -0.029263594287997092 -0.015101922509704569 0.025997280634935394 0.023985978651589236 -0.038381763545936087 -0.039981614768554503 -0.00099273871863611606 0.008201067007880378 -0.0016362505113015108 -0.0077649076539175483 -0.0083588098823144559 0.0064119048627466931 0.01350481953936214
leaf_weight=509.48187848078669 1013.818781008129 664.99965427722782 50.47094612813089 499.31168474443257 183.41100422583986 132.59810749691678 817.96023986965884 240.6184485736303 1625.3374574460322 261.96736500435509 32.807595058111474 2128.2643229551613 1336.9270123764873 1472.039348280523 180.92843867192278 1829.8879014572594 4391.1638684154022 853.8483685272513 50.20860054413788 364.8480648403056 129.88287540694 1006.5886178915389 1721.9723500198452 53.201911503158044 1110.0947573931189 1102.9591517266817 895.16778780228924 333.11077828565612 990.87928288208786 27.122612699517049 1376.1185842740815 570.59052453818731 1436.681384601281 284.91386432480067 317.65906565391924 1624.9311007687356 33.415515501983464 41.425871580839157 4962.7071344528813 2686.0872499980032 467.65297562163323 194.65146368346177 274.1052700530272 393.52523068978917 65.075390316313133 3477.515129514155 67.059054289013147 473.83274992974475 629.78942496288801 160.16390405828133 630.06745514890645 935.90072958124802 1853.8095795693807 43.259514941833913 254.89346196595579 837.58755390369333 988.89120767614804 5032.5001716827974 458.55249526374973 606.54128883080557 1490.0042305020615 184.91898884414695
leaf_count=42603 5645 30540 3819 1860 12792 5242 22967 2110 67355 10699 1154 5549 2838 3446 5293 39205 30769 18553 2684 3966 5231 12172 53592 3474 29544 37088 23360 1303 33940 1403 42480 1543 7039 23491 22056 9532 275 601 22359 22214 3318 1424 2281 5736 1116 98427 4791 20679 23887 1693 11578 2378 5491 242 9159 14966 6602 60062 3330 6335 11854 3031
internal_value=-0.000106884 -0.00870814 -0.00191462 0.010511 0.000663042 -0.0321918 0.00748385 -0.00561876 -0.0255032 0.00118005 -0.0254923 0.0106481 0.0251856 0.0256797 -0.00134432 -0.00480778 0.00150221 0.00415352 -0.00169626 0.00802135 -0.0512117 0.00421555 -0.0195666 -0.0197934 -0.00686387 -0.0263624 -0.018468 0.000854581 -0.0040317 -0.00592116 -0.0112514 0.0171837 0.0157072 -0.0105348 -0.016625 0.00920908 0.00982589 0.00920613 0.00680055 0.0128886 0.00472494 0.0117375 -0.00520573 -0.0154575 -0.00447718 -0.00405117 -0.0204631 -0.0443242 -0.0383759 -0.0207106 -0.00866704 0.0189401 0.0203722 0.0140348 -0.0258924 0.00717752 -0.00293182 -0.00421316 0.00314302 0.000574805 0.00349612 0.00632037
internal_weight=58866.7 32521.8 25224.6 26344.9 22738.7 7297.17 21962 4272.03 5398.67 3199.18 2485.94 17689.9 1720.51 4382.93 21018.2 9481.64 11536.5 7808.56 3417.39 12618.5 1898.5 2937.21 3773.33 1976.46 2563.54 1156.16 3640.73 383.582 9300.71 2513.34 1403.24 5071.44 4500.85 820.3 602.573 1865.55 10157.1 9657.8 5841.72 3816.08 1129.99 662.304 467.685 2745.57 1071.66 3727.99 250.47 1233.51 759.672 193.579 1023.59 3064.17 2910.89 1057.08 1072.85 5800.29 8309.83 6862.39 1447.44 2461.39 1854.85 217.727
internal_count=970166 777932 530732 192234 397835 247200 177410 67755 166863 35629 132897 109655 7960 14824 389875 148432 241443 125433 94664 93146 80337 24930 99508 90294 76111 40562 94266 5122 143139 73427 43883 16509 14966 49732 45547 11642 70991 69131 37926 31205 8991 4742 4249 70906 13288 116010 17583 49797 29118 1968 17314 7927 11378 5887 32126 37325 109199 99267 9932 22155 15820 4185
is_linear=0
shrinkage=0.05


Tree=7
num_leaves=63
num_cat=0
split_feature=1 1 6 6 10 10 1 6 1 6 1 1 12 7 5 6 1 5 7 7 9 10 3 9 1 10 1 10 7 0 12 7 5 10 0 6 7 5 9 10 9 1 2 10 10 2 10 9 6 9 5 7 9 9 5 7 7 9 6 9 2 5
split_gain=1935.95 1009.3 1185.42 742.857 330.859 287.447 247.47 204.137 168.929 162.203 102.34 91.7081 65.8839 55.3057 58.4266 53.1121 52.1381 47.9007 71.704 52.9817 51.3018 47.207 49.0824 46.665 46.3662 43.1784 40.4476 37.6463 36.6895 36.5044 36.2355 52.6268 36.0193 35.5399 34.3496 34.0373 32.3386 39.6726 37.931 31.8986 31.644 30.4809 29.2301 28.5358 27.9327 26.8187 26.442 26.3837 25.104 29.3246 27.2357 24.8928 26.1534 23.745 23.2648 33.2493 22.0551 24.2871 21.3285 22.1726 20.9791 20.67
threshold=0.30961325764656072 0.50076606869697582 0.37106516957283026 0.33662588894367224 8.8768234252929705 9.0806851387023944 0.17742599546909335 0.44622917473316198 0.37421239912509924 0.54272818565368663 0.20411912351846698 0.41913609206676489 0.99983572959899913 0.29702274501323706 2.8617925643920903 0.44361171126365667 0.55214822292327892 2.6735538244247441 0.21439193189144137 0.31710684299469 0.15512134879827502 11.04623603820801 4.2972624301910409 0.37809175252914434 0.49149402976036077 1.0000000180025095e-35 0.10569386184215547 11.70258665084839 0.18944921344518664 8.0632195472717303 0.51320025324821483 0.40593741834163671 3.5114340782165532 11.990013122558596 5.5353620052337655 0.20510912686586383 0.34268979728221899 4.1666352748870858 0.40549814701080328 11.688188552856447 0.45604032278060919 0.26814509928226476 0.17089460790157321 9.0806851387023944 11.756690979003908 0.40731377899646765 11.65768337249756 0.33662384748458868 0.082435581833124175 0.039986019954085357 3.8815106153488164 0.22953020036220553 0.13476385921239856 0.15662613511085513 2.6020033359527592 0.29702274501323706 0.25247138738632208 0.15933437645435336 0.39164464175701147 0.41596378386020666 0.48318532109260565 1.7005987167358401
decision_type=2 2 2 2 2 2 2 2 2 2 2 2 2 2 2 2 2 2 2 2 2 2 2 2 2 2 2 2 2 2 2 2 2 2 2 2 2 2 2 2 2 2 2 2 2 2 2 2 2 2 2 2 2 2 2 2 2 2 2 2 2 2
left_child=3 2 4 6 12 29 26 11 21 16 -5 23 25 32 27 47 36 19 48 28 -20 22 43 -4 44 -2 -1 46 -8 -3 -18 40 56 58 -29 -34 38 -38 -7 51 -32 -21 -30 -6 -9 -24 -15 -12 -19 50 -50 -23 -53 -37 55 -28 -10 -58 -25 -60 -48 -44
right_child=1 5 7 10 8 9 17 24 13 -11 15 -13 -14 14 -16 -17 30 18 20 41 -22 39 45 33 -26 -27 54 34 42 -31 31 -33 35 -35 -36 53 37 -39 -40 -41 -42 -43 61 -45 -46 -47 60 -49 49 -51 -52 52 -54 -55 -56 -57 57 -59 59 -61 -62 -63
leaf_value=-0.05144832619272767 -0.044970907133364484 0.022670690563604545 -0.044233144276201654 -0.057583599401022527 0.0092568979644299318 0.010454022456737176 0.037271978288120435 -0.030429712154193274 0.015670847533412899 -0.032016519268361597 -0.059743921577301566 -0.004328770530483912 0.028257854900804791 0.0056955003267375242 -0.0091105208043688914 -0.049571828039131995 0.019769912545760188 0.026672125562042921 -0.068719686432713575 -0.021262891345935082 -0.020373447308861831 0.012851810484291208 0.0087112651324256895 -0.008743470484757895 -0.0096175297487296404 0.013365257207949489 -0.0052691429532590638 0.0050291485056295701 -0.016491800635861677 0.033218485094396705 0.012821621016348551 0.00022976491351110008 0.0081194694639078278 -0.028223507620814249 -0.011628533626279478 -0.073925160069148621 0.0055789039991040786 -0.022470030125319309 0.037820955939790353 -0.0034165465742380208 0.028222468625619987 -0.0051817009195878963 0.0092494401048464677 -0.013610802762217135 -0.042781502150438723 -0.0062830495699860659 -0.016156883451942765 -0.029154477131767744 -0.0050792980325951005 -0.0025333063151851522 -0.0756278300125241 -0.071678860955674675 0.001438564242671427 -0.0051177473021890105 -0.038176201323842529 -0.033735754330043929 -0.061531411218886979 0.0088075973628775409 -0.046851050040286078 -0.017340253222505219 0.023145143914966054 -0.0023665640346619641
leaf_weight=259.37453643721528 32.791894596710335 1957.2584581603296 177.20200572308386 900.74476052279351 146.47628509806236 3113.5515159366187 70.396615991834551 1442.9888074180344 2012.2294131653616 218.92810334498063 75.116821796982549 1618.7144967217464 1395.6440665193368 3449.0101944941562 909.4465061489027 565.90191112656612 2211.8279657987878 66.315310108358972 58.641184122941922 486.41897504776716 853.59391466795933 523.38956892851274 550.91491198749281 904.54697179223876 208.20785550656728 970.20722715021111 190.92499649350066 648.26017025345936 222.22671679942869 1412.075961407274 2814.791070321342 789.52601164975204 1229.2559949042043 601.58768464846071 592.19222613982856 12.82736224378459 2768.1411248778459 132.08115220023319 131.98105088807642 4490.1233326722868 378.3702581836842 747.48326350282878 700.86208432517014 1987.4989386596717 670.34479587338865 650.12916158954613 37.543520116945729 1144.642553247395 27.128255419665948 644.48764673550613 27.597870016237721 12.271166396094484 3643.4857640218688 556.58996867656242 343.64067313645501 221.67527820495889 12.342225586064158 2163.7320268643089 68.614197876071557 879.65304285881575 355.19108191737905 844.34919318731409
leaf_count=25774 2903 5421 5412 44954 3509 16742 683 58947 12561 9530 4036 24248 3444 19581 22799 25905 8564 4249 5008 9542 44060 14309 8383 19175 3329 4639 5587 4615 6580 3438 10013 7112 16424 16429 4425 704 17987 3359 981 82598 1067 7801 8105 71806 25480 13522 264 41847 1164 35886 3711 798 54834 17141 35181 5895 172 12847 2314 28293 922 12993
internal_value=-3.10257e-05 0.00378935 -0.00120573 -0.0221273 0.00352741 0.0141233 -0.0120084 -0.0202061 0.0017566 0.0106444 -0.043843 -0.0136933 0.021233 0.00595744 0.00256132 -0.0369118 0.0114012 -0.00721801 -0.0140123 -0.00350702 -0.0234813 -0.00243526 -0.00749056 -0.0194536 -0.0321297 0.011458 -0.0344103 0.00464997 0.00187355 0.0270912 0.0146384 0.0117886 0.0093562 -0.0176645 -0.00292323 0.00343818 0.00813832 0.00430151 0.0115669 -0.000490515 0.0146465 -0.0115211 0.000463641 -0.0120412 -0.0343477 0.000594793 0.00709527 -0.0310383 -0.00272867 -0.00551712 -0.0406563 0.00265325 0.00119313 -0.00666778 -0.0285667 -0.0205632 0.0118977 0.00840865 -0.0142361 -0.0194756 0.0193881 0.00290211
internal_weight=57333.5 48881.9 32953.4 8451.52 26381.6 15928.5 5765.12 6571.86 23982.9 12559.2 2686.41 4250.32 2398.64 11978.6 5991.64 1785.66 12340.3 4749.5 1677.76 3071.74 912.235 12004.3 3335.02 2631.6 2321.54 1003 1015.62 5082.2 1837.83 3369.33 6194.52 3982.69 5986.98 2454.4 1240.45 1798.67 6145.75 2900.22 3245.53 8669.27 3193.16 1233.9 1767.44 2133.98 2113.33 1201.04 3841.74 1219.76 765.529 699.214 54.7261 4179.15 3655.76 569.417 756.241 412.6 4188.3 2176.07 1852.81 948.267 392.735 1545.21
internal_count=970002 641041 556827 328961 373200 84214 212219 183627 362214 75355 116742 95871 10986 112455 52606 71788 65825 139782 94078 45704 49068 249759 97220 71623 87756 7542 72437 29807 28361 8859 26756 18192 59849 66211 9040 34269 39069 21346 17723 152539 11080 17343 27678 75315 84427 21905 20767 45883 45010 40761 4875 69941 55632 17845 46663 11482 25580 13019 49782 30607 1186 21098
is_linear=0
shrinkage=0.05


Tree=8
num_leaves=63
num_cat=0
split_feature=1 6 1 10 1 10 6 6 6 1 1 6 9 4 10 0 12 6 5 4 10 4 9 9 0 10 0 5 6 10 0 10 6 5 9 10 5 6 13 5 6 9 9 9 9 6 9 9 4 9 0 9 5 8 6 9 5 5 6 6 9 5
split_gain=1692.02 1649.48 484.282 357.265 293.551 291.381 280.094 150.912 148.133 167.183 102.111 98.1285 176.309 91.4372 90.4486 80.1189 71.197 65.6723 61.4325 54.293 50.7351 50.4915 44.2101 43.306 42.4373 38.8563 38.3626 57.902 45.9749 38.0394 33.3662 31.8861 30.5998 41.8504 29.8789 29.6243 28.7197 36.2562 28.5642 26.5722 26.5647 28.7866 25.8779 25.4256 25.3845 32.4354 25.2344 24.7899 23.469 23.3731 23.0911 22.4728 32.3026 26.3862 23.7531 22.3011 22.2936 24.6177 21.2353 20.9989 29.5522 25.4098
threshold=0.42367811501026159 0.35774034261703497 0.23883192986249926 9.2525372505188006 0.28224506974220281 8.7296881675720233 0.54272818565368663 0.44622917473316198 0.4146538525819779 0.49149402976036077 0.13212966918945315 0.2657808661460877 0.20400134474039081 0.5510709583759309 8.7140464782714862 8.0632195472717303 0.64685228466987621 0.31563769280910497 3.0677825212478642 0.33664216101169592 11.083810329437258 0.18228475749492648 0.36249358952045446 0.018642326816916469 6.6073255538940439 8.8223190307617205 4.1510088443756112 3.3842465877532963 0.13008482009172442 11.990013122558596 4.9663290977478036 1.0000000180025095e-35 0.2657808661460877 1.4978661537170412 0.053262718021869666 11.390254974365236 2.6735538244247441 0.19793051481246951 0.23912712931632998 2.8029010295867924 0.16148764640092853 0.023774610832333568 0.36249358952045446 0.078748404979705824 0.082432270050048842 0.18078651279211047 0.20897566527128222 0.29559201002120977 0.37806759774684912 0.28051759302616125 8.8337740898132342 0.43061585724353796 3.4811217784881596 0.13860223442316058 0.29058064520359045 0.48103672266006475 2.5249279737472539 3.9981586933135991 0.47508443892002111 0.20738079398870471 0.14920332282781604 2.2499048709869389
decision_type=2 2 2 2 2 2 2 2 2 2 2 2 2 2 2 2 2 2 2 2 2 2 2 2 2 2 2 2 2 2 2 2 2 2 2 2 2 2 2 2 2 2 2 2 2 2 2 2 2 2 2 2 2 2 2 2 2 2 2 2 2 2
left_child=1 2 10 15 21 14 8 22 13 -10 -1 23 -13 17 31 -2 56 36 19 20 30 -3 -6 -7 38 -12 44 -28 -29 48 -14 -4 39 47 -30 -21 -5 -38 -19 -27 41 -41 -39 -42 45 -25 -35 -34 -24 -40 -17 52 -15 -54 -53 -9 -11 -58 -23 -46 61 -61
right_child=3 4 5 6 7 11 -8 55 9 16 25 12 18 51 -16 50 -18 24 -20 35 -22 58 29 26 -26 32 27 28 34 -31 -32 -33 33 46 -36 -37 37 42 49 40 43 -43 -44 -45 59 -47 -48 -49 -50 -51 -52 54 53 -55 -56 -57 57 -59 -60 60 -62 -63
leaf_value=-0.0439615108711729 0.018043170648304008 -0.059840744012246642 -0.040383002018528735 0.014651858096340419 -0.046662051638475803 -0.061909324120392545 -0.034476617397853314 -0.059137816221098032 -0.022057539850732156 -0.0042267145284395494 -0.048551786645791427 -0.059466327505760766 -0.012899784851687447 0.017176170207538921 0.02777129436463149 0.030699754265471148 -0.0062337841006351643 -0.002589876107667346 -0.013733773015329282 0.0076095263395346254 -0.0014130790540118482 -0.037301956616187272 -0.017614437855070282 -0.0092190973747580396 -0.0042504288852298804 0.0021175297361698681 0.01373091172413661 0.014325209099832068 -0.072960430110471194 -0.026485236275099567 0.00041382586835312079 0.0050211918715157263 0.0040084168345060076 -0.06544524247502527 -0.0040624631171622396 -0.00090398806027809208 0.014673032750086887 0.0019294907580088138 -0.036498571677838772 -0.053707414193173902 -0.071724089585469539 0.0063614706114692825 0.02012140791314972 -0.020960139952772797 0.010092026084272362 -0.066976807037040648 -0.028061379141656562 -0.019230931501022799 -0.007668771074695999 0.0080499710801555657 0.054363501337694124 0.054577435671803565 0.025701805544133916 0.0049048015615788714 0.020205071640735213 -0.035333310898940977 0.01354729768985407 -0.014765005538923855 -0.053024622126610993 -0.0016169449907436355 0.0016001951077125331 -0.035091053063826948
leaf_weight=463.37624310009414 3012.7142186483834 585.38990101544186 43.765557860780973 2850.4041457767598 130.36730834486661 24.276802140229847 401.32209944608621 105.80384980991948 773.01280592475086 239.28092238889076 98.114999866636936 137.62500395078678 1967.6649426689837 2402.0799822132103 1226.5000728070736 1251.7522817086428 1060.0293596722186 819.52666900819167 1139.5921546862228 1945.9005253352225 6377.6951186727965 784.44206845836015 1640.8575481283478 190.50005153083475 1332.9641618537717 325.74802698730491 1999.1795491705416 431.02250775252469 15.985138762043787 803.21958102029748 618.53843482537195 331.97075631190091 170.01154130045325 49.623831460485235 1009.3051197730238 2151.6795182484202 1216.5629775467096 1878.5973904200364 29.675219475990161 22.843163294077385 27.151432805461809 157.19584064808441 218.18841271242127 269.46863430028316 505.8343354704557 27.86271440947894 499.6120781833888 353.06066159810871 928.96580946550239 3770.9391911800485 112.34230354055762 52.901667300611734 174.80779626849107 1196.0007416456938 1007.3759576745797 1404.0401123474585 1531.8172968225554 80.829373372718692 295.71400268014986 113.65811675181612 1043.96191408101 113.11217428231612
leaf_count=42686 11330 29673 3765 10698 5765 4055 19031 4462 23691 2034 5784 6280 54698 6484 2828 3151 13626 9239 50138 17640 88280 34529 54351 11919 12857 7624 17845 7768 1209 23823 6262 1298 3624 3687 35475 17703 11254 21344 471 3639 3302 12530 2679 21896 23126 2934 25035 7452 17068 24675 287 165 997 5961 3041 63953 6778 2489 13899 2657 32933 4707
internal_value=6.72305e-05 -0.00786616 -0.00171632 0.00959819 -0.0298289 0.000686659 0.00689404 -0.0237869 0.00769864 -0.00138715 -0.0228399 -0.000971856 -0.00314613 0.00967391 0.021196 0.0225952 0.00410005 0.00735455 -0.00260032 -0.00162894 -0.00380846 -0.0480152 -0.0180919 0.00472274 0.00360899 -0.0178788 0.00501953 0.00820679 0.000623451 -0.0169877 -0.00971559 -0.000267463 -0.0162735 -0.0217994 -0.00513664 0.003139 0.0109721 0.0078065 0.00587653 -0.00888898 -0.0164108 -0.00126001 0.00382251 -0.0256069 -0.000501252 -0.0165889 -0.031439 -0.0116776 -0.0140192 0.00770214 0.0326486 0.0154886 0.0136812 0.00755687 0.0219201 -0.0370014 0.0100151 0.0121282 -0.0416063 0.00147612 -0.00195357 -0.0183137
internal_weight=55943.8 30530.6 23851.8 25413.1 6678.8 21415.6 21036.3 5013.25 20635 3684.97 2436.21 19813.4 14338.7 16950 1602.24 4376.81 2911.96 12116.9 14201.1 13061.5 8963.9 1665.55 3503.41 5474.7 5953.11 1972.83 5450.42 3455.49 1456.31 3373.04 2586.2 375.736 1874.72 1072.31 1025.29 4097.58 6163.75 3313.35 4620.14 802.407 476.659 180.039 2096.79 296.62 1994.93 218.363 549.236 523.072 2569.82 3800.61 1364.09 4833.17 3772.89 1370.81 1060.28 1509.84 1851.93 1612.65 1080.16 1776.57 1270.73 226.77
internal_count=970584 778302 530779 192282 247523 393520 177514 169422 158483 48618 137259 385629 241001 109865 7891 14768 24927 93217 234721 184583 149240 78101 101007 144628 47242 94573 140573 62297 44452 95242 60960 5063 88789 39798 36684 35343 45975 35277 34385 48991 41367 16169 24023 25198 78276 14853 28722 11076 71419 25146 3438 16648 13442 6958 3206 68415 11301 9267 48428 63423 40297 7364
is_linear=0
shrinkage=0.05


Tree=9
num_leaves=63
num_cat=0
split_feature=1 10 7 7 1 4 1 7 1 0 7 7 3 4 13 1 12 9 10 7 4 7 5 9 9 5 4 5 7 5 3 3 10 9 7 7 7 7 7 5 10 1 9 9 9 9 9 3 0 7 9 5 9 0 3 3 13 12 10 5 9 4
split_gain=1488.58 747.23 576.524 571.188 520.893 408.83 219.017 148.822 102.203 95.5958 78.5767 74.9712 74.679 67.2344 65.3887 88.804 58.6221 54.3444 43.8571 43.806 43.5695 40.7252 42.8217 44.7707 40.5596 39.4347 39.3313 36.5804 35.6623 35.8388 34.4464 31.696 30.9628 30.8217 28.7351 28.6437 27.8999 27.276 26.2965 26.1879 25.471 25.0523 24.1957 24.1584 23.2676 22.8431 22.6033 21.7732 21.4906 21.1016 25.9009 21.049 20.6591 20.4917 20.3096 20.6933 23.9775 20.3 20.1615 20.0193 23.0458 19.8163
threshold=0.30649603903293615 9.0806851387023944 0.41465428471565252 0.35773816704750067 0.49149402976036077 0.39164464175701147 0.17742599546909335 0.33662588894367224 0.55214822292327892 8.0632195472717303 0.54427888989448558 0.37106516957283026 3.3842465877532963 0.18871082365512851 0.82809683680534374 0.51209816336631786 0.50477296113967907 0.28499121963977819 11.045327186584474 0.50197508931159984 0.26575297117233282 0.25247138738632208 2.0126758217811589 0.18405647575855258 0.46664221584796911 3.0201274156570439 0.095312628895044341 3.3842465877532963 0.19202751666307452 2.5249279737472539 7.3359596729278573 6.6883537769317636 1.0000000180025095e-35 0.082432270050048842 0.31559252738952642 0.14837906509637835 0.38216528296470648 0.4762252420186997 0.15953581035137179 3.5972183942794804 11.79451894760132 0.43374226987361914 0.41401511430740362 0.38796003162860876 0.33140519261360174 0.094596564769744887 0.08653349801898004 3.113268375396729 8.9315090179443377 0.37707960605621343 0.41401511430740362 2.6020033359527592 0.37809175252914434 8.8337740898132342 6.8819243907928476 7.5883235931396493 0.30981232225894934 0.19018665701150897 12.384151935577394 2.3502402305603032 0.20401369035243991 0.60228624939918529
decision_type=2 2 2 2 2 2 2 2 2 2 2 2 2 2 2 2 2 2 2 2 2 2 2 2 2 2 2 2 2 2 2 2 2 2 2 2 2 2 2 2 2 2 2 2 2 2 2 2 2 2 2 2 2 2 2 2 2 2 2 2 2 2
left_child=3 9 5 6 19 7 26 12 11 14 16 21 18 -5 -2 30 51 27 -3 -4 28 25 -23 -24 39 -7 -1 -14 -8 34 32 -13 -16 -20 -30 -29 -26 52 -27 54 -35 -25 48 -18 -9 -37 -40 -22 -43 -46 -51 -6 -15 -11 61 56 -56 -48 -45 60 -28 -10
right_child=1 2 4 13 10 8 20 44 24 53 -12 31 17 37 15 -17 43 -19 33 -21 47 22 23 41 36 38 59 35 29 -31 -32 -33 -34 40 -36 45 -38 -39 46 -41 -42 42 -44 58 49 -47 57 -49 -50 50 -52 -53 -54 -55 55 -57 -58 -59 -60 -61 -62 -63
leaf_value=-0.052973598598126392 0.026193144982297994 -0.010718524710764194 -0.024702072600001693 -0.057194590722738296 -0.0041910623925902812 0.018671784904124879 0.00084058654379621199 -0.036755947926384924 0.010764659948828185 0.029565452724928071 -0.028176269038478297 0.00060504798071354471 0.011065784829388699 -0.050663913934556472 -0.041008001070538154 0.020932703397982314 -0.060758806259620213 -0.0027780517884198191 -0.036262937787283268 -0.038148219003216105 -0.012628844438277709 0.0086935181254125526 -0.051558873509760329 -0.0047090337058590757 0.039874046648476276 0.014704216046428881 0.0032775374727714193 0.010070295105647541 -0.004131665371221469 -0.025019254220112187 -0.036793680574261474 -0.014015088726350433 0.0073692186485219196 0.0015444856118771175 -0.019435878939612908 -0.056878615275611548 0.01740970821402564 -0.048663540074453733 -0.060427316079988948 0.0069428076335707467 -0.0053918419149060984 0.0030618330639288569 0.016282479725011883 -0.0026033480194771362 -0.0081603574940221964 -0.0062296017340884389 -0.014493600177681996 -0.00063943549697146381 -0.08506717108596934 -0.033455785422155875 -0.014183276586498204 0.012121849859979231 -0.030310946209104773 0.052852287771632957 0.0017282188960195727 0.0088686588669628849 0.038000413068146201 0.0062358916983552308 -0.034703844122281578 -0.036125384078321381 -0.026635219560943408 0.020989755054905898
leaf_weight=206.22978700796375 1226.3116163520026 1781.0518848915817 2058.1288473402383 599.82196131051751 233.39639197406359 1360.026441922877 404.43123708904022 105.97539800289087 1726.988007674925 1204.3259987328202 219.02260961011052 1692.9102394292131 2392.3710133106215 144.51188016578089 33.677053525403608 1779.390948833432 18.871473895618692 1885.9454481736757 63.753935870190617 858.34967376827262 472.27726970071672 5102.8534955768846 38.988240194390528 963.47420403768774 241.23233585245907 875.25276666483842 81.866990494425409 347.76536632189527 728.61247565562371 651.8041834042524 47.084271764149889 474.65711163706146 1849.6733775362954 3232.1330216303468 529.68370021297596 23.334674007026479 323.65503370715305 384.51267154037487 13.627501682960427 1332.2867067081388 2241.2721956855385 2547.8710959218442 384.07673153630458 1315.0737810230348 1226.0044811953558 484.03259041067213 130.38423038623296 1910.6238214232726 6.9363565547391763 208.82711323740659 1055.397415015148 1294.6280665267259 908.51747539284406 102.51224012672901 54.778629904612899 139.29298575595021 270.77220040373504 1253.8029185382184 50.804309468250722 411.79151043010643 301.6214424384525 652.99852083204314
leaf_count=22270 4307 63882 75919 32133 1724 6046 23516 4617 4955 3161 10587 18806 19905 7020 2763 4857 219 26888 6041 41831 17510 24318 1032 17157 640 8909 2112 7696 14722 41947 468 6796 14860 52322 11934 1590 903 18785 710 7067 44044 25642 4149 15147 34041 19025 1684 38727 45 7285 26847 7156 38688 280 177 383 671 17180 1090 43551 9297 1731
internal_value=-8.93322e-05 0.00326088 0.000789272 -0.0204107 -0.0134541 0.00327659 -0.0122874 -0.0029211 0.00803806 0.0193674 0.000705844 0.00599673 -0.000650598 -0.0431331 0.0161838 0.0128752 0.0028776 0.00397272 -0.00389368 -0.0286594 -0.00776147 0.00746601 0.00566986 0.00175514 0.0144284 0.0119373 -0.0335157 0.00789314 -0.0126475 -0.0155033 0.00544811 -0.00259649 0.00650416 -0.00169844 -0.010574 -0.000982858 0.027003 -0.0372659 0.00790794 0.0127279 -0.00129583 0.00228779 0.00458161 -0.00457361 -0.0138107 -0.00855904 0.00365239 -0.00301567 0.00282256 -0.0128342 -0.0173667 0.00963015 -0.0331041 0.0313921 0.0154372 0.0249965 0.0318971 0.00428327 -0.00379734 -0.0284699 -0.0202495 0.0135701
internal_weight=54662.3 46926 40683 7736.31 6048.28 34634.7 5698.94 15047.9 19586.9 6242.98 3131.8 14844.9 12451.7 2037.36 4936.14 3709.83 2912.77 5133.45 7318.21 2916.48 4697.43 12677.3 9044.2 3941.35 4742 3633.09 1001.51 3247.5 2314.53 1910.1 1930.43 2167.57 1883.35 5537.16 1258.3 855.133 564.887 1437.54 2273.07 4177.12 5473.41 3902.36 2938.88 1384.75 2596.2 507.367 1397.81 2382.9 2554.81 2490.23 1264.22 1528.02 1053.03 1306.84 2844.83 464.844 325.551 1384.19 1365.88 795.28 383.488 2379.99
internal_count=969765 647553 616857 322212 153673 463184 225586 314183 149001 30696 35923 132474 241393 96626 27255 22948 25336 75104 166289 117750 148356 106872 72343 48025 16527 34529 77230 48216 92119 68603 18091 25602 17623 102407 26656 28311 1543 64493 28483 14984 96366 46993 29836 16456 72790 20615 19574 56237 25687 68173 34132 8880 45708 3441 7917 1231 848 18864 16237 54960 11409 6686
is_linear=0
shrinkage=0.05


Tree=10
num_leaves=63
num_cat=0
split_feature=4 6 10 6 4 4 4 4 4 6 0 6 7 6 12 3 13 4 4 11 6 5 6 0 7 5 6 7 5 8 5 0 10 10 10 4 2 2 7 5 3 2 13 5 5 0 5 2 4 3 12 5 7 7 13 7 5 6 0 10 5 8
split_gain=1306.71 721.565 680.574 429.295 367.206 347.871 217.63 117.415 99.5895 86.5853 84.8161 82.2324 79.5923 73.0086 59.9585 51.4952 49.9237 54.6771 49.9196 41.6563 41.2841 46.8861 55.2907 38.0478 37.278 31.7153 29.4196 27.8936 42.1793 26.7147 25.3245 23.8055 23.0285 22.9185 22.3162 20.6742 19.9565 18.8245 18.6408 22.5038 18.5403 18.1065 20.3347 17.1905 19.5905 19.5886 17.0593 17.0053 16.0373 16.481 15.9138 15.8959 26.5494 22.0968 15.8394 15.8311 15.6021 17.2953 15.5703 15.2444 15.0395 15.0356
threshold=0.33609557151794439 0.33662588894367224 9.1288576126098651 0.4146538525819779 0.49230405688285833 0.39164464175701147 0.1896345913410187 0.20202602446079257 0.5510709583759309 0.54272818565368663 8.0632195472717303 0.33662588894367224 0.36248724162578588 0.4146538525819779 0.66352757811546337 3.7954261302948002 0.82809683680534374 0.46614517271518713 0.10774196684360506 1.5000000000000002 0.31563769280910497 3.4175922870635991 0.13391261547803882 4.2413008213043222 0.24046788364648822 3.1567740440368657 0.54272818565368663 0.20109672844409945 2.3502402305603032 0.31836630403995519 2.3502402305603032 6.588238239288331 8.7296881675720233 11.737967014312746 1.0000000180025095e-35 0.13004115223884585 0.38973768055439001 0.14390365779399875 0.16475966572761538 4.9938225746154794 6.0602900981903085 0.31121487915515905 0.19651870429515841 3.9981586933135991 2.5249279737472539 8.9315090179443377 2.6020033359527592 0.10626265406608583 0.42332686483860021 6.7487590312957773 1.7245415449142458 2.6735538244247441 0.28054267168045049 0.17072947323322299 0.23912712931632998 0.081275444477796568 3.6242519617080693 0.22122069448232654 8.8337740898132342 12.255302906036379 3.0201274156570439 0.31558860838413244
decision_type=2 2 2 2 2 2 2 2 2 2 2 2 2 2 2 2 2 2 2 2 2 2 2 2 2 2 2 2 2 2 2 2 2 2 2 2 2 2 2 2 2 2 2 2 2 2 2 2 2 2 2 2 2 2 2 2 2 2 2 2 2 2
left_child=1 6 10 5 26 11 18 35 12 14 16 15 24 -9 43 19 32 34 -1 -4 21 23 -23 47 30 41 33 -25 -29 56 -7 -14 -2 -5 -18 -3 -36 -20 39 -32 -41 -26 59 44 -6 -46 -22 -8 -44 61 60 52 -39 -53 -13 -19 -17 -58 -12 -43 -40 -50
right_child=2 7 3 4 9 8 20 13 -10 -11 58 54 31 -15 -16 29 17 55 37 -21 46 22 -24 27 25 -27 -28 28 -30 -31 38 -33 -34 -35 36 -37 -38 51 50 40 -42 42 48 -45 45 -47 -48 -49 49 -51 -52 53 -54 -55 -56 -57 57 -59 -60 -61 -62 -63
leaf_value=-0.046248661601819389 0.0268436623991 -0.061039660121551848 -0.018000185861311965 -0.019909836581501038 -0.0044878302176609665 0.025338226671287684 -0.055165470296464396 -0.021652581018946612 0.014226181646417868 -0.030142199979511914 0.029340561010883028 -0.020760802153599333 0.0004263395145220379 -0.038639917255005374 -0.0075922459396856592 0.0086969608955542593 -0.038085970968486253 0.060110703749323736 -0.038390682254998386 -0.0026645919654772693 -0.0075384146794613485 0.010411605256448049 -0.015473916681704836 0.022239807514468773 0.016676227564089149 -0.00066833676448395081 -0.038398715141571227 0.0096236589997967126 -0.0064691147238702179 -0.0043452656892092418 0.018675075453127587 -0.011183540996188485 -0.0019039486995843622 -0.031361221709550649 0.010188742489602375 -0.044621682370016402 -0.003896519738884073 0.002244717587102154 0.016279551412336633 0.017375309082631213 -0.017222432328915929 -0.015172968367036847 0.0022691772124789288 -0.01522318949902021 0.011714519522457103 -0.041887438938988331 -0.022287566571884434 -0.003562570233722528 0.013325550089589465 0.0035746479063566445 -0.0044434188027476437 -0.0059094395811515876 -0.021851302029963091 -0.03436713828259861 -0.010083763780725735 0.01761442396284486 0.0048572378604244838 -0.015689327335638947 0.049699442212461691 0.0024612086778097158 0.0055625740851135757 0.0072014033568936668
leaf_weight=249.4319997363491 1171.5217001360143 310.99631448514992 478.58396961248945 1413.3225206122734 232.47931585391052 331.45658285869285 16.152213688008487 1443.5209633824416 4661.1738165264251 216.06605215882882 1180.8963009864092 458.69273303239606 2048.2031351220794 1125.7873826180585 930.93380827992223 1875.7596956747584 29.236971748643555 22.123196798376739 135.64933969336562 5924.2419365980895 1899.9679062744835 269.51117363804951 879.41309390077367 247.94153584598098 477.24846985447221 1517.7135502290912 392.23767180705909 1250.3485524670687 603.79549924412277 724.67733955627773 944.27991100493819 562.86956245847978 74.06724556395784 632.44965639803559 869.71731258195359 500.07116481562844 353.76453672512434 187.88351777382195 509.80916728870943 69.922344669350423 86.780943857040256 154.74287970829755 1181.6963453327771 76.292621141765267 1494.1033298322 17.241120167076588 218.60801008634735 1379.5263461410068 2001.4253974275198 1197.7266360549256 243.10097465151921 94.154046718263999 291.94436475948896 247.58717272459762 1431.0934176631854 2332.6821546857245 338.39924239140237 146.8753370573977 102.02741920202971 589.24621468852274 914.74941172427498 2007.5117413108237
leaf_count=27506 3309 17608 18563 54302 2112 1187 938 52356 17300 10533 3180 13705 23050 52517 12946 15714 2488 90 10527 127239 24200 15833 58253 3570 3665 31239 21611 10072 13411 9701 7807 8157 1411 24373 7315 28179 3035 5044 2150 1282 1208 1382 8561 2512 6910 62 10313 37363 8029 5956 3306 11750 8441 23851 40858 7235 10141 7487 289 5146 13082 8681
internal_value=9.3532e-05 -0.0149733 0.00412575 0.00152128 -0.0114779 0.00379677 -0.00676475 -0.0343315 0.00785074 0.000335405 0.0195263 -0.00315074 0.00584804 -0.0290959 0.0027291 -0.00125377 0.0165038 0.013524 -0.0263261 -0.00381086 -0.00327578 -0.000638422 -0.00940177 0.00224011 0.00754024 0.00593128 -0.025855 0.00648931 0.0043831 0.00405216 0.0122773 -0.00207641 0.0251342 -0.02345 0.00508443 -0.050917 0.00611605 -0.0211347 0.0107137 0.015763 -0.00178462 0.00724756 0.00661665 0.00800815 0.00902453 0.011103 -0.00906033 -0.00415977 0.00752774 0.00872122 0.00738018 -0.0182856 -0.0124162 -0.0265267 -0.0126753 0.0180137 0.0066296 -0.00136148 0.0309596 -0.00120654 0.00939788 0.0102588
internal_weight=53771.4 11352.3 42419.1 36283.1 5405.13 30878 7971.91 3380.38 19499.7 2967.12 6136.04 11378.3 14838.5 2569.31 2751.05 9488.54 4853.11 3607.52 1206.65 6402.83 6765.26 4646.69 1148.92 3497.76 12227.4 9127.31 2438.01 2102.09 1854.14 3085.71 3100.1 2611.07 1245.59 2045.77 1252.72 811.067 1223.48 957.218 2768.64 1100.98 156.703 7609.6 7132.35 1820.12 1743.82 1511.34 2118.58 1395.68 6388.36 5206.66 1667.66 821.569 479.828 341.741 1889.79 2354.81 2361.03 485.275 1282.92 743.989 1424.56 4008.94
internal_count=970041 411732 558309 529957 135361 394596 261072 150660 151188 35075 28352 243408 133888 104873 24542 188845 24883 20163 87119 145802 173953 139440 74086 65354 102681 72659 100286 27053 23483 43043 30022 31207 4720 78675 12838 45787 10350 59613 28835 10297 2490 41420 37755 11596 9084 6972 34513 38301 31227 22666 18538 49086 13485 35601 54563 7325 33342 17628 3469 6528 15232 16710
is_linear=0
shrinkage=0.05


Tree=11
num_leaves=63
num_cat=0
split_feature=1 6 10 6 1 1 1 6 1 6 6 1 8 10 10 12 9 5 7 6 1 2 9 7 10 1 9 7 9 7 5 9 9 5 9 7 5 9 5 8 7 5 6 9 9 7 2 5 9 5 0 10 13 0 13 5 0 12 6 9 7 5
split_gain=1199.89 658.978 582.206 416.379 341.929 320.972 190.553 87.7862 80.3589 71.6403 71.4712 64.2926 65.3308 60.7242 66.4749 56.8857 56.0587 55.2197 48.2562 45.8229 45.2753 44.143 44.0749 42.8927 40.3812 37.1572 31.5372 30.6227 30.0837 29.6876 40.4679 27.9095 26.7983 26.4101 25.5857 24.943 42.5589 39.0787 23.6839 28.9972 26.6223 23.3645 22.9961 38.8389 21.7312 21.6736 21.6144 21.4285 21.1917 20.8818 20.8282 20.4619 20.1348 20.0553 19.9391 18.8595 19.7307 18.5623 17.7385 23.4869 17.6178 25.059
threshold=0.33608491718769079 0.35774034261703497 9.1288576126098651 0.4146538525819779 0.49149402976036077 0.41913609206676489 0.1896345913410187 0.3184697180986405 0.20411912351846698 0.54272818565368663 0.31563769280910497 0.56780785322189342 0.36197738349437719 1.0000000180025095e-35 8.8223190307617205 0.66352757811546337 0.28300933539867407 2.8029010295867924 0.14471155405044558 0.37245103716850286 0.13212966918945315 0.45235520601272589 0.29187391698360449 0.44627468287944799 8.7140464782714862 0.33860847353935247 0.078748404979705824 0.50197508931159984 0.43853096663951879 0.23893107473850253 1.8688347935676577 0.08653349801898004 0.48103672266006475 3.6242519617080693 0.36249358952045446 0.28808902204036718 3.1984648704528813 0.27764984965324407 2.8029010295867924 0.19115550071001056 0.24199707061052325 3.1984648704528813 0.22122069448232654 0.17925535887479785 0.22972147166728976 0.40056388080120092 0.60679551959037792 2.5249279737472539 0.38467964529991155 3.979637980461121 8.0115184783935565 12.530222892761232 0.14987912774086001 6.7487590312957773 1.2954229712486269 2.2499048709869389 4.182021141052247 0.16280217468738559 0.24667318165302279 0.2557890266180039 0.31559252738952642 2.3502402305603032
decision_type=2 2 2 2 2 2 2 2 2 2 2 2 2 2 2 2 2 2 2 2 2 2 2 2 2 2 2 2 2 2 2 2 2 2 2 2 2 2 2 2 2 2 2 2 2 2 2 2 2 2 2 2 2 2 2 2 2 2 2 2 2 2
left_child=1 6 13 5 27 7 20 25 -3 15 17 12 35 -2 24 47 -9 29 -19 51 -1 -16 -12 34 55 31 41 28 -5 -8 52 -4 33 -13 -10 37 44 -7 40 46 -27 -20 -28 -44 -37 -34 -40 -6 -21 -49 -14 -18 -31 -46 -54 57 -57 -15 59 -35 61 -22
right_child=2 8 3 4 9 11 10 16 23 -11 22 32 50 14 21 -17 19 18 26 48 60 -23 -24 -25 -26 38 42 -29 -30 30 -32 -33 45 58 -36 36 -38 -39 39 -41 -42 -43 43 -45 53 -47 -48 49 -50 -51 -52 -53 54 -55 -56 56 -58 -59 -60 -61 -62 -63
leaf_value=-0.039772840622480682 -0.048390844701366634 -0.051922307193032306 -0.032901180678077339 -0.047219207433217808 -0.0070728454867027245 0.0094117398257451464 0.014847045336896403 -0.051185088302389541 -0.054393496493519523 -0.028447455620501955 -0.048137597389334708 0.016896403422302111 0.00098990973685827337 0.032579594882445981 0.0030109632672121363 -0.0084471800580770539 -0.0024969237438239806 0.0084990702791941462 -0.0051626450810185074 -0.034706605514450282 -0.002236933721015921 0.017157803955169419 -0.01035155413932419 -0.041689096837629259 0.025262474906357704 0.018164709305599047 -0.0024112898305355076 -0.034629194694722469 -0.020266830338340525 0.031284676280584921 -0.0077216094979835059 -0.0018863200284592995 0.037668683074696549 0.0092591467087590733 -0.02446917741791306 -0.054323909111289342 -0.0041392058045413398 0.021622170280988895 0.0078044847515568744 -0.0061100227587162622 0.0056112079852032853 -0.068332982014856519 -0.053611665173457404 -0.012664629295449734 0.0098749350336994821 0.0079261566055508857 -0.044301319586055335 0.010321262646343105 -0.011603897566261975 -0.015038585138711341 -0.023101577212002872 -0.013706124279384217 0.0037270257190100894 0.0014442261940227057 0.038291246291615982 0.018324087721028896 -0.0074725262660209337 -0.0028346149114749902 0.001772215595951797 0.043616440389910971 -0.031121512880365257 -0.023612338601645105
leaf_weight=407.53504540683934 33.960941691126209 652.54513040016172 75.313694398500957 111.04282872879412 238.5617310879752 4124.542215494439 481.18896706716623 66.208558436133899 75.943531897617504 208.77129991981201 79.911909586342517 1831.7644003909081 2753.892809502664 131.60016425931826 834.56410354701802 891.63468648132402 6027.0882256586337 354.17864389944589 22.446469998918474 108.2106077609933 239.03328635462094 1625.3136912980117 2252.1827068372513 693.80020256945863 3007.3944193955977 534.10625183815137 518.30064040597063 692.13330535439309 1530.7934455645736 75.946118764579296 816.13134066655766 1966.4938831970794 214.11278026876971 231.63434644998051 1202.2128099605907 13.841626840410752 808.23789001547266 779.0318979951553 929.07368783885613 829.05399684829172 2018.1162865592632 42.075612978078425 63.177123949863017 694.77385241282173 4070.0068763783202 85.794769020751119 20.338326466735452 1533.2133666709997 1200.2124059300404 85.711440878687426 92.735824301838875 436.6270685698837 1310.5508965598419 853.30338822794147 43.096676243003458 120.26437793020159 193.2012553155655 51.473789162933826 627.84898040327244 63.345655055250973 222.70440739387413 321.56374846113613
leaf_count=42760 3053 38112 8769 4612 2139 30772 6887 3061 4385 10769 3524 5291 26823 500 9636 13361 104296 20319 918 3536 6237 5458 44711 35331 8890 3468 27028 36553 60476 402 15235 65430 542 1311 46834 164 14473 7166 19790 25305 15638 5102 4438 37052 19236 263 457 6901 32313 2644 1007 7462 16837 5162 277 387 1222 183 3272 332 9563 32147
internal_value=6.90991e-05 -0.014991 0.00385443 0.00145478 -0.0115003 0.00368347 -0.00781535 -0.00182834 -0.0367131 -0.000210421 -0.00456385 0.00841622 0.00693362 0.0182788 0.0186585 0.00193393 -0.00537171 -0.000828538 -0.00791568 -0.00498144 -0.0262566 0.0123582 -0.0116463 -0.0316802 0.0230814 0.00253009 -0.0122518 -0.0258083 -0.0220897 0.00357658 0.00116167 -0.00303033 0.0149667 0.0134214 -0.0262472 0.00873226 0.00649669 0.0113516 0.00515168 0.000722189 0.00823829 -0.0463568 -0.0105276 -0.0160777 0.00823784 0.0291602 0.00668827 0.00691709 -0.0135146 0.00897863 0.000205071 -0.00325411 0.00623298 0.00841373 0.00482746 0.00987153 0.00242462 0.0226224 0.00652378 0.0166372 -0.0192244 -0.0144981
internal_weight=52619.9 10569.3 42050.6 36052.8 5291.86 30760.9 7944.8 14210.8 2624.5 2957.89 6753.96 16550.1 13495.6 5997.77 5963.81 2749.12 7838.35 4421.87 1694.95 7772.14 1190.84 2459.88 2332.09 1971.96 3503.93 6372.5 1340.77 2333.97 1641.84 2726.91 2245.73 2041.81 3054.5 2754.59 1278.16 10649 5745.39 4903.57 4330.69 1778.47 2552.22 64.5221 1276.25 757.951 4937.15 299.908 949.412 1857.49 1308.42 1618.92 2846.63 6463.72 1429.59 4923.31 1353.65 496.54 313.466 183.074 922.829 294.98 783.301 560.597
internal_count=970222 398099 572123 542794 137455 405339 273437 289525 124662 35814 182730 115814 104803 29329 26276 25045 150668 134495 94857 147607 90707 15094 48235 86550 11182 138857 74538 101641 65088 39638 32751 74199 11011 10206 51219 76973 39035 37938 64658 45552 19106 6020 68518 41490 24562 805 20247 11684 35849 9545 27830 111758 17516 24398 17114 2292 1609 683 4915 1643 47947 38384
is_linear=0
shrinkage=0.05


Tree=12
num_leaves=63
num_cat=0
split_feature=1 6 1 13 6 1 1 13 12 6 12 1 6 9 4 7 4 6 9 5 7 6 9 13 5 5 3 7 4 3 9 6 9 6 5 9 9 6 9 7 5 9 0 13 13 9 6 1 9 2 0 3 3 4 9 13 0 5 9 6 1 6
split_gain=1048.75 1101.98 330.013 231.755 206.08 155.859 120.286 79.9068 196.181 109.572 79.6318 74.6999 66.8263 64.3738 58.4869 59.6669 57.0495 46.4307 86.1747 54.592 42.0687 39.7075 35.8943 35.0596 34.2151 33.9012 31.6736 31.5337 31.454 30.9474 27.1314 34.941 47.0303 28.4524 25.6524 25.1167 23.5278 22.8976 91.927 22.2724 31.6264 24.766 21.7705 21.5389 21.5256 21.3513 25.2654 20.773 20.6418 20.6138 20.2342 19.8541 19.8378 29.6266 19.1305 18.881 18.8472 18.6246 19.2818 18.2707 17.8921 17.8219
threshold=0.41913609206676489 0.37245103716850286 0.23368330299854281 0.82809683680534374 0.4146538525819779 0.28224506974220281 0.49149402976036077 1.0000000180025095e-35 0.99983829259872448 0.31563769280910497 0.66352757811546337 0.13212966918945315 0.44622917473316198 0.28499121963977819 0.55275359749794017 0.31559252738952642 0.5510709583759309 0.21988319605588916 0.12190329656004907 1.8688347935676577 0.25247138738632208 0.54272818565368663 0.41596378386020666 0.237531952559948 3.3497501611709599 3.5114340782165532 3.5114340782165532 0.59210664033889782 0.18228475749492648 7.3359596729278573 0.039986019954085357 0.13008482009172442 0.078748404979705824 0.11376158893108369 2.5249279737472539 0.1727147921919823 0.034668512642383582 0.2657808661460877 0.20897566527128222 0.1848636940121651 2.1383330821990971 0.38467964529991155 8.8337740898132342 0.34019368886947637 0.21684817224740985 0.1727147921919823 0.24200052767992022 0.26814509928226476 0.27020142972469335 0.70330616831779491 8.5394430160522479 6.0602900981903085 5.6542406082153329 0.6513611674308778 0.48103672266006475 0.55789092183113109 6.6073255538940439 3.6762205362319951 0.37809175252914434 0.43915955722332006 0.55814895033836376 0.25207354128360754
decision_type=2 2 2 2 2 2 2 2 2 2 2 2 2 2 2 2 2 2 2 2 2 2 2 2 2 2 2 2 2 2 2 2 2 2 2 2 2 2 2 2 2 2 2 2 2 2 2 2 2 2 2 2 2 2 2 2 2 2 2 2 2 2
left_child=1 2 11 4 14 28 -6 8 -4 17 21 -1 22 -11 15 36 29 25 -19 26 24 34 -7 -17 -13 -9 -20 42 -3 45 33 50 -33 -27 59 -22 -2 -21 -39 -38 55 49 -18 51 -24 46 -5 -15 -25 61 -32 60 53 -45 -14 -41 -50 58 -36 -8 -16 -42
right_child=3 5 7 16 6 12 10 9 -10 13 -12 20 54 47 43 23 27 18 19 37 35 -23 44 48 -26 30 -28 -29 -30 -31 31 32 -34 -35 57 -37 39 38 -40 40 41 -43 -44 52 -46 -47 -48 -49 56 -51 -52 -53 -54 -55 -56 -57 -58 -59 -60 -61 -62 -63
leaf_value=-0.039675815886730741 -0.033262939174826554 -0.053706857361655619 0.024576352927253093 0.0045909023863216119 -0.022366384485713969 -0.031383290332132753 0.01083855172554107 0.013212246598000899 -0.0014986584862614963 -0.039585778357098637 -0.012637911446171697 0.004164522295385986 -0.053989114147878596 -0.017860361333298776 0.025894686589131508 -0.0062711979088203003 0.024121475270056397 -0.067924513673549278 6.7577531106365371e-06 0.00041256540972956028 -0.06675154959117223 -0.026087550399833088 -0.024374811011637083 -0.034135137604689267 -0.019257289772218297 -0.0079934965754162434 0.0095581711218094313 -0.014318565142515494 -0.03723126545372972 -0.037262796899974859 0.012882445117800866 -0.056973411391783357 0.00029585574069745935 -0.073193210377709247 -0.04784230699520696 -0.020667538876303734 0.01576124244459385 -0.057617866825784118 -0.0050340127047962986 0.01296323161063828 0.008740021867981564 0.021372878667450988 0.049617597470209697 0.0071464094722006643 -0.012350149238914455 0.015048929617525717 -0.051744474928120759 -0.0048744917620585438 0.0058664082836922572 -0.015167764706234047 0.058498260130355133 0.0016029023102542052 0.019935431306890881 0.043487320700684583 -0.030262521659459377 0.07376847973965682 -0.0019947749888057438 -0.00068689631721997077 0.012737918716297961 -0.019127116639251585 0.0099330029113547935 0.0010045605227023539
leaf_weight=413.62751839164412 32.368875547777861 442.69686977978563 1080.9326848495984 236.27997953887098 819.77179760660511 411.54400071036071 77.221590120811015 1355.9589652640279 2168.4565308691235 141.23549042310333 929.53919175150804 366.05090066045523 91.425341456546448 323.14827623369638 208.72485989844427 1002.3989435685799 1811.7706593512557 46.422414712607861 1668.4163373647025 1855.7272101264098 30.400617360020988 96.329599576536566 488.09292489290237 35.20457777637057 271.63058618392097 62.071998104045633 1809.1347732387949 51.589517836691812 838.16265712835593 30.452037828741595 355.27805305283982 37.81397932494292 689.80049908824731 22.908096231636591 13.27937178313732 1077.7570770551101 1151.0806895594578 86.736958375666291 1990.2507838180172 1792.4933962007053 1497.7935297188815 220.48778796149418 87.782435070723295 725.77904375176877 1567.1329310282599 2200.5423533492722 21.732906096149236 6553.2067552452791 3808.1396651592804 133.78929326590151 26.096206697635353 618.21950447233394 1356.3302121078596 60.779531990876421 1200.6847132705152 12.858411813154815 953.31589533411898 373.06872313795611 1207.072441425873 149.05650891223922 1105.1988242985681 1480.6906526235398
leaf_count=44497 965 26075 3271 1075 34035 16781 749 27603 41577 5932 18595 13105 4364 10142 838 12129 5179 3943 32875 49266 3098 5313 15782 650 32343 6297 11360 167 42794 240 12006 3935 33584 3322 60 45773 9075 4104 52965 6990 13196 2348 275 2570 47993 10802 121 111812 26016 819 116 2397 4775 193 61839 29 10898 4139 5171 1315 4200 15477
internal_value=-4.24423e-05 -0.0067353 -0.0019889 0.00752394 0.00521522 -0.0278627 -0.00549084 -9.6565e-06 0.00717538 -0.00138106 -0.000629215 -0.0205705 -0.0227299 -0.00617107 0.00763818 0.00589596 0.0178509 0.00197815 -1.35265e-05 0.000411909 -0.016044 0.00519667 -0.0179048 0.00223321 -0.00581237 0.00780238 0.00497571 0.0242522 -0.0429256 0.0128329 0.00165853 0.00374496 -0.00268042 -0.0255694 0.00685276 -0.0219318 0.00925597 -0.00362369 -0.00722996 0.0094748 0.00806647 0.0051793 0.0252997 0.0128202 -0.0152059 0.0134534 -0.000154331 -0.00548475 0.00401044 0.00403207 0.0160038 0.00899196 0.0162719 0.00995457 -0.0319413 0.0133963 0.00429248 0.00908989 0.0120787 -0.00890078 0.0124686 0.0048945
internal_weight=51773.9 27472.8 22433.1 24301.1 19861 5039.74 3665.34 20273.6 3249.39 17024.2 2845.57 2159.47 3758.88 7017.59 16195.7 12120.6 4440.15 10006.6 7456.69 7410.27 1745.84 1916.03 2466.77 5799.06 637.681 2549.93 3477.55 1951.14 1280.86 2489.01 1193.97 1108.99 727.614 84.9801 1819.7 1108.16 6321.56 3932.71 2076.99 6289.19 5138.11 3332.76 1899.55 4075.03 2055.23 2458.56 258.013 6876.36 4796.66 3112.27 381.374 1932.14 2142.89 786.559 1292.11 1805.35 4761.46 1593.42 1220.35 226.278 1313.92 2978.48
internal_count=969355 768554 552926 200801 182942 215628 69377 414110 44848 369262 35342 138816 146759 127886 113565 98592 17859 241376 154513 150570 94319 16747 80556 49693 45448 86863 44235 5621 68869 12238 59260 49641 37519 9619 11434 48871 48899 106335 57069 47934 38859 31840 5454 14973 63775 11998 1196 121954 37564 29492 12122 7435 7538 2763 66203 7019 36914 9370 5231 2064 5038 28673
is_linear=0
shrinkage=0.05


Tree=13
num_leaves=63
num_cat=0
split_feature=1 10 7 1 1 7 7 1 7 12 10 10 1 7 1 1 9 7 3 7 5 9 7 10 5 7 7 10 7 9 10 9 9 0 7 9 9 9 9 5 7 9 5 5 12 7 0 7 5 1 2 10 1 0 11 10 9 7 2 2 1 9
split_gain=942.092 576.492 456.224 350.228 315.595 250.092 150.527 83.7378 72.8551 72.4625 65.6043 64.1952 56.7703 53.5535 46.2005 40.597 40.5137 40.5059 37.5062 35.1385 36.3037 35.0141 31.8257 28.3649 27.9605 50.1948 25.0674 25.0636 24.9364 23.8609 23.6857 22.1765 21.8375 21.5017 20.563 25.1781 22.159 20.2119 19.9466 22.1897 26.8629 21.2788 19.2349 19.0252 18.9482 18.8944 18.6231 18.4328 17.7962 17.774 17.69 16.7729 30.1811 19.8043 16.4334 16.2931 15.707 27.4414 15.2705 17.4288 15.1941 15.0853
threshold=0.26814509928226476 9.1288576126098651 0.41465428471565252 0.49149402976036077 0.41913609206676489 0.3401783555746079 0.31844390928745275 0.15083770453929904 0.37245103716850286 0.66352757811546337 8.8223190307617205 1.0000000180025095e-35 0.58438140153884899 0.31559252738952642 0.42635303735733038 0.15083770453929904 0.29559201002120977 0.50197508931159984 3.3842465877532963 0.28054267168045049 2.6735538244247441 0.23435231298208239 0.54109632968902599 12.00268602371216 2.8029010295867924 0.20509669184684756 0.25968259572982794 8.7140464782714862 0.41465428471565252 0.395151898264885 10.671104431152346 0.10829129815101625 0.424973875284195 8.8337740898132342 0.17332834750413897 0.10099299624562265 0.018642326816916469 0.28051759302616125 0.43061585724353796 3.2384861707687382 0.21439193189144137 0.18405647575855258 1.2424533367156985 1.8688347935676577 0.9999963939189912 0.36479067802429205 3.1567740440368657 0.51895815134048473 2.8029010295867924 0.072359357029199614 0.14390365779399875 11.045327186584474 0.35156591236591345 5.5853724479675302 1.5000000000000002 11.838943004608156 0.098035763949155821 0.16475966572761538 0.52614110708236705 0.48647108674049383 0.4762252420186997 0.36075122654438024
decision_type=2 2 2 2 2 2 2 2 2 2 2 2 2 2 2 2 2 2 2 2 2 2 2 2 2 2 2 2 2 2 2 2 2 2 2 2 2 2 2 2 2 2 2 2 2 2 2 2 2 2 2 2 2 2 2 2 2 2 2 2 2 2
left_child=5 10 4 17 6 7 18 49 16 22 11 -2 13 38 -12 -7 -8 32 54 20 -9 -21 -5 30 26 -26 -20 -13 61 -10 60 -27 -4 -29 36 -36 -22 42 39 -6 -41 -42 -23 -34 50 -32 -16 -11 -19 -1 -18 52 -52 -53 -3 -31 57 -56 59 -28 -15 -17
right_child=1 2 3 9 12 15 8 19 29 47 14 27 -14 23 46 28 44 48 24 21 34 37 -24 -25 25 31 58 33 -30 55 45 -33 43 -35 35 -37 -38 -39 -40 40 41 -43 -44 -45 -46 -47 -48 -49 -50 -51 51 53 -54 -55 56 -57 -58 -59 -60 -61 -62 -63
leaf_value=-0.0512837798312335 -0.040113427074766617 -0.01355923634568575 -0.041465756259379233 0.0062333911926549888 0.010788285992443872 -0.054285750560085923 -0.037002838830929682 0.0055917771765133422 -0.031813165393792947 -0.0085423578771638819 -0.00337724243556233 0.011465692783029363 0.014270292635314034 -0.0063153356311599455 -0.013725896559893834 -0.044188479965154619 -0.018278890741882877 -0.046267755385922503 0.013744668152988302 -0.056340307048989249 -0.06059578012678038 0.005215737231066212 -0.020584459773958369 -0.0060917511109427822 0.0078929968907311531 -0.065193450272296991 0.0042861145188733641 0.022665215022156533 -0.042694452271471603 -0.010467406816930473 0.0085133828476022192 -0.0057887080921337139 -0.028516479578381704 0.048137582177243447 -0.054979427019599361 -0.014435166691611906 0.0019128058567691665 -0.019109137037165685 0.026398672740458914 0.0094833992709415921 -0.0309365480413137 0.0009004823578699615 -0.019563527107111626 -0.017213585928884632 -0.0093572571465148531 0.0016678480394633844 0.014458949345758448 -0.02538651314951882 -0.030164619548994166 -0.027712007225974295 -0.010592643385421334 0.00046387541979310852 0.0026745734271172014 -0.0096083634277187666 0.00067313821659523111 -0.02200529608171628 -0.00024941537307252612 -0.046852703133393458 -0.0048980636149768353 0.016637974441032516 0.003334257431446175 -0.023330174421157451
leaf_weight=98.982845905935392 42.627286691276822 291.44205734162824 130.00861262052786 1837.8691799947992 4259.8452244335786 352.04004611453274 96.083628523047082 534.26334499672521 213.6288069486618 653.41937177814543 494.99962940084515 516.86105618579313 2388.5122982528992 768.60603093681857 60.376775261480361 107.50163974642055 187.38953143567778 237.37606547272298 1068.1889071979094 52.488411664089654 14.935275452560743 204.86684556421824 117.71499984175898 804.62489912589081 1155.22939930344 15.911597794794941 1849.0173147961032 2862.5979710570537 508.6778017107863 1022.1695565369446 2621.4180525126867 1243.0983375718351 510.8019368131645 85.315813966095448 42.306151242693886 403.53870158048812 279.57155483658426 740.55865180771798 159.96653066389263 1490.9315584986471 54.986953208805062 1152.7565725224558 126.78259388206061 1373.0272385488497 1519.1055758508155 1637.7504486290272 2001.1041910042986 216.14393051434308 618.91700093448162 416.39736521217856 1374.9531904741889 3630.9556688711746 622.84371171891689 563.81167443888262 76.192764994106255 436.70189024973661 2636.3717775852419 50.506382829684298 361.60641134995967 337.75782571476884 869.35235849465244 447.62273263005773
leaf_count=12550 3749 15169 5491 11649 18896 22785 4841 11164 8523 11508 11930 2585 8631 8548 561 6920 3170 8858 7154 3513 3342 3426 5525 9611 31754 1435 14414 9010 28520 30481 15835 43770 12850 282 4708 30225 20559 25690 1461 14383 979 17273 4896 67745 35720 13216 7368 7107 38560 39740 40393 46926 9353 5472 8314 13509 79896 4474 2251 2105 7017 21978
internal_value=-1.79835e-05 0.00204991 -9.50479e-05 -0.013218 0.00204268 -0.0223279 -0.00237382 -0.0139534 -0.00671645 -0.000720608 0.0164314 0.0208714 0.00715242 0.00592226 0.0103398 -0.0395679 -0.00473123 -0.0255194 0.00224715 -0.0100255 -0.00434161 -0.016467 0.00461911 0.00271447 0.00453345 0.000366557 0.00731506 0.0216217 -0.0346974 -0.0162065 0.00391602 -0.00653948 -0.0216462 0.0234024 -0.0115099 -0.0182824 -0.00125718 -0.0145151 0.00894226 0.00854096 0.00499357 -0.000549015 -0.00425685 -0.0202784 -0.00433868 0.00588111 0.0136335 -0.0127292 -0.0346286 -0.0322392 -0.00314372 -0.00268573 -0.00645639 -0.000889917 -0.00226693 -0.0139212 -0.00107584 -0.0182722 0.00462 0.00619392 -0.00119378 -0.0273695
internal_weight=51051.4 46720.9 40657 5695.28 34961.7 4330.53 18753 2914.69 9667.64 2825.15 6063.88 3507.4 16208.8 13820.2 2556.48 1415.84 7995.14 2870.13 9085.32 2399.31 1274.62 1124.7 1955.58 6701.75 6030.81 2414.24 3616.57 3464.77 1063.8 1672.5 5897.13 1259.01 2013.84 2947.91 740.352 445.845 294.507 1072.21 7118.49 6958.52 2698.68 1207.74 331.649 1883.83 7899.06 4259.17 2061.48 869.563 856.293 515.38 6379.95 6192.56 1997.8 4194.77 3054.51 1458.87 2763.07 126.699 2548.38 2186.78 1637.96 555.124
internal_count=969768 729752 694267 169293 524974 240016 409124 159813 198388 35789 35485 15626 115850 107219 19859 80203 145875 133504 210736 107523 69998 37525 17174 54227 102883 76959 25924 11877 57418 52513 44616 45205 86086 9292 58834 34933 23901 34012 52992 51531 32635 18252 8322 80595 141034 29051 7929 18615 47418 52290 105314 102144 49746 52398 107853 43990 92684 12788 18770 16519 15565 28898
is_linear=0
shrinkage=0.05


Tree=14
num_leaves=63
num_cat=0
split_feature=4 10 6 6 4 4 4 6 4 7 4 10 10 10 4 9 6 6 9 0 13 3 7 7 10 7 9 5 6 9 4 9 8 9 9 9 0 6 10 2 5 9 7 5 0 2 10 9 7 5 13 2 2 5 0 5 6 5 3 6 7 8
split_gain=865.901 438.308 403.539 359.681 252.71 239.888 133.351 78.2749 75.9045 71.4737 59.3692 51.633 50.9985 48.8728 43.5369 40.8323 40.932 36.9009 49.2087 36.5488 31.7555 30.3838 30.0353 29.6121 28.2258 27.6969 27.4115 25.864 33.1084 41.471 25.7167 25.0323 24.2718 22.9742 22.7819 22.6365 22.1706 22.3977 21.4539 21.2655 20.8514 20.5492 20.9143 21.1781 25.9606 19.7016 17.7153 17.2567 17.1881 22.0198 22.248 16.9964 18.7225 16.8982 16.8105 16.7517 18.4778 16.9343 16.5575 16.1964 16.1606 19.9711
threshold=0.31558148562908178 9.1288576126098651 0.35774034261703497 0.4146538525819779 0.49230405688285833 0.39164464175701147 0.18871082365512851 0.31563769280910497 0.54839965701103222 0.3007198721170426 0.18871082365512851 8.8223190307617205 11.216727256774904 8.7140464782714862 0.10774196684360506 0.29510936141014105 0.37654167413711553 0.29702274501323706 0.2557890266180039 6.7062506675720224 0.237531952559948 3.6242519617080693 0.5476977825164796 0.44627468287944799 1.0000000180025095e-35 0.50197508931159984 0.074274059385061278 3.4811217784881596 0.10904029011726381 0.048475053161382682 0.46614517271518713 0.13116636127233508 0.14426162838935855 0.41596378386020666 0.37809175252914434 0.2557890266180039 6.0649466514587411 0.14687307178974154 11.216727256774904 0.65615329146385204 3.4811217784881596 0.29510936141014105 0.33520285785198217 3.4811217784881596 6.5035390853881845 0.51187002658844005 8.8223190307617205 0.3654570877552033 0.22505711764097217 1.8688347935676577 0.14563074707984927 0.35618615150451666 0.50714692473411571 1.8688347935676577 8.8337740898132342 2.6020033359527592 0.43915955722332006 3.979637980461121 6.4777410030364999 0.40593741834163671 0.29702274501323706 0.210897371172905
decision_type=2 2 2 2 2 2 2 2 2 2 2 2 2 2 2 2 2 2 2 2 2 2 2 2 2 2 2 2 2 2 2 2 2 2 2 2 2 2 2 2 2 2 2 2 2 2 2 2 2 2 2 2 2 2 2 2 2 2 2 2 2 2
left_child=2 11 6 5 25 7 14 21 9 47 -4 13 22 24 -1 -9 -17 27 -19 20 -11 -3 55 34 -2 33 -10 48 -29 -30 59 45 -28 -5 -12 -22 37 -23 41 -21 58 42 43 44 -34 -32 -20 -7 -8 50 -50 -37 -53 -35 -15 56 -6 -57 -39 -13 -43 -62
right_child=1 3 10 4 12 8 17 15 26 19 23 30 -14 54 -16 16 -18 18 46 39 35 36 -24 -25 -26 -27 32 28 29 -31 31 -33 38 53 -36 51 -38 40 -40 -41 -42 60 -44 -45 -46 -47 -48 -49 49 -51 -52 52 -54 -55 -56 57 -58 -59 -60 -61 61 -63
leaf_value=-0.043090507589911106 -0.038815888836885595 -0.0022818702062674789 -0.048443888687048013 -0.047762437520484015 0.011446312827653654 0.0083385502063152515 0.0091954819971156298 -0.04035679565899776 -0.055772208530786765 -0.0043690701856409558 -0.042891317677650947 0.0052044729671101896 -0.012168098446848451 0.021611333051538374 -0.018833294989736179 -0.003773915920554774 -0.014687893518300585 -0.049914077952610159 -0.046688961467843314 -0.0035721728534787163 -0.036234667669492536 0.02736345576401078 -0.022943750353189005 -0.038027284853860088 0.0089122176821766833 -0.031296500593121217 0.026824238105877266 0.015901259374428899 -0.07565038710016711 -0.010709366394805766 0.020635818508238389 0.015107326892216437 0.0067479922536390667 -0.026889418069221672 -0.020826815921241616 0.01414111028325772 0.000245837634276461 0.0085696503025087731 0.0068853973711789866 -0.024903700908178672 -0.0053394686018431057 0.030300691431510093 -0.051123870243508 -0.0023850221141193404 0.032625001562531175 -0.038090708113259944 -0.0075742670779780329 0.021480251729301045 0.06298761823974787 -0.0065538774988104483 0.0044615198043185802 -0.0014734486309120462 0.0060395613602243362 -0.015324300569922728 0.044837674727349272 0.0083342796527576465 -0.014005189130539825 -0.013749137781355459 0.035148000851287491 -0.018843643123660641 -0.038041112375387355 0.015921128958718625
leaf_weight=233.65211822683341 32.918732934107538 2117.8242644271813 502.84015871305019 69.269644647021778 106.89503442496061 5784.1135474435287 594.94605924468488 84.142159123846795 14.750850347103549 1106.6115409675986 134.56467180862091 745.20573203905951 715.94065317092463 2827.4111083175521 887.91070441831835 6067.6449874507962 1000.7806199219194 72.091259497217834 29.284122172510251 1350.8078209199011 33.131459234456997 151.25870548887178 102.46685264457483 555.94497184536885 525.12771422066726 713.72186089283787 277.56127362046391 114.26243124436587 25.629255744745024 602.55947299295804 22.15639879135415 1525.4043769557029 297.21393544785678 428.37040959205478 895.66426897858037 484.41988658660557 1217.1999123743735 1380.0576652226737 1554.9634217328858 127.89695442095399 274.41600246669259 202.6439699747134 15.088568745180963 280.55586687801406 143.82492659240961 40.18158920109272 2517.5136342332116 261.07702564774081 16.678984355181456 780.21469255979173 614.12290937593207 1078.9096572825219 3583.2558400355047 1202.4490955368383 80.111306719481945 1454.6349000849295 214.22984656179324 92.32032599626109 61.195903473999351 77.276498928898945 17.316183076705784 1743.9775501373224
leaf_count=29316 3009 78618 33024 3022 943 53745 15071 4230 320 14651 7422 8269 14857 8523 61517 112901 31126 3680 1132 16191 885 3761 6013 31560 2572 39886 1098 8340 4004 45331 102 4902 937 10669 40061 5188 18439 12747 7135 1594 13765 771 70 1508 361 169 55184 2966 83 23128 9068 10216 26685 56634 282 8148 1911 3370 451 1729 89 6389
internal_value=0.000107262 0.00308403 -0.0143599 0.00100738 -0.0112888 0.00304934 -0.0082066 -0.00233728 0.00667439 0.0048294 -0.0334733 0.0157412 -0.000739023 0.01965 -0.0238867 -0.00573135 -0.00531917 -0.00493004 -0.00917715 0.00165563 0.00331934 0.00232949 0.0034134 -0.0287273 0.00609677 -0.0230303 0.0122769 -0.000883092 -0.00885577 -0.0133589 0.0101209 0.0138382 0.0124984 -0.01956 -0.0237088 0.00496191 0.00549604 0.00891906 0.011564 -0.00541719 0.00729295 0.0142578 0.00713654 0.00835476 0.0151866 -0.0172179 -0.00802402 0.00890611 0.00206777 -0.00093758 0.006009 0.00522712 0.00430091 -0.0183621 0.0222513 0.00485912 -0.00553297 0.00701637 0.00969817 0.00294503 0.0169291 0.0153906
internal_weight=50266.6 41688.7 8577.88 35812.9 5100.3 30712.6 6488.87 12354.5 18358.1 13810.2 2089.01 5875.79 2686.49 3465.57 1121.56 7152.57 7068.43 5367.3 2618.89 7765.03 6286.33 5201.95 1970.55 1586.17 558.046 2413.81 4547.9 2748.41 742.451 628.189 2410.22 1587.74 4533.15 1700.09 1030.23 5179.72 3084.13 1866.93 4255.58 1478.7 1715.67 2700.62 736.683 721.595 441.039 62.338 2546.8 6045.19 2005.96 1411.02 630.802 5146.59 4662.17 1630.82 2907.52 1868.08 321.125 1546.96 1441.25 822.482 1963.94 1761.29
internal_count=969768 601847 367921 572290 145453 426837 255854 276038 150799 132121 112067 29557 35242 14386 90833 148257 144027 165021 59996 75410 57625 127781 20385 79043 5581 110211 18678 105025 57675 49335 15171 5173 18358 70325 47483 42974 49163 30724 17260 17785 26963 10125 2876 2806 1298 271 56316 56711 47350 32279 9151 42089 36901 67303 8805 14372 2854 11518 13198 9998 7249 6478
is_linear=0
shrinkage=0.05


Tree=15
num_leaves=63
num_cat=0
split_feature=4 6 4 10 6 10 4 6 12 6 4 4 4 9 10 6 3 4 6 0 9 9 6 6 2 5 6 5 10 9 10 8 6 4 10 6 9 4 9 6 9 9 3 0 6 10 10 5 8 6 9 6 9 5 9 9 2 10 12 8 5 6
split_gain=786.346 842.042 242.425 160.877 156.71 152.67 124.025 108.433 95.6573 66.3349 61.2569 53.6069 47.1128 45.5813 42.0335 37.4192 35.8562 35.6361 36.8421 31.1163 29.1734 27.9592 33.485 26.872 26.6845 24.8435 54.5621 24.3189 27.1781 23.7714 22.1694 23.1189 21.9449 20.598 20.2908 20.2578 19.887 18.7629 18.6204 19.3602 22.9614 18.5068 18.3841 18.18 18.0469 17.6383 17.565 17.2613 24.6708 24.1421 19.5324 16.9815 61.8356 16.4573 17.2982 16.0681 21.2465 15.2753 23.8673 17.9564 14.8524 14.8183
threshold=0.42332686483860021 0.37106516957283026 0.23231461644172671 9.2525372505188006 0.4146538525819779 8.7296881675720233 0.24247428774833682 0.3184697180986405 0.66352757811546337 0.44361171126365667 0.13649032264947894 0.49976402521133428 0.49741783738136297 0.28941254317760473 1.0000000180025095e-35 0.35224922001361852 3.7954261302948002 0.6210572123527528 0.59400209784507763 5.8735244274139413 0.37809175252914434 0.46664221584796911 0.31204973161220556 0.54272818565368663 0.14390365779399875 2.5249279737472539 0.1833189278841019 3.6242519617080693 10.058737754821779 0.31697301566600805 10.24911403656006 0.1412480175495148 0.52041867375373851 0.42585149407386785 8.7296881675720233 0.25179842114448553 0.46411965787410742 0.13310100138187411 0.074274059385061278 0.2716034352779389 0.21332382410764697 0.034668512642383582 6.6086750030517587 8.0115184783935565 0.11838497221469881 11.838943004608156 12.501635551452638 2.3502402305603032 0.26575416326522833 0.2161563262343407 0.14920332282781604 0.33455225825309759 0.2991225421428681 3.5408543348312382 0.13476385921239856 0.18241413682699206 0.55801561474800121 11.990013122558596 0.58789399266242992 0.13582576066255572 2.6735538244247441 0.25249001383781439
decision_type=2 2 2 2 2 2 2 2 2 2 2 2 2 2 2 2 2 2 2 2 2 2 2 2 2 2 2 2 2 2 2 2 2 2 2 2 2 2 2 2 2 2 2 2 2 2 2 2 2 2 2 2 2 2 2 2 2 2 2 2 2 2
left_child=1 2 10 17 11 14 37 16 12 20 -1 15 -6 -9 -4 33 -7 51 -19 -16 -8 27 -23 -14 -12 -18 41 28 -13 -17 -29 -32 -10 -5 -26 43 -11 -3 -28 53 -41 44 -31 55 -27 -22 -15 48 -36 -49 -51 -2 -53 -40 -55 56 -30 58 -35 -60 -24 -59
right_child=3 6 5 4 8 7 9 13 32 36 24 21 23 46 19 29 25 18 -20 -21 45 22 60 -25 34 26 38 30 35 42 31 -33 -34 57 47 -37 -38 -39 39 40 -42 -43 -44 -45 -46 -47 -48 49 -50 50 -52 52 -54 54 -56 -57 -58 61 59 -61 -62 -63
leaf_value=-0.034234789316825665 0.016735104002912917 -0.054896539284190429 -0.033512606188188597 0.01493478958029352 -0.012952015390682857 -0.0015812760276360137 -0.035848550065047426 -0.041681530995053326 -0.012330773985629097 -0.05446731112002709 -0.032552379872419421 0.023252322370310885 0.0063946884064309643 -0.0042915037078072376 0.020251217216560376 -0.045865348865976908 0.0078756489499097297 0.023414619089512125 -0.03130459898938686 -0.01073276616855353 -0.012106347597374275 0.044072038095940451 0.0043207483045339728 -0.022241795073989573 -0.041230780553330404 -0.0039918413914165601 -0.067990981473092252 -0.0070755037842501096 -0.050514329902457161 0.00085436225311273585 0.018352157076733041 0.0036290640009607566 -0.028113222893321785 0.0012544648440830617 0.0093611243510409135 0.0084184891956878855 -0.028265647604379964 -0.037724307642291524 0.0043804563333464368 -0.057834820897375849 -0.0074556910317414779 0.012003327362604581 -0.012371097054343874 0.049530614174599558 -0.077744703925676187 -0.021520657095239246 -0.013645503744943326 -0.004501336706094366 -0.010602199647108637 -0.06241624667995288 -0.020223159789144383 -0.068409436900438089 0.010114404382287513 -0.063854829862371495 -0.0052280049266816295 0.023427098690348439 0.010280517909627461 0.0077618881399558861 0.020745462360841981 0.0075455900152834078 0.020179520586654717 -0.0071674391166029333
leaf_weight=439.05435373907676 1224.5343422355363 213.17760000127601 40.62889812560752 575.07803200883791 458.82097134680953 3596.6064948049607 176.69979142333614 85.109294133726507 906.83099100459367 76.570925550884567 162.59125793131534 398.27447609347291 1697.6904713967815 7692.8089411349501 1192.3789833956398 30.872688804287463 3104.022112084087 1396.5932104839012 31.454089829698205 86.939591260626912 1734.2969995479798 113.28877382562496 227.60661333473399 86.075717658386566 54.453781012969557 43.581676977686584 10.8944385414361 357.48585557646584 15.199378605931996 1414.2572063866537 336.28072996530682 1287.3212999518146 290.91178274224512 1602.118086930248 217.39772115938831 4240.6502133321483 1335.518497834797 626.70866590744117 1027.182325209491 23.340422255278099 729.77912120788824 1092.8968334330712 322.72088826040272 42.594528179615736 10.244057255564256 697.67767194320913 536.89877529256046 292.2944113087724 537.11930842482252 29.400813804822974 409.03918152302504 25.527046035276726 1404.0179914854234 12.925761178252285 473.01134563062806 316.54846244864166 263.76539047155529 259.81075744144619 288.93240979546681 2379.2507821326144 420.20723036024719 461.36059055046644
leaf_count=49021 4509 14007 3901 3118 15766 127367 7484 5042 23445 4033 12151 1858 10852 143060 3563 488 21330 4228 93 533 59870 389 1038 4997 3672 2619 1351 3595 148 13788 1986 11406 12920 15780 4506 18995 73934 37347 15469 1443 22801 24990 5293 133 1056 24868 10691 25601 14098 3452 30683 137 6092 1072 24856 1175 1078 2774 2343 18536 2141 5304
internal_value=3.7018e-05 -0.00578147 -0.00160314 0.00684369 0.00488953 0.000128627 -0.0246078 -0.00104727 -0.00475574 -0.0209574 -0.017583 0.00705077 0.00133732 -0.00527822 0.0165555 0.00396148 0.00242744 0.0158406 0.0222094 0.0181456 -0.0162323 0.00987625 0.0189933 0.00501283 -0.0132881 0.00463609 0.00169915 0.00892021 0.0106935 -0.00237583 0.00419661 0.00667851 -0.0161641 0.00597411 -0.0112538 0.0096683 -0.0296864 -0.0420829 -0.00277997 -0.00246649 -0.00901702 0.0105937 -0.00160285 0.0179741 -0.0180284 -0.0148071 -0.00490175 -0.0101548 -0.0048502 -0.015632 -0.0230525 0.0124138 0.00871222 0.000793889 -0.00678746 0.015717 0.00696811 0.00494174 0.00607842 0.00897498 0.0146076 -0.00178897
internal_weight=49637.3 26761.3 21900.6 22876.1 18794 19759.2 4860.65 18439.3 3440.33 4020.76 2141.35 15353.6 2242.59 8314.82 1319.95 7334.4 10124.5 4082.13 1428.05 1279.32 2608.67 8019.22 761.103 1783.77 1702.3 6527.88 3423.86 7258.12 5277.03 1767.85 1981.09 1623.6 1197.74 5566.55 1539.71 4878.76 1412.09 839.886 2277.13 2266.24 753.12 1146.72 1736.98 638.108 53.8257 2431.97 8229.71 1485.25 754.517 730.734 438.44 2654.08 1429.55 1513.12 485.937 595.513 278.965 4991.47 4270.3 2668.18 647.814 721.171
internal_count=970276 775871 554328 194405 179346 411144 221543 403147 67980 170189 143184 111366 31615 158793 7997 67424 244354 15059 4321 4096 92222 43942 3568 15849 94163 116987 95657 40374 23387 19569 16987 13392 36365 47855 82012 21529 77967 51354 66992 65641 24244 28665 19081 2534 3675 84738 153751 78340 18604 59736 34135 10738 6229 41397 25928 2401 1226 44737 36659 20879 3179 8078
is_linear=0
shrinkage=0.05


Tree=16
num_leaves=63
num_cat=0
split_feature=1 6 1 10 10 7 1 1 6 9 12 9 1 6 6 10 6 6 9 5 5 7 6 9 9 1 10 1 9 9 7 5 9 7 3 10 9 5 2 6 0 7 5 9 9 10 6 1 2 7 9 7 9 4 12 6 9 1 9 10 7 7
split_gain=707.975 765.666 224.187 175.1 148.888 134.278 122.023 112.516 80.42 85.1512 55.9703 55.8116 52.5689 52.0815 47.422 40.1008 39.9578 39.9095 35.5073 32.0226 28.9388 33.05 31.6743 39.1583 30.0387 28.869 28.3772 28.3612 26.8942 20.9969 20.7717 28.0762 20.9895 19.8381 19.7984 19.6047 19.5224 19.3663 21.0671 18.511 18.3892 18.3412 19.0896 18.2218 18.1753 17.5895 17.0511 16.9745 16.7131 16.6696 18.2482 16.5329 32.0515 16.4724 16.4728 16.2591 38.3057 15.8935 15.5662 15.0746 14.4576 14.421
threshold=0.41913609206676489 0.37245103716850286 0.23883192986249926 8.8223190307617205 8.7296881675720233 0.36479067802429205 0.50076606869697582 0.24380752444267276 0.29702274501323706 0.2557890266180039 0.51320025324821483 0.48103672266006475 0.13212966918945315 0.44622917473316198 0.4146538525819779 1.0000000180025095e-35 0.25249001383781439 0.44937348365783697 0.26859726011753088 3.5694335699081425 3.7494349479675297 0.20509669184684756 0.1436005309224129 0.10829129815101625 0.098035763949155821 0.6297823190689088 8.8223190307617205 0.4369474351406098 0.41596378386020666 0.018642326816916469 0.29702274501323706 2.3502402305603032 0.26039023697376257 0.31844390928745275 2.9700856208801274 11.845371723175051 0.48103672266006475 2.2499048709869389 0.17505060881376269 0.40056388080120092 8.1285829544067401 0.19801786541938785 3.4811217784881596 0.12834025174379352 0.16758801043033603 11.838943004608156 0.55655977129936229 0.13212966918945315 0.40997311472892767 0.11726542934775354 0.14318896830081942 0.12099853530526163 0.090086802840232863 0.31558148562908178 1.6084122657775881 0.25788049399852758 0.19400765746831897 0.51709344983100902 0.39270804822444921 12.384151935577394 0.50197508931159984 0.24345834553241733
decision_type=2 2 2 2 2 2 2 2 2 2 2 2 2 2 2 2 2 2 2 2 2 2 2 2 2 2 2 2 2 2 2 2 2 2 2 2 2 2 2 2 2 2 2 2 2 2 2 2 2 2 2 2 2 2 2 2 2 2 2 2 2 2
left_child=1 2 12 27 15 11 17 47 20 -10 46 16 -1 28 25 -4 18 34 -5 35 21 49 29 -24 -23 -12 -14 -2 39 -22 31 -28 -32 -11 -7 40 -15 38 -26 -9 58 42 -33 -43 -21 -30 -8 -3 -17 -6 -51 -29 -53 -35 -55 -39 -57 -20 -18 -16 -38 -54
right_child=3 7 4 5 8 6 10 13 9 33 14 -13 26 36 59 48 19 -19 57 44 22 24 23 -25 37 -27 30 51 45 -31 32 41 -34 53 -36 -37 60 55 -40 -41 -42 43 -44 -45 -46 -47 -48 -49 -50 50 -52 52 61 54 -56 56 -58 -59 -60 -61 -62 -63
leaf_value=-0.034733914614228714 -0.020593649295113651 -0.054287264244967159 -0.03463958682099768 0.0098943941108540334 0.040687263451734748 0.012157566372450641 0.0099047974699333421 -0.021900981821217341 -0.042681557254307709 0.00047995619431335439 0.0021931343284426938 0.029409957668302802 -0.043645302711920853 -0.050402962944730983 -0.0083808187706113264 0.018494823252691511 0.0078923709778234898 -0.019375418630831105 0.01585524101495436 -0.074741192571646034 -0.046797298515477183 -0.066844359410764539 -0.053664284083506014 -0.0071614920660930496 -0.0014119355998319066 0.026656392284863759 0.0038940783198185541 0.048767578986890457 -0.011187525557886234 0.007969510001297227 -0.051717240110766928 0.010889137029423568 -0.016505827654876994 -0.0092920766026513349 -0.0070246860674554991 0.0018842301032960451 -0.021916346676872575 0.003157056037696027 0.0085451862273595216 -0.046306737541408585 -0.0098944567744215575 -0.056090927340608901 -0.015696071514617185 -0.017964523791860629 -0.0007437668915605683 -0.021348920649608187 -0.0072292816245209529 -0.037242030899722799 -0.026807799337725653 0.0063661624683648728 0.020350364263442347 -0.047872128621006406 0.032058119524806306 -0.0027957176967118007 -0.01206130545993548 -0.054314616121098502 -0.003538267805821998 0.033697309047634315 0.017478904933759396 -0.038496287098365917 -0.032808642290027688 0.01958103262424625
leaf_weight=356.75228427321417 40.686223638709635 194.84957503160695 37.589222543756478 3613.3537184796296 48.844414521474391 147.28630393394269 2581.4560406585224 305.34748383896658 139.84299251093762 2505.6263162387768 1178.5940332394093 297.96424221643247 75.413746324949898 95.891375817998778 981.36169287166558 1254.3314021560363 5663.0347677480895 724.81387876207009 270.69940200680867 8.3469853163696808 18.150471643370111 15.527860902715473 48.12644100736361 762.59672009560745 743.10860172891989 134.34566157171503 346.63792949961498 54.381678506731987 1487.9729082472622 489.00021227658726 45.208601124526467 115.8964295546175 663.03214307699818 1525.2450085679884 1551.2980943011353 1526.9242419679649 655.83596568147186 1195.5629759536823 1863.0595263752621 104.2087584300898 137.28415073035285 35.226596864289604 161.78145097068045 283.9382596295909 1422.0857288027182 596.64947568881325 153.8551406734623 583.31432808545651 20.694574168417603 732.26683915022295 342.34832871588878 16.838282810524106 271.7901720367372 6079.7062040783931 520.77905215672217 38.73517484893091 903.80526126595214 231.60701996739954 457.66828302899376 43.390554596437141 568.9187722497154 1565.5191085371189
leaf_count=44305 225 13380 3887 26328 1047 2125 13520 14457 6287 43412 7140 2149 5995 5380 19268 3978 26999 29115 2834 375 3778 1370 6220 47540 21863 471 8159 107 50322 18547 3474 5049 27758 35261 25312 9921 34869 28986 16185 5041 839 4231 21042 23264 19618 21229 3346 36225 143 18605 6813 88 640 106621 14176 2093 23369 1031 2599 1277 34799 5051
internal_value=2.1511e-06 -0.00566179 -0.00168091 0.0063748 2.58871e-06 0.00505176 -0.000323192 -0.0241828 -0.0011847 -0.00391946 0.00408585 0.00800817 -0.0172605 -0.0206483 -0.00159516 0.016259 0.00752981 -0.00955283 0.011626 0.00570044 0.00290584 0.00440601 -0.00379118 -0.00992201 0.00258534 0.00469632 -0.0136513 0.0207138 -0.0163972 0.00600945 -0.0122818 -0.00742378 -0.0187535 -0.00340959 -0.00536137 0.00696386 -0.028677 0.00281258 0.00570607 -0.0281109 0.00820327 -0.013997 -0.00460001 -0.0221726 -0.00117556 -0.0140959 0.00894104 -0.0415101 0.0177595 0.0121197 0.0108212 0.0215944 0.0207974 -0.00460895 -0.00352677 -0.00071434 -0.005625 0.024082 0.00860919 -0.00965598 -0.026976 0.0214267
internal_weight=49036.4 25961.8 21368.8 23074.6 19284.9 21125.4 7496.4 4592.99 17972.3 10771.2 5073 13629 2083.89 3814.82 2337.69 1312.62 13331 2423.4 4115.66 9215.34 7201.13 5883.26 1317.87 810.723 4759.8 1312.94 1727.14 1949.22 2494.18 507.151 1651.72 943.481 708.241 10631.4 1698.58 7784.91 1320.65 4744.27 2606.17 409.556 6257.99 596.843 277.678 319.165 1430.43 2084.62 2735.31 778.164 1275.03 1123.46 1074.62 1908.53 1854.15 8125.73 6600.49 2138.1 942.54 502.306 6120.7 1024.75 1224.75 1837.31
internal_count=969538 769160 553458 200378 410181 194267 101574 215702 402173 205757 45022 92693 143277 166097 28156 8008 90544 56552 30193 60351 196416 120331 76085 53760 93866 7611 98972 6111 91049 22325 92977 61745 31232 199470 27437 40358 75048 92496 38048 19498 30437 53586 26091 27495 19993 71551 16866 49605 4121 26465 25418 5886 5779 156058 120797 54448 25462 3865 29598 20545 69668 5691
is_linear=0
shrinkage=0.05


Tree=17
num_leaves=63
num_cat=0
split_feature=4 10 6 6 1 6 1 4 1 1 10 9 10 9 2 6 9 5 10 12 6 5 10 6 12 9 4 6 9 9 8 6 6 3 5 6 9 10 4 6 5 9 2 3 2 3 10 9 9 3 5 6 9 5 10 10 5 4 9 6 6 3
split_gain=625.086 313.615 311.423 287.598 185.179 147.183 105.889 92.5223 63.4857 51.4736 37.3105 34.1506 33.2669 31.9012 31.8686 30.2836 39.1678 30.0723 29.4519 29.4263 29.206 28.5707 28.02 27.7814 34.7233 23.7788 23.4987 23.3632 22.4472 21.9182 21.7898 21.6577 21.5431 21.5196 21.1475 21.8777 35.914 20.8195 20.5269 20.2055 20.4493 20.0073 19.986 19.9417 18.3234 17.4634 17.2561 16.6371 16.5916 16.1976 20.6125 25.6524 16.8483 16.1089 16.0188 22.5792 15.9865 15.8211 20.3721 15.6876 15.427 15.6245
threshold=0.31558148562908178 9.1288576126098651 0.35774034261703497 0.3357179611921311 0.55214822292327892 0.4146538525819779 0.17742599546909335 0.49230405688285833 0.3843152672052384 0.20411912351846698 8.8223190307617205 0.44179719686508184 8.7140464782714862 0.31697301566600805 0.45235520601272589 0.23303436487913134 0.13116636127233508 3.5694335699081425 11.990013122558596 0.66352757811546337 0.3184697180986405 3.9607677459716801 11.233661174774172 0.43915955722332006 0.48101025819778448 0.28499121963977819 0.090031929314136519 0.50182837247848522 0.30763639509677893 0.43331512808799749 0.36812525987625128 0.11838497221469881 0.44622917473316198 1.0000000180025095e-35 3.3497501611709599 0.13391261547803882 0.078748404979705824 1.0000000180025095e-35 0.54318663477897655 0.21988319605588916 2.4414010047912602 0.40197506546974188 0.34337848424911505 3.7954261302948002 0.46786589920520788 6.4777410030364999 9.9536099433898944 0.37809175252914434 0.13741108775138858 4.6491756439208993 2.2499048709869389 0.25179842114448553 0.094596564769744887 2.8029010295867924 11.675503253936769 11.65768337249756 1.8688347935676577 0.57175534963607799 0.2727614045143128 0.4337878972291947 0.54272818565368663 3.1567740440368657
decision_type=2 2 2 2 2 2 2 2 2 2 2 2 2 2 2 2 2 2 2 2 2 2 2 2 2 2 2 2 2 2 2 2 2 2 2 2 2 2 2 2 2 2 2 2 2 2 2 2 2 2 2 2 2 2 2 2 2 2 2 2 2 2
left_child=2 10 6 8 5 13 26 27 49 -4 12 15 37 44 59 21 -17 57 22 30 34 -10 33 28 53 -22 -1 29 -6 -7 -9 43 47 46 39 -36 -37 -2 -19 -8 -41 -32 -35 -23 -5 -20 -15 -11 -42 52 -51 -52 -3 -25 55 -24 -31 -18 -59 -12 61 -43
right_child=1 3 9 4 23 7 20 19 11 32 14 -13 -14 18 -16 16 17 38 45 -21 25 31 54 24 -26 -27 -28 -29 -30 56 41 -33 -34 42 35 36 -38 -39 -40 40 48 60 -44 -45 -46 -47 -48 -49 -50 50 51 -53 -54 -55 -56 -57 -58 58 -60 -61 -62 -63
leaf_value=-0.043153195699303051 -0.035534306966922113 -0.021263401201905001 -0.043873062813284208 -0.043207255555577341 -0.038834424520186865 -0.04175070526717789 0.0088811596756777095 -0.03129897560050101 0.014605360278613772 -0.038822173259531551 0.0019625660666279369 0.023804235180243272 0.018982620602377091 -0.01959933783031978 0.01265526317739203 -0.073951698921325651 0.0060156381850247978 -0.007610254140444226 -0.0064421512795065881 -0.015874462460834821 -0.047751831902885282 -0.053591136243685569 0.0016182033689611823 -0.0084903020188581285 -0.011169830201773997 -0.0093624398618646371 -0.020456974051529683 -0.02892686254111403 0.010861203195034004 -0.024891493705299913 -0.059666497401712794 0.0014671164357060432 -0.033930806936991742 0.0061274212920906295 0.0050696714035549841 -0.060074516116751145 -0.010440867844803728 0.0078882946922159535 0.0060101260611440379 0.00038409517107470842 -0.06365218817058442 0.035865207786687454 -0.0041131170813856199 0.01803769694209938 -0.0096761408049191883 -0.020478731122033633 -0.0064959854707565632 -0.018445712029865922 -0.0093578413692556352 0.0096115811405718919 0.0056744129473151553 -0.0077792664711172702 -0.0009250678149259529 0.013517173898013782 -0.0030467303856719645 0.014968518384620048 -0.013161034189849419 0.0025330004866420987 0.021636545146351775 -0.030402741939224227 -0.023343465657721323 0.0024025426421901462
leaf_weight=138.1087948467175 29.109162918583024 105.84579996921821 514.98730598576367 75.261226166447159 22.957733422284946 89.507949219085276 502.4754790001316 53.905947966733947 2109.7905152274761 114.21094185736729 759.70765014726203 315.74519449775107 2750.2820211414946 331.79923363775015 1553.4886962317396 15.559102677972986 5531.3266960682813 670.17852031055372 1963.1859685037052 431.05060721444897 41.351919733628165 10.004537020460701 2802.071109401877 106.06503986613825 393.71258419856895 1644.1793667009915 654.54265052507981 659.2191018613521 2222.5288178944029 395.43986026698258 13.256717314710839 985.12992549943738 487.17555250413716 591.20341510162689 215.13923234521644 38.525299546832684 675.32419355306774 534.02178943739273 471.04838269297034 1767.4211298549781 14.469599529984405 36.31850245851092 2454.7153912944486 337.94618016690947 88.831547392182983 249.78186197683681 1035.063931701472 815.12436788034393 510.55028763820883 954.48149732057936 865.95444901351584 599.67330473911716 2682.177336503868 384.88255279744044 1574.1509933402995 357.07184207276441 1093.8881886493182 221.45687997806817 377.35325049702078 39.38087055599317 55.836583369877189 883.14199592988007
leaf_count=20310 3028 11088 37769 3293 135 4498 12118 454 13697 6668 8644 2599 8799 11061 5462 641 35154 19187 35234 10622 2864 368 35846 662 8458 39726 56681 39692 9960 10488 119 14289 29986 9138 16016 6336 52091 2592 3013 29364 1149 212 33333 3477 1626 4717 27506 37423 19303 5821 20150 16060 87828 3299 20165 2488 55041 660 1139 1166 3188 6391
internal_value=-0.000160749 0.002392 -0.0128042 0.000607227 -0.00368014 -0.00595596 -0.00734428 -0.0146154 0.00545147 -0.0303359 0.0132967 0.00759723 0.0167156 -0.00316679 0.00848155 0.00712031 0.00529445 0.00546402 -0.00285059 -0.00488625 -0.0048434 0.0109848 -0.00159824 0.00739649 -0.00010818 -0.0103043 -0.0244115 -0.0210209 0.0103531 -0.0177199 -0.000342695 0.00525468 -0.0254144 -0.00446448 -0.00237168 -0.00890718 -0.0131195 0.00564371 -0.00198836 -0.000199379 -0.00218972 0.00134535 -0.00212546 0.0159782 -0.0250552 -0.00802649 -0.00967676 -0.0209499 -0.0108542 0.000900707 0.00389356 0.000169733 -0.0016972 0.00876265 0.00107391 0.00312716 -0.0162757 0.0068514 0.0145715 0.000367531 0.00217466 0.00372431
internal_weight=48418.1 40284.5 8133.59 34618.5 18364.8 15234.7 6202.09 3711.57 16253.7 1931.5 5665.99 11045.5 3313.41 11523.1 2352.58 10729.8 7286.92 7271.36 11359 1473.51 5409.44 3442.87 9146.08 3130.15 884.66 1685.53 792.651 2238.06 2245.49 1578.84 1042.46 1333.08 1416.51 4412.78 3723.91 928.989 713.849 563.131 1141.23 2794.92 2292.44 988.554 3045.92 347.951 164.093 2212.97 1366.86 929.335 525.02 5208.13 2420.11 1465.63 2788.02 490.948 4733.29 3159.14 1489.33 6130.14 598.81 799.089 975.297 919.46
internal_count=970292 602488 367804 572797 337626 315112 255958 130705 235171 111846 29691 94224 14419 184407 15272 91625 59794 59153 179488 20986 178967 31831 139537 22514 12419 42590 76991 109719 10095 70027 10364 18134 74077 81038 136377 74443 58427 5620 22200 61934 49816 9910 42471 3845 4919 39951 38567 44091 20452 140947 42031 36210 98916 3961 58499 38334 65529 36953 1799 9810 9791 6603
is_linear=0
shrinkage=0.05


Tree=18
num_leaves=63
num_cat=0
split_feature=1 6 1 6 10 1 1 6 10 9 10 1 9 6 9 10 6 9 9 4 6 4 3 2 3 5 6 8 10 6 9 1 2 5 0 9 5 3 1 9 6 0 6 12 6 9 10 5 9 4 10 4 12 9 5 6 8 9 8 9 6 12
split_gain=592.172 630.226 193.834 168.884 118.861 98.1712 97.1857 83.0183 80.7661 68.5228 58.9844 49.639 45.7656 38.3966 36.6466 36.1377 34.9018 32.5005 30.2547 29.0455 26.265 25.4828 25.3871 23.5536 22.992 24.007 25.6501 22.3727 21.4172 21.3429 20.3511 19.7096 19.391 19.3448 19.0139 17.6138 18.9645 16.7478 16.579 16.5508 28.082 16.2696 16.1479 16.7489 15.7429 16.2369 15.695 15.6494 15.6112 15.5289 15.3553 20.1046 17.856 15.3189 14.9034 14.8473 14.8175 14.7879 14.3531 14.3132 14.494 17.4236
threshold=0.41913609206676489 0.37711146473884588 0.23368330299854281 0.36479067802429205 8.7296881675720233 0.29071554541587835 0.50076606869697582 0.29702274501323706 9.6837129592895526 0.24498636275529864 10.863555908203127 0.15083770453929904 0.44179719686508184 0.44622917473316198 0.64848908782005321 8.7140464782714862 0.26767948269844061 0.34015272557735449 0.41596378386020666 0.54839965701103222 0.4146538525819779 0.17498829960823062 8.054997920989992 0.43331548571586614 4.1026091575622567 3.6242519617080693 0.15534631907939914 0.28241777420043951 9.0806851387023944 0.21988319605588916 0.19661762565374377 0.50076606869697582 0.44452627003192907 1.8688347935676577 8.9315090179443377 0.23604339361190799 3.5972183942794804 6.2314648628234872 0.63244789838790905 0.15512134879827502 0.24200052767992022 5.6002705097198495 0.3184697180986405 0.9999963939189912 0.31563769280910497 0.28499121963977819 8.8223190307617205 3.3140207529067998 0.10518378764390947 0.077677953988313689 11.233661174774172 0.35557080805301672 0.99998489022254955 0.40861029922962194 3.6762205362319951 0.1436005309224129 0.2526057660579682 0.48103672266006475 0.45494559407234197 0.12190329656004907 0.26882018148899084 2.2571814060211186
decision_type=2 2 2 2 2 2 2 2 2 2 2 2 2 2 2 2 2 2 2 2 2 2 2 2 2 2 2 2 2 2 2 2 2 2 2 2 2 2 2 2 2 2 2 2 2 2 2 2 2 2 2 2 2 2 2 2 2 2 2 2 2 2
left_child=1 2 11 8 15 21 14 24 19 -9 17 49 16 18 23 27 35 37 -7 -2 38 -3 30 -5 39 29 -27 -4 -13 -26 -18 -14 -22 -31 46 56 -37 -8 -12 40 -6 -20 -11 50 47 -46 -19 -30 -28 -1 51 -44 -53 -34 -32 -38 -10 -15 -40 -35 61 -61
right_child=3 5 4 6 7 13 10 9 12 42 20 28 31 57 -16 -17 22 34 41 -21 32 -23 -24 -25 25 26 48 -29 44 33 54 -33 53 59 -36 36 55 -39 58 -41 -42 -43 43 -45 45 -47 -48 -49 -50 -51 -52 52 -54 -55 -56 -57 -58 -59 -60 60 -62 -63
leaf_value=-0.046440895674526639 0.012560534546247946 -0.047223461061140407 0.017199891631920407 0.0064783900115439261 -0.0056593572039351815 -0.029190638030740707 0.009457329624211714 -0.045167670523118396 0.0097375421641306067 0.00010157973477163116 0.00052696751060624678 -0.035185078221792752 0.0060848664953806336 -0.047508174620593147 -0.027034347785276937 0.019541898260166737 -0.036541280803011576 0.017405044922508134 -0.0085994373778279683 0.022601606651741352 0.037702084041093209 -0.030457879747101093 -0.015551797302903389 -0.0082848451101028755 0.013373493929052122 0.0074435423056551341 -0.052790810918950826 -0.010497780789634018 -0.0020357452399512822 0.010606893713585223 0.0060245272096365902 0.028944521961278193 -0.065724970740235436 -0.064639292459382075 -0.045705809633459632 0.022797785489338876 0.035697741757768693 -0.066232926911197018 0.0081317064504640348 0.0014932259294869999 -0.056454244869956774 -0.019268964476134812 -0.0086549937594291998 -0.0091977926074740517 -0.054799451203712747 -0.015518404900856013 0.0075756672730493777 -0.016336961766860583 -0.0065063455871554503 -0.025381078297622886 -0.001236849005733972 0.0023875658944483005 -0.032749471168607006 -0.0085846323229394547 -0.0015288998198107224 0.0065684074061240069 -0.001220059742233893 -0.023978609349746213 0.042671984715932254 0.0081303685808919758 -0.0042275522688318507 -0.011509013163918658
leaf_weight=112.69628415937768 1811.5716782360105 311.46045964211226 116.97536132077221 315.62724267074373 535.49088506534463 280.78181316144764 10.940866891760377 99.171624858456198 2733.3953671099152 2498.5889564296231 1098.9451520151924 91.709599750349298 130.28708947589621 71.452826763968915 232.53318930696696 967.25839937292039 29.27463116729632 480.23078273236752 1297.3829716725741 1195.4867515573278 22.471602692967281 832.31883459008532 152.64247491874266 1875.8195625017397 1015.4937910777517 484.12584463524399 18.785651517508086 193.52776228322182 620.8142392267473 912.60389394313097 6245.9196078118403 341.30897414358333 11.870865023927761 8.139567203121258 15.910668656462802 518.36899282410741 48.227568919304758 22.012016604654491 98.261342304525897 1933.4497864345321 28.666598854179028 493.08965674845967 2112.0412502448307 1535.2934463675483 28.17193256522296 397.46919550438179 2631.3849552089814 276.48136076485389 603.18241123668849 392.02468034076446 3648.8600398241542 751.51081109372899 37.984706230927259 985.35443835146725 729.28513843088876 470.62757152575068 347.77359760156833 1020.1600075678434 43.344273183494806 863.05655842926353 610.88791590090841 129.93568119849078
leaf_count=16478 9452 22974 2509 4359 36024 13245 66 5552 19222 43654 6869 6734 1958 4182 10884 2795 605 1525 46418 3804 315 48692 1345 41831 11538 15464 2583 2708 21776 5212 34164 1415 227 435 114 2481 256 134 325 68073 2204 14010 60440 42128 2247 17744 17259 33728 35156 41825 48020 11907 276 19632 12701 6028 3111 59331 135 11334 9571 1851
internal_value=0.000204939 -0.00504444 -0.001475 0.00608896 4.66936e-05 -0.0224699 0.000161206 -0.00100915 0.00924071 -0.00379927 0.00388271 -0.0166217 0.00736902 -0.0179302 -0.00816117 0.0147777 0.00673077 0.00829345 -0.0139308 0.0165525 -0.00228478 -0.0350233 0.00462059 -0.00615854 0.00316344 0.00524316 -0.00118671 -6.32795e-05 -0.0118188 0.00725214 0.00506019 0.0226291 -0.00822979 0.00478991 0.00881391 0.0103979 0.0160337 -0.0411026 0.00260185 -0.000705398 -0.0082404 -0.0115378 -0.00341166 -0.0044973 -0.010199 -0.0181183 0.00909268 -0.00644234 -0.0079043 -0.0300834 -0.00339559 -0.00611035 0.000697031 -0.00926482 0.00523479 0.00927598 0.00850075 -0.0255188 0.0187042 0.00149678 0.00183242 0.0055605
internal_weight=47929.9 25331 21024.4 22598.9 19105 4306.65 7844.71 17827.3 14754.2 10683.5 5420.73 1919.37 11747.1 3162.87 2423.98 1277.76 11275.5 3160.48 2071.25 3007.06 2260.25 1143.78 7157.12 2191.45 7143.82 4646.21 1106.09 310.503 1414.65 3540.12 7004.48 471.596 1019.7 2524.62 3127.53 4118.39 1037.22 32.9529 1240.55 2497.61 564.157 1790.47 10584.3 8085.69 1322.94 425.641 3111.62 897.296 621.968 504.721 6550.4 2901.54 789.496 997.225 6975.2 518.855 3081.17 1091.61 141.606 1612.02 1603.88 992.992
internal_count=969035 768818 559966 200217 419434 208852 103675 411422 96542 211977 46601 140532 83286 137186 57074 8012 79913 19098 73673 13256 27503 71666 48815 46190 199445 93144 53203 5217 82229 39941 47470 3373 20174 28403 18898 31098 8765 200 7329 106301 38228 60428 206425 162771 75495 19991 18784 55504 37739 58303 120643 72623 12183 19859 46865 6284 22333 63513 460 23191 22756 13185
is_linear=0
shrinkage=0.05


Tree=19
num_leaves=63
num_cat=0
split_feature=1 6 1 7 1 1 13 7 9 13 2 9 7 12 12 6 7 9 1 2 9 13 6 12 4 5 7 9 7 1 7 5 9 5 4 12 7 3 9 7 9 5 1 5 13 6 13 9 5 12 7 9 13 9 7 12 8 1 12 8 9 9
split_gain=540.091 598.209 156.968 130.104 92.9009 79.2148 64.0453 56.3276 78.2853 48.6993 44.0378 43.5755 42.0032 40.5029 118.228 38.8911 31.0919 30.7615 28.2892 34.4569 26.7724 25.962 25.3005 24.5563 23.6149 22.6865 26.6094 30.7058 21.0543 20.8301 19.8986 20.802 21.7055 19.5552 20.4198 19.3833 21.1799 19.3056 18.3495 17.9428 17.581 17.4933 17.4013 17.098 16.8077 16.5374 16.398 21.858 26.0635 19.6548 15.9564 18.673 19.3874 17.0983 26.6989 15.883 15.7955 15.5574 15.4377 15.319 14.8271 14.6423
threshold=0.42367811501026159 0.37106516957283026 0.23368330299854281 0.3267295509576798 0.24380752444267276 0.62213659286499035 0.25943198800086981 0.2657808661460877 0.20400134474039081 0.56470128893852245 0.14776874333620074 0.26605591177940374 0.44202470779418951 0.99983829259872448 0.99983572959899913 0.44622917473316198 0.5476977825164796 0.37809175252914434 0.49855451285839086 0.42601296305656439 0.46411965787410742 0.28156302869319921 0.31563769280910497 0.14110624790191653 0.5510709583759309 3.7494349479675297 0.1363976672291756 0.08653349801898004 0.59210664033889782 0.15083770453929904 0.15953581035137179 3.3140207529067998 0.10099299624562265 2.5249279737472539 0.34099727869033819 0.52128341794013988 0.41465428471565252 8.054997920989992 0.018642326816916469 0.30859859287738806 0.32562959194183355 2.4414010047912602 0.51505503058433544 1.8688347935676577 0.34087876975536352 0.54885500669479381 0.30981232225894934 0.078748404979705824 3.8393944501876835 0.45009814202785497 0.17072947323322299 0.07028070837259294 0.14563074707984927 0.094596564769744887 0.19420878589153293 0.14110624790191653 0.16997316479682925 0.13212966918945315 0.24056654423475268 0.34961596131324774 0.3186356127262116 0.46904975175857549
decision_type=2 2 2 2 2 2 2 2 2 2 2 2 2 2 2 2 2 2 2 2 2 2 2 2 2 2 2 2 2 2 2 2 2 2 2 2 2 2 2 2 2 2 2 2 2 2 2 2 2 2 2 2 2 2 2 2 2 2 2 2 2 2
left_child=1 2 10 9 57 6 12 25 -9 20 -1 -8 -5 14 33 17 18 -6 19 -13 30 59 43 -18 40 50 38 -28 60 -12 46 -32 -33 34 44 37 -37 -20 -27 -22 -11 -17 -34 -15 -10 61 56 49 -49 -48 51 52 -4 54 58 -42 -2 -3 -52 -21 -7 -43
right_child=3 4 7 5 15 28 11 8 13 24 29 16 -14 22 -16 41 23 -19 35 21 39 -23 -24 -25 -26 26 27 -29 -30 -31 31 32 42 -35 -36 36 -38 -39 -40 -41 55 45 -44 -45 -46 -47 47 48 -50 -51 53 -53 -54 -55 -56 -57 -58 -59 -60 -61 -62 -63
leaf_value=-0.032145758826698144 0.023354965509674891 -0.051172024326649274 0.061025357386700278 -0.0041257599477105842 -0.035912156320633458 -0.027129934086092808 -0.061925294623139185 -0.046997569652420378 0.0023198584117832184 0.010457545109054313 -0.023369939663741721 0.010474758226398352 -0.023616005233802861 0.0044587477925241148 0.018025437234448303 -0.034847484342634419 0.0047723655225693296 -0.013297561828226227 0.0091561383235168672 0.012838404175347026 0.034426960318853499 -0.0059534362240517332 -0.0050887392839295562 -0.022904345284044073 0.025078518949479062 -0.043483249045466417 -0.056049754021440551 -0.0053767807197674282 -0.025534200498473821 -0.0088484651334390357 0.0088155941015539054 -0.045323982057799417 -0.0011592608933160631 -0.0068718700627414019 0.0051906557636763849 0.0045824500400406887 -0.0064868176549217962 -0.0065353674259349091 0.0099758613905569886 -0.001329132961230467 0.031671545566845483 -0.046429953438224585 0.0077698566971018401 -0.0047500045595078172 -0.0070918895895172879 -0.031935205207710586 0.0050780867809159004 0.034927990668877341 0.0035641657867103785 -0.048601178375463662 0.031727091352035663 0.022070550765932728 -0.0039715777132586921 0.0059305292090732565 -0.053958621270516233 -0.026067822851980907 -0.013698658565033156 -0.03391330963782576 -0.01126912093226818 -0.0031266683918868485 0.015199448407050309 -0.015466057432987649
leaf_weight=321.52585480731796 459.88470022077672 171.9445913300151 12.440047089010475 1360.7564481609734 160.7559931636788 21.017718414776027 26.189677263377234 94.655599044635892 878.08984773524571 966.94879228807986 309.64961895643501 574.48764668719377 346.90343530778773 1397.8888424623292 950.21757004968822 358.47350778139662 130.59983129240572 2328.2055010682088 2828.5228720237501 344.84944148082286 155.43137284344994 1915.9109001753386 6426.2874768281472 207.44928644399624 645.47564113745466 16.675486207357608 31.270105792442337 680.15498777141329 33.60758477053605 1219.6093682591745 4847.65287558618 23.031983935972676 1052.4592624712968 1193.0769019465079 1396.5187985389493 1948.430278445594 555.30268212244846 210.61321665951982 429.0942093206686 45.314772563055158 165.91245358763263 40.755915634799749 1133.0669998981757 788.32312838605139 1031.7103845450911 282.22631945507601 39.447006001602858 93.996288886293769 224.31163761788048 30.038190757622942 27.721273257047869 313.70928547775839 147.57683484751033 3164.9378304940183 29.705269558588043 12.83159642247483 30.680346060311422 542.71590160264168 84.552560504060239 266.27271591406316 1317.3614516232628 604.10129854129627
leaf_count=36050 2715 13463 83 16636 7615 75 577 6832 15856 4122 33140 4795 13022 17568 2811 14379 1386 86818 14575 1425 843 32389 114340 12301 1841 3925 5637 42995 537 69134 22555 713 18681 48456 12891 10363 9224 1497 16713 326 666 3102 7918 22185 26243 18881 560 374 2190 658 550 6046 5394 64250 2034 131 368 36745 2363 2535 6380 40939
internal_value=-9.41649e-06 -0.00497229 -0.00142233 0.0057244 -0.0215355 0.00224123 0.000792983 -7.47507e-05 -0.00167859 0.00996612 -0.0153253 0.0024759 -0.00808512 -0.00137354 0.00199987 -0.0184057 0.00266367 -0.0147582 0.0032454 -0.000578382 0.00832283 -0.00309117 -0.00350809 -0.0122119 0.0174298 0.00452346 -0.00160236 -0.00760407 0.0135532 -0.0117888 0.0078666 0.00698317 0.00296111 -0.00138453 0.000595562 0.005385 0.0021274 0.00806871 0.00797605 0.0263557 0.0131206 -0.0254677 0.00346996 0.00113818 -0.00276455 -0.0218409 0.0149635 0.00727968 0.0128259 -0.0181273 0.00639848 0.0149808 0.00108142 0.00516904 -0.0118058 0.0275266 0.0210376 -0.0380657 -0.000653025 0.00588224 0.0145347 -0.017423
internal_weight=47449.3 25434.6 20945.4 22014.8 4489.18 12088.3 10716.3 19094.6 14156.8 9926.48 1850.78 9008.63 1707.66 14062.1 5449.61 3774.52 8982.44 2488.96 8644.39 3101.52 8135.32 2527.03 8612.5 338.049 1791.17 4937.84 1157.19 711.425 1371.99 1529.26 7934.57 7056.21 2208.56 4499.4 3306.32 5542.87 2503.73 3039.14 445.77 200.746 1145.69 1285.56 2185.53 2186.21 1909.8 927.084 878.358 387.793 318.308 69.4852 3780.64 473.726 160.017 3306.92 141.979 178.744 490.565 714.66 112.274 611.122 1338.38 644.857
internal_count=969816 777438 555496 192378 221942 127717 120725 417172 267182 64661 138324 91067 29658 260350 106257 171734 90490 94433 76803 41144 57901 36349 154093 13687 6760 149990 69270 48632 6992 102274 56732 49867 27312 103446 54990 35659 19587 16072 20638 1169 4919 77301 26599 39753 42099 62922 6865 3782 2564 1218 80720 11523 5477 69197 4947 797 3083 50208 2913 3960 6455 44041
is_linear=0
shrinkage=0.05


Tree=20
num_leaves=63
num_cat=0
split_feature=4 6 6 4 4 10 4 4 7 12 10 4 7 6 13 7 2 5 8 7 0 13 7 10 5 7 7 8 5 12 0 4 4 4 5 3 6 13 10 3 4 5 7 0 13 0 10 5 10 7 0 7 10 10 4 4 7 8 4 7 5 7
split_gain=472.272 455.184 171.125 134.082 131.323 97.4804 76.4837 68.5516 63.5492 61.2985 47.0496 40.7558 40.5179 35.3431 31.3735 28.0839 26.8139 25.1306 24.6552 23.6475 22.749 24.1818 22.1608 20.568 20.3247 19.7629 19.4268 18.4277 18.3309 20.3007 18.0433 17.7076 16.87 20.3328 16.3512 20.7173 16.299 15.5816 15.7282 15.2693 15.1716 14.65 26.5395 14.3762 17.698 13.921 13.8006 20.3781 17.8533 16.2463 13.6205 13.4189 13.3543 13.3283 20.2386 13.1723 13.1574 16.2347 16.1377 13.0364 12.9405 12.9065
threshold=0.38514429330825811 0.37711146473884588 0.36479067802429205 0.21041812002658847 0.49976402521133428 8.7296881675720233 0.54839965701103222 0.24247428774833682 0.2657808661460877 0.52960887551307689 1.0000000180025095e-35 0.095312628895044341 0.23893107473850253 0.44622917473316198 0.56470128893852245 0.50197508931159984 0.43331548571586614 2.6020033359527592 0.44318233430385595 0.4908303320407868 6.7280302047729501 0.19707879424095157 0.21852187812328341 11.057888984680178 2.4414010047912602 0.31832985579967504 0.17072947323322299 0.3024751096963883 4.610145330429078 0.088133689016103758 3.3842465877532963 0.58781954646110546 0.42332686483860021 0.41198657453060156 3.9415346384048466 4.1666352748870858 0.10904029011726381 0.23727313429117206 12.443595886230471 4.0517470836639413 0.13004115223884585 3.0201274156570439 0.25968259572982794 4.7833075523376474 0.15488148480653766 6.0485529899597177 9.1288576126098651 2.6020033359527592 10.199286460876467 0.54109632968902599 8.8337740898132342 0.23502396047115329 11.838943004608156 11.358625411987306 0.51719680428504955 0.47104214131832128 0.56736728549003612 0.62546247243881237 0.62705692648887645 0.14177274703979495 1.2424533367156985 0.40782722830772405
decision_type=2 2 2 2 2 2 2 2 2 2 2 2 2 2 2 2 2 2 2 2 2 2 2 2 2 2 2 2 2 2 2 2 2 2 2 2 2 2 2 2 2 2 2 2 2 2 2 2 2 2 2 2 2 2 2 2 2 2 2 2 2 2
left_child=1 3 6 11 13 10 12 40 34 18 -5 -1 24 16 22 52 -4 25 27 31 21 43 -8 -15 -2 30 28 -6 29 -26 -10 -11 33 -23 35 -7 -37 38 55 -39 -3 42 -13 -14 -45 -38 56 48 -48 50 -49 -16 -9 -31 -55 -30 -20 -58 -59 -43 -29 -33
right_child=2 7 4 5 9 8 14 15 17 19 -12 41 20 23 51 -17 -18 -19 46 -21 -22 32 -24 -25 26 -27 -28 60 37 53 -32 61 -34 -35 -36 36 45 39 -40 -41 -42 59 -44 44 -46 -47 47 49 -50 -51 -52 -53 -54 54 -56 -57 57 58 -60 -61 -62 -63
leaf_value=-0.041137841061927777 0.023056910958081798 -0.049785184962940848 0.0049797405385357766 -0.034736307587522906 -0.0079654942579231013 -0.00013337442947636941 0.020143134719686373 -0.014069035810585882 -0.0034118352318481164 -0.003998456572796464 0.015163644190483489 0.0049040460905963017 0.0038738091271631166 -0.0097916627862939601 0.031474015737206526 -0.03047522993007511 -0.0084978647808635899 -0.0099547253526014699 0.013829111848275856 -0.015166677928152484 -0.00064863413977642908 0.0045783855160083662 0.0087246836659765469 -0.023920017975626054 0.045528213979845675 -0.0045739436864850073 0.0056448721759082571 -0.00039955025240141404 -0.050488648223950217 0.0089270705173570466 0.0043477061446376202 0.012540177158103363 0.0072983371934867286 -0.0096871673480726627 -0.0034663157209115663 0.047876071677584259 0.010697329665495817 -0.056572803492939007 0.020496871344985696 0.011073973034483413 -0.032222407180384299 -0.0025411188238136395 -0.015137291637304918 -0.00028343303423559194 -0.021352423697283407 0.0014982001901655271 -0.030604235248508062 0.0065827673521022985 -4.0302490989654012e-05 -0.019174778966186051 -0.03303308153386763 0.017703374176682475 -0.022360070449538111 0.023436826691529355 -0.023539724006489848 0.0046785731593451101 -0.026590592327965824 0.028669999549629534 -0.029601231496172876 -0.025151172352593912 0.016094459819712522 -0.0042140358171686371
leaf_weight=153.044388188835 280.65114130452275 160.06497371097794 467.18979734950699 49.357290561427362 98.70158534264192 1186.2626572368899 509.99338451703079 1642.4717828785651 1557.9642632148461 1233.3060402572155 1100.3909363755956 219.60891593398992 368.186074947007 514.29474829218816 220.99429043987766 426.48642425297294 1756.6536809110548 1524.7378053399152 476.97616830281913 338.7828447392676 2191.5875557410764 1008.1739950565388 2547.4421224955004 516.11708934791386 59.31525366846472 6603.0553437540075 1808.9764452856034 132.21446251776069 33.216071597998962 428.24287788826041 1443.1311433368828 347.96991140767932 5514.477818489424 332.04807331511984 687.63273774966365 25.63898457493633 1279.3566596150631 8.6005248387809825 19.539201732724905 277.41364162997343 530.5393817643926 76.982042777410243 666.60576923261397 220.71647153701633 181.74718409613706 606.09367360698525 88.031885114964098 879.52583333232906 104.49248091224581 71.378268167260103 22.245554788503796 886.81664264807478 689.57902334420942 454.65910396189429 24.14512233203277 16.048024460673332 49.459184759762138 42.248619065154344 16.530338428914547 370.96442033813219 1182.2441098107956 171.65136412810534
leaf_count=23801 1094 12763 7445 4740 522 54540 2549 73689 36425 13752 3641 9117 4186 19630 569 28432 34650 78936 1608 10490 21135 13187 10765 25243 255 121212 19691 596 657 4414 12826 1308 36306 4771 54415 401 20490 394 256 3646 36433 13566 26769 3090 2475 9794 616 5005 770 3492 144 3049 30508 3082 172 158 183 187 63 47593 5948 2427
internal_value=-2.74778e-05 -0.00559974 0.00449004 -0.00233641 -0.00131992 -0.00100666 0.00733274 -0.0222051 -0.00208813 0.00356753 0.0130215 -0.0166993 0.00547217 -0.00921337 0.0132414 -0.0186781 -0.00566646 -0.00399155 0.00795796 -0.00307369 0.00384103 0.0051314 0.0106293 -0.0168683 0.0101669 -0.00304485 0.00901117 0.0128708 0.0136203 0.0171891 0.000319481 -0.000736517 0.0060755 0.00104401 0.00350846 0.00505691 0.00827865 0.00390075 -0.0174622 0.00903982 -0.036293 -0.013896 -0.0101709 -0.0032661 -0.00979791 0.00774019 0.00399272 0.000847452 -0.0140157 0.00378792 0.00560549 0.0204504 -0.0165207 0.0153359 0.0210679 -0.0325177 0.0102577 -0.0054805 0.0122824 -0.0212655 0.0144354 0.0070056
internal_weight=46903 21000 25903 17550.8 8510.01 16063.6 17393 3449.14 14913.9 5255.76 1149.75 1487.21 13227.7 3254.26 4165.25 2758.54 2223.84 11128.9 3164.05 2091.71 9816.94 7625.35 3057.44 1030.41 3410.81 9604.15 3130.16 1413.16 1321.18 966.362 3001.1 1752.93 6854.7 1340.22 3784.98 3097.35 1911.09 354.817 68.8033 286.014 690.604 1334.16 886.215 770.65 402.464 1885.45 1750.89 1165.67 192.524 973.15 901.771 1107.81 2332.05 907.047 478.804 49.2641 585.214 108.238 58.779 447.946 1314.46 519.621
internal_count=970071 700091 269980 518266 134079 397420 135901 181825 389039 47111 8381 120846 118969 86968 16932 132629 42095 249399 19134 27977 85150 64015 13314 44873 33819 170463 32725 7066 13034 7923 49251 17487 54264 17958 139640 85225 30685 5111 1071 4040 49196 97045 35886 9751 5565 30284 12068 10027 1386 8641 5149 3618 104197 7668 3254 815 2041 433 250 61159 6544 3735
is_linear=0
shrinkage=0.05


Tree=21
num_leaves=63
num_cat=0
split_feature=1 7 10 6 1 6 1 4 9 1 9 0 6 9 10 7 5 9 3 7 10 10 9 9 10 6 9 10 4 3 9 3 10 1 10 6 1 6 1 10 0 5 10 6 1 3 10 10 8 1 12 4 12 1 0 6 9 5 5 9 6 3
split_gain=448.809 246.943 215.307 208.679 139.757 150.292 85.0623 66.4673 40.1483 38.1993 34.604 34.5521 34.2429 32.0646 29.8575 27.6681 49.9643 32.7337 27.1551 26.3179 24.6495 22.6251 22.5259 22.099 22.0626 21.3221 20.8434 20.7461 22.8491 21.9653 20.6179 19.5505 18.6278 24.5236 21.4442 18.3307 18.0849 17.3055 17.0477 16.9697 16.2921 15.7328 14.9142 16.2403 14.9397 16.3985 16.8117 32.3061 15.7187 14.6804 16.6869 19.5969 16.8284 14.635 17.834 14.6318 24.8451 21.7417 14.7721 16.3615 14.6005 14.1814
threshold=0.30649603903293615 0.31832985579967504 9.1288576126098651 0.34017875790596014 0.49855451285839086 0.4146538525819779 0.51209816336631786 0.18871082365512851 0.3831098079681397 0.17129728943109515 0.26859726011753088 1.7005987167358401 0.54272818565368663 0.28499121963977819 11.990013122558596 0.17072947323322299 3.3140207529067998 0.12190329656004907 6.8819243907928476 0.24046788364648822 12.384151935577394 1.0000000180025095e-35 0.15512134879827502 0.43331512808799749 11.772778987884523 0.4146538525819779 0.35584941506385809 10.778101444244387 0.42332686483860021 4.2555875778198251 0.08653349801898004 2.8617925643920903 8.7296881675720233 0.50300198793411266 8.7140464782714862 0.29816405475139623 0.11716517806053163 0.18078651279211047 0.62213659286499035 10.746863365173342 7.1320974826812753 2.1383330821990971 11.241018295288088 0.41879557073116308 0.54456689953804027 3.1567740440368657 10.746863365173342 10.72174644470215 0.44582170248031622 0.52398183941841137 1.208175837993622 0.46614517271518713 0.51320025324821483 0.35156591236591345 1.7005987167358401 0.22122069448232654 0.15512134879827502 2.8029010295867924 2.2499048709869389 0.29702013731002813 0.37711146473884588 7.3359596729278573
decision_type=2 2 2 2 2 2 2 2 2 2 2 2 2 2 2 2 2 2 2 2 2 2 2 2 2 2 2 2 2 2 2 2 2 2 2 2 2 2 2 2 2 2 2 2 2 2 2 2 2 2 2 2 2 2 2 2 2 2 2 2 2 2
left_child=3 6 10 7 5 13 11 36 18 -5 -3 30 20 35 27 -13 19 -18 49 -17 38 -12 -21 -7 -25 26 -11 53 29 -29 -2 -9 34 61 -23 -4 -1 -32 42 -20 55 -24 44 -44 45 -6 47 -47 -46 -8 51 -51 -53 -15 -55 57 -57 -33 59 -58 -16 -34
right_child=1 2 4 9 12 23 8 31 -10 25 21 15 -14 14 60 16 17 -19 39 22 -22 32 41 24 -26 -27 -28 28 -30 -31 37 40 33 -35 -36 -37 -38 -39 -40 -41 -42 -43 43 -45 48 46 -48 -49 -50 50 -52 52 -54 54 -56 56 58 -59 -60 -61 -62 -63
leaf_value=-0.032712586202232372 -0.025708722578952282 -0.058301466823097052 0.0390694023114024 -0.041976056846160813 0.021944057171228101 -0.040847083152842238 0.017144265708366503 -0.011798735460236647 0.030528474340938264 -0.038207383765400907 -0.043110929302976761 0.011988771348606085 -0.019384605296833109 -0.010083326761091013 -0.0068252568757416259 0.012206070935408249 -0.044446609562663199 -0.0013617140938411664 0.021292478211806638 -0.041018619778777056 -0.017321195367760459 -7.9187744394685432e-05 0.0076056223593725372 -0.013484966900614837 -0.024166030739026397 -0.030286582117774824 -0.01464220946739116 -0.00059797971855854893 0.0042197702902730116 -0.0090094058912126972 0.021032277174106231 0.020024000759053397 0.00092789496574829401 0.011801701840671407 0.016242880982685236 -0.035713249989977887 -0.015430775783769172 -0.00091505016388805302 0.011756804094754726 0.0082294646317280489 -0.016839776078654844 0.0020262723335243474 0.0014778539574182416 -0.010277325906508955 0.010650857926576716 0.0010647690728147314 -0.0097245550308119443 0.04561626051675477 0.0014481386074473653 -0.049353254141915187 0.01397698434369171 0.0098205875698616062 -0.0013103083409954251 0.012727191305719924 -0.0045517118947879373 -0.034078777936018274 0.0059119547847117085 -0.00033701065837710907 -0.008083761720616537 -0.0051402200088493102 -0.017175672194492796 -0.04378264512091417
leaf_weight=197.76385741282138 80.859930046775844 18.527010505553335 8.869859893107785 349.25578714025323 88.017002403968945 99.264353659411427 394.18304404977243 642.35543957568007 302.22841219138354 109.16869839647552 19.784308336267713 1533.831636174873 172.33936093212105 1184.0900426952867 1958.7063369355164 1657.2666076284368 45.131945857428946 1899.2729753017775 873.32958999625407 26.494025884661824 142.89960673847236 231.35172298061661 2934.7552310845349 1583.0170101821423 696.0473120372626 637.93486592327827 668.08350482824608 3252.9881640964886 1720.2846842734143 1019.3439730578102 93.635593410755973 181.2336003894452 706.28262295608874 1034.032124881167 1545.7429632805288 107.60504647181369 645.48452242187341 2202.6761039595003 591.15164999407716 347.55666754255071 178.05857380584348 2218.7538003623486 1580.7899792855605 360.89357170136645 1358.8144920993363 1046.4550535029266 355.60364260291681 42.337453070096672 704.62196242914069 17.23916824394837 542.39431271725334 683.85762581578456 674.46995608543511 166.73322050576098 1430.9297444360564 63.405581064638682 722.25791013787966 474.05584143253509 720.18606271059252 624.32155948807485 412.46413717791438 18.19209687714465
leaf_count=31695 11055 307 317 30025 708 5371 2228 29970 1199 7435 1542 23281 9846 40054 36067 11492 2734 53774 3280 517 2578 1363 16916 80268 34673 41578 33765 60771 14346 18948 6535 2069 8536 3450 5116 5121 51754 72297 3258 1886 5430 20802 10018 7609 6166 7816 3556 200 4780 140 2817 2833 3699 2545 22106 3662 9185 31017 35773 9165 12592 207
internal_value=-0.000110834 0.00182281 -0.00145323 -0.0126166 -0.00346535 -0.00633211 0.00651215 -0.00684622 0.0130376 -0.0271669 0.00985422 0.00454041 0.00260293 -0.00392024 -0.00364751 0.00579273 0.00471051 -0.00236177 0.0115413 0.00672175 0.00320714 0.0102094 0.00496712 -0.0177529 -0.0167471 -0.0235122 -0.017952 -0.00230221 -0.000645744 -0.00260488 -0.000893917 -0.00389087 0.0105077 0.00685934 0.014118 -0.0300184 -0.0194838 -2.01146e-05 0.00368578 0.0175738 -0.0021768 0.00520353 0.00282417 -0.000707038 0.00473095 0.000991164 -0.00028564 0.00279714 0.00750831 0.00835602 0.00654985 0.00362128 0.0042936 -0.00587065 -0.00274847 -0.00123948 -0.00324941 0.00529424 -0.0023036 0.000787778 -0.00862571 -0.00019482
internal_weight=46399.7 40186.1 23658.2 6213.57 20084.3 13640.3 16527.9 4449.12 3835.26 1764.44 3573.91 12692.7 6443.92 11262 11145.5 10315.5 8781.67 1944.4 3533.03 6837.27 6271.58 3555.39 5180 2378.33 2279.06 1415.19 777.252 8774.37 5992.62 4272.33 2377.17 3605.87 3535.6 1758.51 1777.09 116.475 843.248 2296.31 6128.68 1220.89 2963.52 5153.51 5537.53 1941.68 3595.85 1532.41 1444.4 1088.79 2063.44 2312.14 1917.96 1375.57 1358.33 2781.75 1597.66 2785.46 2130.17 655.289 2066.77 1346.58 2371.17 724.475
internal_count=970243 647720 410235 322523 389714 333179 237485 209720 18082 112803 20521 219403 56535 212867 207429 129516 106235 56508 16883 49727 46689 20214 38235 120312 114941 82778 41200 158770 94065 79719 89887 126271 18672 12193 6479 5438 83449 78832 44111 5166 96301 37718 40853 17627 23226 12280 11572 8016 10946 11717 9489 6672 6532 64705 24651 90871 57785 33086 54123 18350 48659 8743
is_linear=0
shrinkage=0.05


Tree=22
num_leaves=63
num_cat=0
split_feature=4 6 6 1 10 1 1 7 9 10 12 7 1 9 9 9 6 9 5 10 6 9 1 1 13 6 5 9 13 9 5 10 7 9 12 6 9 9 5 3 1 1 7 10 3 9 10 5 7 12 9 5 5 6 1 6 5 3 7 6 5 5
split_gain=440.178 397.747 155.525 128.061 97.3262 91.2538 68.6004 52.0202 58.1708 49.91 42.2176 42.1081 35.465 32.0859 29.7836 26.9984 25.6468 27.7482 22.8437 22.5766 21.4388 20.6614 20.488 19.413 16.9908 16.9068 23.3578 18.8593 17.6932 17.2538 17.0723 16.6938 16.6877 16.4876 16.0406 15.7989 27.4167 15.7823 15.7643 18.6798 18.4886 15.6933 15.5084 14.9757 14.7969 16.4738 21.7638 15.2379 18.8215 14.6989 14.5786 14.3765 14.2286 14.1565 14.0575 13.8949 17.8536 16.0149 13.853 13.7571 14.058 13.6947
threshold=0.39164464175701147 0.37711146473884588 0.37711146473884588 0.23368330299854281 8.7296881675720233 0.50076606869697582 0.24380752444267276 0.2657808661460877 0.20400134474039081 8.8223190307617205 0.4059648215770722 0.25247138738632208 0.15083770453929904 0.64848908782005321 0.50363564491271984 0.26859726011753088 0.44622917473316198 0.41596378386020666 3.7726949453353886 1.0000000180025095e-35 0.50104936957359325 0.16191840916872027 0.4369474351406098 0.63244789838790905 0.237531952559948 0.13008482009172442 2.8617925643920903 0.19400765746831897 0.23727313429117206 0.10099299624562265 5.0205800533294687 9.0806851387023944 0.2104606777429581 0.36249358952045446 0.092310994863510146 0.33609920740127569 0.31697301566600805 0.46411965787410742 2.8029010295867924 8.054997920989992 0.53272977471351635 0.53272977471351635 0.19202751666307452 8.9376769065856951 2.9174053668975835 0.094596564769744887 9.0489382743835467 3.9415346384048466 0.10824050381779672 0.12038390338420869 0.49472659826278692 2.1383330821990971 2.5249279737472539 0.54885500669479381 0.43107315897941595 0.31563769280910497 2.3502402305603032 4.4127798080444345 0.18944921344518664 0.56033393740654003 1.2424533367156985 4.3241107463836679
decision_type=2 2 2 2 2 2 2 2 2 2 2 2 2 2 2 2 2 2 2 2 2 2 2 2 2 2 2 2 2 2 2 2 2 2 2 2 2 2 2 2 2 2 2 2 2 2 2 2 2 2 2 2 2 2 2 2 2 2 2 2 2 2
left_child=1 3 9 12 19 13 -3 44 -9 22 18 15 -1 24 21 25 17 -8 59 -5 23 -13 -2 -12 -4 30 27 28 -27 58 -11 -14 -31 -26 -32 52 -37 -18 -23 54 -41 42 -30 50 45 46 -6 48 -46 -36 -20 -39 -10 -53 -40 56 57 -33 -28 60 -7 -45
right_child=2 6 5 4 7 10 16 8 35 11 20 14 31 -15 -16 -17 37 -19 43 -21 -22 38 -24 -25 33 26 29 -29 41 32 34 55 -34 -35 49 36 -38 51 39 40 -42 -43 -44 61 47 -47 -48 -49 -50 -51 -52 53 -54 -55 -56 -57 -58 -59 -60 -61 -62 -63
leaf_value=-0.026823556308205227 -0.012050089350639667 -0.035345676481433275 -0.015721892018768065 -0.025901677680598357 0.054769376944029551 -0.0056563191190795118 -0.028634839178933242 -0.046015401456610573 0.00036441042700366823 0.02138136384769343 -0.0015221018802295545 -0.049306988862141486 -0.032471838112420832 -0.02523037359878539 0.023124511251185323 0.020465315498683995 -0.050376366824509244 -0.011209029649555939 -0.00577026538631247 0.014518193496005166 -0.012442206721200695 0.0059680751411987686 0.018110677748467401 0.016358996582178226 -0.047658025962478305 0.025353716169163293 -0.0058887153320022461 0.023078569472546051 0.028692274795190344 0.0098028515893761568 -0.10199472687853815 -0.009796533572362277 0.0008422900739125113 -0.0043228558873181075 0.050027464478576138 -0.038202679231969947 -0.0044855738818535126 -0.034578131956531991 -0.0061565934492560162 -0.01317653213459179 -0.10087808992057122 -0.015992178289062943 0.0054227581515477663 0.00027499519736388776 0.040443066235806457 0.00037156980448761089 -0.025913056136699971 -0.0022354627733812923 0.0062788549265948767 -0.0058055792378487103 0.023950418249921428 -0.014848590170694776 -0.0059754851571529712 -0.029907173660043987 0.0037586853507706255 -0.016775085573509627 -0.01187628260848729 0.011537363121336316 -0.064547946866116909 -0.0092552844347539714 0.012413217566910219 -0.018129855560288267
leaf_weight=452.22618099919055 58.944131887517869 627.57587409741245 455.36261812050361 35.632120673020836 9.0625627115368825 115.46530351811089 265.96437818952836 79.526872320449911 3965.8449943646556 452.8346077959286 1654.0838346682722 17.762633154634386 81.953336379199754 275.23052960983478 220.78796643065289 602.93835495924577 51.969086960889399 1619.580812280532 69.150208630599082 1134.2035312559456 417.58682097052224 7381.0738100026501 1257.9931718048174 167.12692569359206 22.232577867922373 143.24523506406695 190.09901231410913 365.06868073297665 83.155442054849118 1337.7835418169852 3.8280752026475957 148.65708133671433 849.57379615679383 1721.2567935572006 13.825752036646007 60.901580458332319 6015.9053249419667 185.64951034355909 406.98184662591666 106.58596191043034 6.3684260025620452 72.391666916199028 515.42228217795491 336.99048743024468 41.033087260322645 868.55173604737502 107.55329115327913 570.49275036129984 2299.2235970068723 79.981853561592288 102.30489654373378 555.19067868101411 1139.2027577983681 217.10439431795385 2938.2984983195784 405.69862426997861 476.69163206909434 215.47424471005797 10.627635129843837 86.465932314982638 1588.1023431769572 144.37202646909282
leaf_count=58227 392 47719 15531 3955 309 519 14565 6392 66352 3754 17123 860 6668 14471 1951 5123 3417 61904 218 3859 11043 42409 4123 1205 852 756 2106 1519 375 12562 47 5249 9389 42782 53 3258 121222 7509 12590 1814 36 273 2308 2966 563 44299 14721 37448 37174 1683 331 38223 49936 15373 29498 19795 45778 4216 583 1401 7252 1526
internal_value=0.000198687 -0.00498784 0.00482098 -0.00199722 -0.000608592 -0.00136904 -0.0203592 -0.00168105 -0.00340393 0.00740893 0.00273561 0.00662938 -0.0147295 -0.00913617 0.0049443 0.0105836 -0.0171109 -0.013667 0.00728106 0.013287 -0.00222412 0.00457459 0.0167607 0.000118792 -0.00712166 0.00913675 0.00787823 0.0136356 0.00940173 0.0050351 0.0172927 -0.0106125 0.00632255 -0.00487546 -0.00167067 -0.00310087 -0.00482349 -0.0235408 0.00466289 0.00187716 -0.0181212 0.00599614 0.0086554 -0.000725384 0.00329902 -0.00199758 -0.019643 0.00509171 0.00687788 0.00242333 0.0119637 -0.022085 -0.00105035 -0.0190818 0.00255241 -0.00917535 -0.00550847 0.00282777 -0.00899448 0.010201 0.0111885 -0.00524506
internal_weight=45902.2 21630.9 24271.3 18107.8 16327.1 7155.73 3523.03 15157.3 11261.4 17115.6 4681.65 15798.6 1780.7 2474.08 11077.9 4720.78 2895.46 1885.55 2442.85 1169.84 2238.8 10857.1 1316.94 1821.21 2198.85 4117.84 3567.37 1179.28 814.215 2388.08 550.47 1328.47 2187.36 1743.49 97.6357 11181.9 6076.81 1009.91 10839.3 3458.23 112.954 670.969 598.578 652.818 3895.92 985.168 116.616 2910.75 2340.26 93.8076 171.455 957.945 5105.05 772.295 3345.28 1246.52 840.823 364.131 200.727 1790.03 1703.57 481.363
internal_count=969555 718131 251424 529421 389488 117220 188710 381674 247160 134204 43584 129689 139933 73636 89158 40531 140991 76469 14213 7814 29371 87207 4515 18328 59165 35408 29871 5231 3712 24640 5537 81706 21951 43634 1783 240768 124480 64522 86347 43938 1850 2956 2683 5041 134514 59329 15030 75185 37737 1736 549 61105 116288 53596 42088 75038 55243 9465 2689 9172 7771 4492
is_linear=0
shrinkage=0.05


Tree=23
num_leaves=63
num_cat=0
split_feature=4 6 1 1 6 10 6 10 9 10 6 4 7 9 9 9 1 10 9 10 2 9 6 6 1 2 7 9 9 10 6 4 10 8 8 7 9 7 3 12 13 9 6 3 9 12 4 2 9 3 6 6 10 9 8 1 9 3 1 10 6 6
split_gain=374.539 272.026 201.098 154.006 111.67 65.0468 69.6305 53.6003 53.0768 49.3095 47.6302 46.2921 37.6424 42.1899 32.1473 26.3043 26.0484 25.4898 22.8843 22.1231 21.8947 20.0727 19.3191 18.9136 20.1542 22.4228 17.0372 16.9657 16.8525 16.6659 16.3009 15.6143 15.4875 15.6546 20.9734 15.0667 21.9928 14.5435 14.304 13.8325 13.5536 13.3511 15.6282 13.1459 12.8109 14.2403 12.5247 16.6564 12.5026 12.3023 11.9595 11.9275 11.7815 14.8839 11.739 11.6885 11.6859 12.2911 11.6696 11.6489 11.1231 10.5987
threshold=0.26814158260822302 0.37711146473884588 0.49382147192955023 0.41913609206676489 0.35774034261703497 8.7296881675720233 0.2657808661460877 8.8223190307617205 0.20400134474039081 11.131393909454347 0.47344884276390081 0.10774196684360506 0.29702274501323706 0.36813701689243322 0.41596378386020666 0.22061753273010257 0.16831260174512866 8.7140464782714862 0.30406183004379278 11.838943004608156 0.14776874333620074 0.5069728195667268 0.3184697180986405 0.55655977129936229 0.62213659286499035 0.51562729477882396 0.40593741834163671 0.023774610832333568 0.29702013731002813 11.756690979003908 0.42974774539470678 0.58086121082305919 11.85598659515381 0.27497014403343206 0.33539009094238287 0.29702274501323706 0.26039023697376257 0.40593741834163671 2.0126758217811589 0.9999963939189912 0.19575417041778567 0.37809175252914434 0.47045868635177618 8.8337740898132342 0.40197506546974188 0.80634185671806347 0.39029267430305487 0.54006591439247142 0.048475053161382682 8.1012215614318865 0.12670616060495379 0.13718584924936297 8.8223190307617205 0.090086802840232863 0.23850990086793902 0.29554402828216558 0.2991225421428681 4.7317931652069101 0.6297823190689088 11.838943004608156 0.37811204791069036 0.31404413282871252
decision_type=2 2 2 2 2 2 2 2 2 2 2 2 2 2 2 2 2 2 2 2 2 2 2 2 2 2 2 2 2 2 2 2 2 2 2 2 2 2 2 2 2 2 2 2 2 2 2 2 2 2 2 2 2 2 2 2 2 2 2 2 2 2
left_child=4 3 10 5 11 17 27 43 -8 18 14 -1 13 31 37 -14 -6 -2 -4 46 59 -12 54 24 25 -20 -26 -7 -24 -23 44 -9 33 -17 61 48 -37 -3 52 -30 -32 -18 -43 -5 -11 -46 -16 -48 50 56 -22 -40 -29 -54 -10 -38 57 -36 -42 -13 -27 -35
right_child=1 2 9 7 16 6 8 12 22 30 21 20 15 -15 19 32 41 -19 23 -21 35 29 28 -25 26 60 -28 38 39 -31 40 -33 -34 34 49 36 55 -39 51 -41 58 42 -44 -45 45 -47 47 -49 -50 -51 -52 -53 53 -55 -56 -57 -58 -59 -60 -61 -62 -63
leaf_value=-0.034626065296314026 -0.0010228659488179545 -0.018260436150637525 -0.07265717011205941 0.016179977190470773 -0.042959796281862167 -0.035350204343350226 -0.046328226124635163 0.0071752601849021588 -0.0087945288553607469 -0.021929816386856916 -0.047247976270216777 -0.027537941961179549 -0.0575897797162363 0.025022423624353508 -0.0096379814170450273 -0.0028101928537077538 -0.043764902676560427 0.015869573478067528 0.015797130484773155 -0.015719968688079181 -0.0089393266076268473 -0.016067933434305647 -0.029440660512798807 -0.0097017478293370298 0.026356305722666673 -0.016384693722087298 0.0079154502024284239 0.032464761602559365 -0.0024760904112092726 -0.029318502519917577 -0.039575887538322786 0.014834447911786975 -0.0010760901617439529 0.0017453686751397351 -0.041476860221053152 -0.045259525369900924 -0.011754513851694834 -0.040402700717382826 0.014854148756202943 -0.0080767848079864278 -0.013723911391591473 -0.016783553237175518 -0.034255055543110632 0.043924509380899431 -0.012926354664309298 0.0038639185018773873 0.0028584104885262082 -0.009318655996518304 -0.0025053134576907034 -0.019826135415831992 -0.053757887620574533 0.0057113411194400958 -0.023840071127931711 0.00037639951227208919 0.0011988819122136572 0.0072044527683169119 0.0045155375906231962 -0.0028960353991834323 0.013526859929749431 -0.0051353391590041823 0.0026245418381250652 0.011771156059162303
leaf_weight=179.1036832764803 297.98674934933661 356.15699100337224 9.6375074232928437 1219.180265068775 268.24623744148994 25.683414776227437 68.466006837494206 5626.8759837136604 317.00083757075481 75.565386018715799 73.393428982817568 209.97266693454003 17.384004776948132 389.94945738860406 1249.8795507255709 567.80474171158858 80.185685373784509 891.19847908057272 335.20839212043211 813.80027747550048 41.55153208936099 753.44134707865305 63.206670674786437 220.07314542878885 187.55686219129711 79.560801391722634 377.02597795356996 25.748329888097942 5963.3656849665567 346.40258464671206 46.495529216481373 754.6671280588489 1242.2322252825834 315.93319449177943 26.413196626119316 46.209776039700955 839.50667897047242 93.66141746530775 407.34530872793403 1352.4720507948659 446.97757615649607 424.02015583741013 183.3347311723046 44.24423997476697 167.07664184831083 517.21126382332295 650.47161250002682 494.17132170707919 1359.8972219963034 55.418811134528369 23.19275677355472 2870.504713917675 70.18450609757565 661.31333438795991 4026.1431925173383 90.012658196035773 3151.6249134405516 94.507954735076055 43.071684552356601 80.186744796927087 2349.5704403456766 1591.5891672249418
leaf_count=29480 4536 13812 132 4082 24468 4466 5451 43766 10334 686 3928 18139 534 2652 50550 4838 6217 2794 1492 30551 6019 47130 3667 5402 651 413 1815 168 110885 20375 1532 3055 11497 2075 227 3804 33210 4882 10365 37336 11945 27430 13306 175 1028 4738 13778 11978 76472 591 3708 62459 9178 35565 74925 2135 20401 761 1100 4605 16819 9589
internal_value=3.26979e-05 0.00140238 -0.00594257 0.00361612 -0.0149426 0.000358193 -0.000487924 0.00729328 -0.00243271 0.00124417 -0.0131645 -0.0100124 0.00639297 0.00905662 -0.010353 0.00383922 -0.0297449 0.0116367 0.00428552 -0.00859793 -0.00837387 -0.0219307 -0.00217633 0.00449447 0.00543297 0.00367476 0.0140416 0.00515884 -0.00373359 -0.0202413 -0.00710439 0.00808102 0.00399079 0.00507538 0.0059306 -0.00680567 -0.0115923 -0.0228709 0.00541668 -0.00351149 -0.0137766 -0.0245891 -0.0220575 0.0171516 -0.00239305 -0.000235617 -0.00617744 -0.00239874 -0.00352735 0.00353468 -0.0249943 0.00684754 -0.000776989 -0.00194708 0.000469475 -0.00991857 0.00393029 -0.0113234 -0.0113288 -0.0213469 0.00200194 0.0101106
internal_weight=45650.3 41824.9 9686.41 32138.4 3825.42 17040.6 15851.4 15097.8 11790.7 4855.03 4831.38 2869.63 13834.4 6771.49 3658.14 7062.91 955.787 1189.19 3558.63 3208.32 2690.53 1173.24 11722.2 3549 3328.92 2764.34 564.583 4060.78 7379.04 1099.84 1296.4 6381.54 7045.52 5803.29 5235.49 2400.37 975.729 449.818 4035.1 7315.84 536.545 687.541 607.355 1263.42 759.853 684.288 2394.52 1144.64 1424.64 3327.96 64.7443 3277.85 757.246 731.498 4343.14 929.519 3272.55 120.921 490.049 290.159 2429.13 1907.52
internal_count=970102 721109 244737 476372 248993 372129 364799 104243 242598 47753 196984 177572 99986 49473 125551 50513 71421 7330 26724 106857 148092 71433 237147 26592 21190 18724 2466 122201 151888 67505 21029 46821 49979 38482 33644 125348 39149 18694 117735 148221 14577 46953 40736 4257 6452 5766 76306 25756 86199 21980 9727 72824 44911 44743 85259 35345 21389 988 13045 22744 17232 11664
is_linear=0
shrinkage=0.05


Tree=24
num_leaves=63
num_cat=0
split_feature=1 7 6 1 6 1 2 11 6 1 11 7 9 9 5 6 9 13 11 4 1 13 6 6 9 13 0 13 9 7 9 11 5 4 4 2 5 6 3 7 8 2 8 9 2 9 5 7 9 13 9 5 7 5 2 2 1 0 5 13 7 5
split_gain=332.45 202.206 156.651 133.324 142.921 71.2317 48.926 42.4929 39.1822 36.9824 34.7542 29.6061 27.9054 25.2009 24.7763 23.9837 45.9525 23.9714 24.7586 21.9314 26.8957 20.6195 19.7086 19.0539 18.0266 17.9383 17.9379 17.7648 19.092 17.5145 16.9453 16.7657 16.3721 16.2239 16.0131 19.0717 15.968 28.0293 15.6015 15.4462 20.2397 20.6608 19.9922 15.1061 15.0403 19.1031 18.8807 22.7972 17.8428 17.4679 15.8119 15.0252 17.3496 15.6817 14.4409 13.447 15.3921 13.4283 13.3618 14.1119 30.548 13.3105
threshold=0.30649603903293615 0.32040852308273321 0.34017875790596014 0.50076606869697582 0.37711146473884588 0.51209816336631786 0.17190404236316684 6.5000000000000009 0.44622917473316198 0.18145621567964557 1.0000000180025095e-35 0.54109632968902599 0.3831098079681397 0.41596378386020666 2.4414010047912602 0.24200052767992022 0.15512134879827502 0.28290329873561865 1.0000000180025095e-35 0.5510709583759309 0.50161772966384899 0.4203601479530335 0.4146538525819779 0.57286626100540172 0.36075122654438024 0.237531952559948 6.4109966754913339 0.56470128893852245 0.078748404979705824 0.1363976672291756 0.30406183004379278 5.5000000000000009 4.2696731090545663 0.2007761895656586 0.3670667856931687 0.42601296305656439 4.2555875778198251 0.19261258840560916 4.1666352748870858 0.56736728549003612 0.62546247243881237 0.63781714439392101 0.51837387681007396 0.46904975175857549 0.23297727108001712 0.08653349801898004 3.3497501611709599 0.16475966572761538 0.098035763949155821 0.55362844467163097 0.15933437645435336 4.135134458541871 0.2517982572317124 2.5249279737472539 0.60135018825531017 0.63566216826438915 0.42367811501026159 8.0115184783935565 2.5249279737472539 0.14563074707984927 0.3018276989459992 1.7005987167358401
decision_type=2 2 2 2 2 2 2 2 2 2 2 2 2 2 2 2 2 2 2 2 2 2 2 2 2 2 2 2 2 2 2 2 2 2 2 2 2 2 2 2 2 2 2 2 2 2 2 2 2 2 2 2 2 2 2 2 2 2 2 2 2 2
left_child=2 5 6 4 7 15 33 17 13 -4 30 19 27 -6 -10 44 54 18 -3 20 -12 -8 24 43 -11 -15 -9 28 38 -30 -5 -20 55 -1 -19 -36 -29 -38 -7 -32 42 -42 -41 -16 45 -2 -46 49 -49 50 -48 52 53 -31 -17 56 58 -27 59 60 -18 -54
right_child=1 3 9 10 8 12 21 26 14 22 11 -13 -14 25 23 16 32 34 31 -21 -22 -23 -24 -25 -26 57 -28 36 29 51 39 -33 -34 -35 35 -37 37 -39 -40 40 41 -43 -44 -45 46 -47 47 48 -50 -51 -52 -53 61 -55 -56 -57 -58 -59 -60 -61 -62 -63
leaf_value=-0.02758718765896738 -0.025043266160144313 0.010906845278623938 -0.038098222802834952 -0.037399604774140636 -0.020059034871057001 0.075789751343283543 -0.0012043200977379703 -0.0047323367442280474 -0.028838885043083878 -0.033401316158007607 0.019099195381448109 -0.01815940771160408 0.02545995997465806 -0.014332902981275175 -0.039271249911375754 -0.053200795016446437 0.053775568396053089 -0.0052973796532172421 -0.00421531590461258 0.0055573901458449947 -0.0018229111537564424 -0.0093831410909146745 -0.027120587447854956 -0.027506479084514052 -0.011318700666893302 -0.003454878188763064 -0.017742834465384261 0.020409936024076369 0.027874650491223858 0.035401676329612088 0.011793985476153682 0.0047065070443056724 -0.010971806896089798 -0.011900291507510102 0.0076214970425069074 -0.0020081198769217744 0.022711835994286042 -0.0099989223207514986 -0.053544348900702844 0.029965650384369359 0.028070615603009233 -0.040341147983776693 -0.045236268808459497 -0.01002991306968299 0.011304842590590043 0.0026294448012851059 0.0030790822759221154 -0.056229227280610167 -0.00035962592493605236 0.024499411380845687 0.016812609185269091 0.00024189111719009508 0.013834910942366059 0.013174716260381251 0.027687874660706324 -0.010536888744253379 0.0062162298631219083 -0.024971208181911096 -0.0030274391411546464 0.0026741571734718006 -0.019343962348736417 0.0027946550028319123
leaf_weight=279.77356236803462 72.35955499735428 981.42882178653963 369.50539525790373 18.642164206132293 390.9698473867611 2.6496301670558777 2492.5852267495648 2683.5541458496591 391.899799086852 108.89046981930733 163.19183330330998 176.74342025071383 334.629853741033 563.79938178893644 46.334039884270169 47.4406039150781 38.784842752851546 1643.7652196729905 837.64823428110685 3027.7636097914074 2615.3967011050554 1115.479363110353 567.46495751838665 225.31301395816263 610.89125996283838 1956.3006580190267 293.94351858575828 667.60820817714557 113.43495319969952 90.893495206721127 1612.6786368801259 1417.8943076377036 215.73573342268355 401.16598801504006 764.46023314114427 1570.4673785668565 127.03253603028134 135.17808154644445 19.434717427939177 11.157192922197281 47.879965802188963 14.342230795416979 42.512579816859215 944.3467357289046 1998.7005178973777 451.51809957006481 777.75336659164168 14.510858759924302 941.82790923083667 159.9842085710261 286.8971820488805 522.1987934759818 397.90977783035487 625.10946358088404 6.2439167789416379 179.61333480174653 2859.2985030924901 75.305931134149432 1183.3832284235395 3650.3905807588017 22.612113379873335 869.74914524308406
leaf_count=37476 11059 5957 34658 102 15590 30 87550 48081 15160 7782 1296 9655 1264 19560 3004 3142 164 40662 21457 18089 24794 64297 39151 15856 30982 53655 5053 2085 599 284 6036 16249 11780 20153 7726 19223 388 443 613 57 237 87 196 54857 14089 25692 14041 1559 24638 2161 3677 4185 1541 2771 98 1860 18510 1517 37527 55075 106 4383
internal_value=-7.75302e-05 0.00158832 -0.011097 -0.00150953 -0.00429126 0.00573731 -0.00605286 -0.000991175 -0.011613 -0.0241551 0.00381168 0.00199999 0.0116535 -0.00822489 -0.0179059 0.003947 0.00231497 0.0010826 0.00427766 0.00261363 -0.000594116 -0.00373291 -0.0201528 -0.0143824 -0.0146594 -0.00644221 -0.00601675 0.0103598 0.00826749 0.00865782 0.0100156 0.00139318 0.00261869 -0.0183455 -0.00151683 0.00114464 0.0163036 0.00584838 -0.0380271 0.0105269 -0.00710437 0.0123017 -0.0296028 -0.0113975 0.00679343 -0.00119279 0.00779442 0.00457738 -0.00120735 0.00909477 0.00677993 0.00778792 0.00977441 0.0159963 -0.0437928 0.00298823 0.00330151 -0.00425243 0.001599 0.00307399 0.0268461 0.00626012
internal_weight=45276.4 39330.6 5945.76 22517.7 14787.4 16812.9 4289 10193.2 4594.27 1656.75 7730.31 5983.1 3905.83 2986.38 1607.89 12907.1 8203.5 7215.66 3236.97 5806.35 2778.59 3608.06 1287.25 1215.99 719.782 2595.41 2977.5 3571.2 2641.38 2619.3 1747.21 2255.54 8149.82 680.94 3978.69 2334.93 929.819 262.211 22.0843 1728.57 115.892 62.2222 53.6698 990.681 4703.55 523.878 4179.67 2180.97 956.339 1224.63 1064.65 2505.86 1983.66 716.003 53.6845 7934.08 7754.47 2031.61 4895.17 3711.79 61.397 1267.66
internal_count=969969 647920 322049 404156 343607 243764 209476 164408 179199 112573 60549 53834 18586 90322 88877 225178 128262 111274 43663 44179 26090 151847 77915 73717 38764 74732 53134 17322 14406 13763 6715 37706 125022 57629 67611 26949 2916 831 643 6613 577 324 253 57861 96916 36751 60165 46076 26197 19879 17718 13164 8979 3055 3240 113242 111382 55172 92872 55345 270 5924
is_linear=0
shrinkage=0.05


Tree=25
num_leaves=63
num_cat=0
split_feature=1 6 7 1 1 1 7 10 9 13 9 6 2 9 7 4 9 6 7 7 6 12 1 7 9 9 10 9 0 9 6 9 0 9 4 12 10 0 2 2 0 4 1 9 0 13 2 13 9 0 6 8 12 9 2 0 12 10 10 4 2 9
split_gain=308.596 338.421 133.05 106.295 63.7212 60.6875 56.874 60.9784 48.9432 47.0828 34.6633 31.5609 29.8968 28.3664 28.1155 24.9357 23.9835 25.4387 21.8948 21.5005 20.8793 20.4604 26.206 18.5885 19.7899 18.0107 17.6318 17.6203 16.7576 16.0009 15.6118 15.4925 15.4415 14.2844 14.2842 14.2118 13.8702 13.5154 13.1248 13.0715 12.8863 13.4448 16.0577 20.2804 12.7306 11.8075 12.1042 20.4812 20.0259 15.4832 16.4672 13.3508 11.4157 24.3356 11.858 24.9283 19.0245 10.9744 10.9353 10.5938 10.5758 10.5737
threshold=0.41913609206676489 0.37245103716850286 0.31710684299469 0.23368330299854281 0.62213659286499035 0.20411912351846698 0.2657808661460877 8.7296881675720233 0.20400134474039081 0.25943198800086981 0.38466042280197149 0.47508443892002111 0.11850539967417718 0.37809175252914434 0.44202470779418951 0.58086121082305919 0.26301880180835729 0.37711146473884588 0.16267645359039309 0.57235059142112743 0.3184697180986405 0.48904153704643255 0.5113796889781953 0.29702274501323706 0.26301880180835729 0.018642326816916469 8.7140464782714862 0.29187391698360449 6.0294818878173837 0.40054003894329077 0.50140967965126049 0.028990741819143299 7.6729905605316171 0.5069728195667268 0.50241306424140941 0.4201971590518952 12.501635551452638 8.1012215614318865 0.21788126975297931 0.71369239687919628 6.7280302047729501 0.57175534963607799 0.55814895033836376 0.21800297498703006 5.3821961879730233 0.19651870429515841 0.58959981799125682 0.19799309968948367 0.12190329656004907 3.5114340782165532 0.20738079398870471 0.36197738349437719 0.96964770555496227 0.028990741819143299 0.59514522552490245 4.9663290977478036 0.84522587060928356 1.0000000180025095e-35 11.115688800811769 0.4168627411127091 0.3644657582044602 0.053262718021869666
decision_type=2 2 2 2 2 2 2 2 2 2 2 2 2 2 2 2 2 2 2 2 2 2 2 2 2 2 2 2 2 2 2 2 2 2 2 2 2 2 2 2 2 2 2 2 2 2 2 2 2 2 2 2 2 2 2 2 2 2 2 2 2 2
left_child=1 3 10 12 9 -3 25 26 -9 14 15 13 -1 -7 28 18 -11 29 32 -6 -10 22 60 31 -25 -5 -8 -22 -4 -18 -23 -14 39 -13 -12 -26 -29 -24 61 52 45 42 -42 -44 57 -20 48 -48 49 -47 59 -49 54 -54 -2 -56 -57 -15 -34 -51 -19 -27
right_child=2 5 4 6 19 11 7 8 20 16 34 33 23 44 -16 -17 17 21 40 -21 27 30 37 24 35 38 -28 36 -30 -31 -32 -33 58 -35 -36 -37 -38 -39 -40 -41 41 -43 43 -45 -46 46 47 51 -50 50 -52 -53 53 -55 55 56 -58 -59 -60 -61 -62 -63
leaf_value=-0.035396580423071901 0.016107678839223639 -0.036821263385105753 -0.0009782778656691575 -0.047816992197941291 0.012079163936915495 -0.033194693917719349 -0.0035558306208831551 -0.043435280938341508 5.5744066501832633e-05 -0.043275230165394737 0.010119408671388032 -0.047059662627523313 -0.047046839264825988 -0.057354739240879006 -0.021523991745780638 0.014462613905451536 0.0024698579620590086 0.011273454322321318 -0.0015225884754373337 -0.024638320651402604 -0.031597198220662613 -0.0033883745878524421 0.0058516095792757461 -0.048974105110295596 -0.025522393922490002 -0.027394547751645262 0.012715515472661563 -0.0034530585437792891 -0.012589048467775053 0.010123348820484615 -0.01584226506661858 -0.0053456100338730682 0.0059683072157270221 -0.022012494354570169 0.02741291377440291 -0.0097725756111370111 -0.012397610156361566 -0.010348529393334574 0.0061639671648502318 -0.052515112737851956 0.00096431076145875793 -0.057126182260906856 0.044492366873707404 0.0033839908225305592 -0.01664408437328898 -0.061253789647075743 0.028214207681120686 0.0036249093065937365 0.010517719750985649 0.071424027405620802 -0.048563152467302514 -0.020064022073975209 -0.068373749010105345 0.02481829715834075 -0.088604604609336696 0.010355422268749664 -0.058158759187199531 -0.0088084054430382971 -0.029194462135609917 0.00074232886646297081 -0.0067240484408831796 0.00066924946796798924
leaf_weight=139.78228441637475 376.53256519627757 362.36225465292227 905.97398854407948 16.336570795741864 1348.1552749145776 160.17702650689171 206.05393748017377 73.806048896192806 4599.5173112566117 30.43627758405637 183.6333156588953 61.417951618030202 22.869505538605154 11.718826261349021 314.68372775847092 1315.4988141465001 3418.8794021534268 89.388132741558366 355.73290478426497 41.08465738967061 58.341029069095384 1589.0923766717315 1811.0845702153165 46.368211379187414 217.32115012116265 34.777258973306743 867.11900264956057 6949.0317824902013 473.01507753692567 853.36900930455886 298.98725749214645 852.76486780730193 79.04781410144642 777.74047779821558 341.40200917422771 420.13110105163651 462.24659558484564 138.5983648551628 3648.2961144535802 6.9064844558015457 1495.8133740195772 9.539596089627592 49.492129681166261 76.188110526651144 825.69658485060791 14.123861591215244 82.150481541175395 1195.5272545209154 2826.1569299517432 5.848792540607973 16.678093296824954 62.591826123534702 7.1389385662041596 374.10107052046806 7.7120479606091967 110.7763788937591 11.15190186165273 1763.1147325463244 30.697179801762104 56.625710377003998 940.04940927261487 962.04576461471152
leaf_count=20081 3014 33384 11771 4254 6472 9281 3248 6694 95041 758 2133 3913 5962 672 14003 4911 22075 894 3619 758 3827 23204 11313 4803 15520 5815 2795 144045 7341 6514 11929 74176 769 54377 1298 18571 10798 1216 85122 78 12531 46 142 270 32773 319 504 8354 19031 40 262 709 349 2348 154 951 111 81348 195 480 20091 52637
internal_value=-4.3279e-05 -0.00399118 0.00431066 -0.00129405 0.00091025 -0.0173174 -0.000158178 -0.00183305 -0.00284272 -0.000379178 0.00889368 -0.0153541 -0.0132445 -0.0127729 -0.00803836 0.00812931 0.00103547 0.00118303 0.00698023 0.0109933 -0.00259448 -0.00128839 0.00129241 -0.0112588 -0.0174361 0.0045904 0.00959135 -0.0042264 -0.00496096 0.00399862 -0.00536051 -0.00643475 0.0138334 -0.0238457 0.0213644 -0.015142 -0.00401094 0.00469998 0.00477471 0.0160055 0.00587864 0.00205839 0.00240659 0.0195722 -0.0115151 0.00722866 0.00795949 0.00402579 0.0097654 -0.013029 -0.00442388 0.00244638 0.0165388 0.0230732 0.0116172 -0.00142523 0.00408892 -0.00912895 -0.0038672 0.00735947 -0.00516129 -0.000309843
internal_weight=44882.9 23539 21343.9 19576.8 12252.8 3962.23 17877.6 13216.1 12142.9 10863.6 9091.07 3599.87 1699.24 2760.71 1693.67 8566.03 9169.88 9139.45 7250.53 1389.24 12069.1 4867.2 2979.12 1559.45 683.82 4661.46 1073.17 7469.62 1378.99 4272.25 1888.08 875.634 1004.06 839.158 525.035 637.452 7411.28 1949.68 4645.12 894.319 6246.47 1631.03 1621.49 125.68 2600.53 4615.44 4259.7 1340.27 2919.43 93.2765 79.1526 1258.12 887.413 381.24 506.173 129.64 121.928 1774.83 109.745 62.4745 1029.44 996.823
internal_count=970094 769137 200957 553389 138339 215748 414276 266448 260405 131109 62618 182364 139113 124074 33115 59187 97994 97236 54276 7230 253711 68647 33514 119032 38894 147828 6043 158670 19112 28589 35133 80138 7969 58290 3431 34091 154843 12529 143574 7005 46307 12989 12943 412 114793 33318 29699 9567 20132 1101 782 9063 6927 2697 4230 1216 1062 82020 964 520 20985 58452
is_linear=0
shrinkage=0.05


Tree=26
num_leaves=63
num_cat=0
split_feature=1 6 7 10 6 1 4 1 5 6 6 9 1 6 9 9 6 5 9 10 10 12 10 5 7 9 6 9 7 3 4 9 10 10 1 8 0 12 0 9 10 7 12 0 5 1 0 12 13 0 10 5 9 7 5 13 9 13 10 5 8 9
split_gain=278.719 183.641 177.545 154.882 75.9735 64.484 62.6526 50.1174 49.9407 38.0587 34.8402 34.0537 28.7916 26.5916 25.5324 20.9508 19.2353 30.7379 23.092 22.4386 18.9708 18.9428 18.5166 18.4483 22.2267 36.6022 18.3046 29.1406 18.0508 17.5425 17.2233 17.1023 16.1868 19.0979 25.7559 16.1158 15.5485 19.4557 15.2988 15.2075 14.8336 14.5582 14.5269 14.4162 14.5232 18.7655 16.9307 15.0232 14.356 14.0629 13.9146 13.7551 13.5543 16.5254 15.9236 15.2455 13.4425 13.2998 20.615 34.7735 17.4818 13.2827
threshold=0.33543421328067785 0.37711146473884588 0.29702274501323706 9.1288576126098651 0.44622917473316198 0.49855451285839086 0.18871082365512851 0.46644434332847601 2.4414010047912602 0.54885500669479381 0.29702274501323706 0.24719034880399707 0.20411912351846698 0.37711146473884588 0.25158660113811498 0.36813701689243322 0.16871561110019687 2.9174053668975835 0.094596564769744887 10.730455398559572 8.7296881675720233 0.94700142741203319 1.0000000180025095e-35 2.7403194904327397 0.17793822288513186 0.10099299624562265 0.20199120044708255 0.098035763949155821 0.24046788364648822 3.4811217784881596 0.077677953988313689 0.24498636275529864 11.715233325958254 11.300400257110597 0.35156591236591345 0.33476777374744421 2.8029010295867924 0.11357812955975534 3.1567740440368657 0.41963079571723944 10.72174644470215 0.52464145421981823 0.38523857295513159 8.5394430160522479 3.65057384967804 0.46442344784736639 8.2956385612487811 0.088133689016103758 0.14288217574357989 5.3683068752288827 11.318017005920412 4.3502571582794198 0.048475053161382682 0.081275444477796568 3.6242519617080693 1.2954229712486269 0.41596378386020666 0.30845297873020178 9.2310247421264666 5.0530509948730478 0.17755992710590365 0.395151898264885
decision_type=2 2 2 2 2 2 2 2 2 2 2 2 2 2 2 2 2 2 2 2 2 2 2 2 2 2 2 2 2 2 2 2 2 2 2 2 2 2 2 2 2 2 2 2 2 2 2 2 2 2 2 2 2 2 2 2 2 2 2 2 2 2
left_child=1 6 7 20 5 11 30 26 41 21 23 -5 -3 32 -12 16 52 19 -19 35 22 39 -4 28 51 -26 43 -28 48 -21 -1 -7 33 34 -13 40 37 -36 -33 -10 -18 -6 -31 44 45 46 47 -2 -8 -34 -35 -25 55 -54 -55 -9 -15 60 -59 -60 -56 -14
right_child=2 12 3 4 8 31 10 15 9 -11 14 13 61 56 -16 -17 17 18 -20 29 -22 -23 -24 24 25 -27 27 -29 -30 42 -32 38 49 50 36 -37 -38 -39 -40 -41 -42 -43 -44 -45 -46 -47 -48 -49 -50 -51 -52 -53 53 54 57 -57 -58 58 59 -61 -62 -63
leaf_value=-0.037959541607120312 0.039632133037035916 -0.036272834911615599 -0.033864383175127084 -0.035639615098332113 -0.020858453255789423 -0.046410223662741314 0.07662454824131526 -0.039220097032396338 -0.046051560598118019 -0.020376485091919458 -0.041079910663703895 -0.0072910011491356041 -0.038037341872776867 -0.017243952524793878 -0.0060321489396794404 0.022505094994668878 0.019473733856241744 -0.068695347698412262 0.0047318340650408242 0.033366960427063136 0.0054411177815420269 -0.012853141107147718 0.013203287369812401 0.0099605964890639477 -0.057388473862060876 -0.005844387348946334 -0.065663657031086869 0.0028289950097683727 0.0014662748431223376 -0.028246826416231115 -0.014730527360045865 0.017612473407737476 -0.0026929390975441439 0.023038384422951072 -0.042214810055483949 -0.029060600300336571 -0.0013357479903716872 0.01000688313985649 0.0033187453756575863 -0.0005579557249716559 0.049388728233023621 -0.050059539965968264 0.0077109606889624845 0.029671270192023605 0.0031029945034124259 -0.084513031634792263 -0.10411078948255328 0.011431043950694792 0.01216413775505602 -0.010614026357143038 0.0022523545173934747 -0.0081969629712815902 0.045693538756551001 0.031189048413544074 0.025246712910972385 0.022262821881891437 -0.0059766126409415369 0.023014539293413988 0.0030412912431196856 -0.069845852124549093 -0.040174964428800891 -0.018478972120933655
leaf_weight=88.728264357516309 50.079835211799946 343.76109767809976 21.144043244945351 78.860226330754813 489.80803638836369 16.983841862296686 8.819867540150879 22.018942353781313 18.591170014580712 411.8652395834215 52.918996112595778 1638.0464453834575 93.820824381517014 302.35094074421795 2882.437346055638 360.38953777751885 650.63434250932187 10.764526339946313 2020.5997923531104 65.337709481827915 1851.2526078356896 439.4876238766592 1778.5123558482155 383.99700476427097 35.866367548005655 867.32851889252197 15.579141764173981 4848.2109123620321 1159.262823115685 29.080052746925503 792.88958027001354 194.3474076804705 2389.9782757022767 82.834267347352579 18.458529914729297 16.205381516367197 1878.4990989418002 528.39090720238164 5090.393348667887 1540.6471806298941 44.257807526737452 46.757106890203431 823.67068537673913 76.551246330374852 916.26301326602697 4.9998407689854494 3.0949965296313158 828.39488581370097 417.63993942481466 731.93452730774879 2873.8098909363616 143.19594543607673 52.306599754141644 146.54833479039371 210.98233080515638 18.599355511832982 2126.5626916151959 116.96734198974445 191.09199190093204 17.896438329014927 10.730709996540098 1161.3643427770585
leaf_count=16567 622 32294 1786 4379 13620 333 41 777 721 29050 4262 48962 6266 12282 74897 1803 2388 373 15719 268 12208 23065 6904 17079 4761 50633 2127 91258 19685 118 77507 1271 43038 901 210 84 24789 6540 33320 33236 120 1771 3599 434 27990 57 27 15328 6972 12148 34925 15792 300 582 1002 121 62679 352 1614 419 208 67216
internal_value=-1.35258e-05 -0.00819827 0.00189818 -0.000507062 -0.002167 -0.000945494 -0.00462886 0.00700996 -0.0096073 -0.00653654 -0.00278614 -0.00288555 -0.0234521 -0.00268008 -0.00666399 0.0109102 0.00997073 0.00844595 0.00434273 0.0135621 0.00899476 -0.00368463 0.0126503 0.000987893 -0.0031294 -0.00789123 0.00422895 0.00260961 0.00470186 0.00839788 -0.0170684 0.00368341 -0.00155468 -0.000222601 -0.00244718 0.0202295 0.000824261 0.00824418 0.0038444 -0.00110039 0.021379 -0.0234031 0.00648475 0.00841975 0.00751738 0.0120796 0.0126274 0.0130387 0.0134973 -0.00455004 0.0028347 0.00502865 0.0170616 0.018592 0.0165501 -0.0110667 -0.00737917 0.0126329 0.00620674 -0.0032003 0.0220804 -0.0199409
internal_weight=44532.8 8432.03 36100.8 24549.5 20898.6 17951.5 6833.08 11551.3 2947.16 2410.59 5951.47 12649.7 1598.95 12570.9 2935.36 4808.08 4447.69 3660.55 2031.36 1629.19 3650.91 1998.73 1799.66 3016.11 1430.39 903.195 6743.17 4863.79 1585.72 918.088 881.618 5301.72 10142 7020.04 4063.39 711.098 2425.35 546.849 5284.74 1559.24 694.892 536.565 852.751 1879.38 1802.83 886.57 881.57 878.475 426.46 3121.91 2956.64 527.193 787.142 746.524 694.217 40.6183 2428.91 547.669 325.956 208.988 221.713 1255.19
internal_count=969800 393972 575828 408138 387240 285777 288196 167690 101463 86072 194122 250853 105776 246474 79159 29847 28044 22669 16092 6577 20898 57022 8690 114963 88265 55394 137843 93385 26698 3985 94074 34924 171513 116327 80501 2592 31539 6750 34591 33957 2508 15391 3717 44458 44024 16034 15977 15950 7013 55186 35826 32871 5375 4477 4177 898 74961 3595 2385 2033 1210 73482
is_linear=0
shrinkage=0.05


Tree=27
num_leaves=63
num_cat=0
split_feature=4 6 7 4 4 1 10 6 6 1 10 10 4 9 7 5 7 12 9 2 9 7 9 6 3 9 6 5 9 6 9 5 7 2 5 6 5 9 3 9 5 12 6 5 9 2 9 10 9 10 6 12 3 7 9 8 6 3 5 13 9 9
split_gain=271.73 253.729 161.315 80.2554 52.0859 50.3165 49.6077 48.2878 48.0504 32.1982 30.184 27.0306 26.8693 26.3926 24.4317 31.6719 22.239 20.5693 20.1848 20.0607 19.0486 18.4321 25.1113 30.8622 17.0321 16.6625 16.5996 16.5573 16.13 16.0022 18.048 15.7028 14.8928 15.2187 14.7877 19.7674 20.4836 21.3544 14.538 14.4177 14.325 14.1066 13.919 16.1448 21.26 15.2605 14.3245 13.6135 13.4397 13.3737 17.9154 13.3073 18.1767 12.8796 16.4904 12.7823 12.649 12.4855 12.4155 15.7646 12.2971 12.213
threshold=0.38514429330825811 0.37711146473884588 0.32339890301227575 0.21322142332792285 0.49976402521133428 0.28224506974220281 8.7296881675720233 0.3184697180986405 0.37711146473884588 0.53546559810638439 9.3797454833984393 1.0000000180025095e-35 0.095312628895044341 0.28499121963977819 0.17072947323322299 3.3140207529067998 0.54109632968902599 2.826136708259583 0.64848908782005321 0.35972702503204351 0.16464009135961535 0.21852187812328341 0.28051167726516729 0.29702274501323706 3.113268375396729 0.395151898264885 0.44361171126365667 4.5163240432739267 0.14318896830081942 0.44622917473316198 0.424973875284195 5.4951148033142099 0.55929642915725719 0.65893816947937023 3.9415346384048466 0.22122069448232654 2.3502402305603032 0.13741108775138858 5.349482774734498 0.11171373352408411 2.0126758217811589 0.060705231502652175 0.25593917071819311 2.0126758217811589 0.19217444956302646 0.43103511631488806 0.10518378764390947 8.7296881675720233 0.094596564769744887 12.657095909118654 0.14687307178974154 2.9680498838424687 3.8606742620468144 0.10166926681995393 0.065732736140489592 0.61908757686615001 0.17414735257625583 5.6076369285583505 3.6762205362319951 0.28632171452045446 0.61803168058395397 0.3279892504215241
decision_type=2 2 2 2 2 2 2 2 2 2 2 2 2 2 2 2 2 2 2 2 2 2 2 2 2 2 2 2 2 2 2 2 2 2 2 2 2 2 2 2 2 2 2 2 2 2 2 2 2 2 2 2 2 2 2 2 2 2 2 2 2 2
left_child=1 3 9 12 8 25 11 24 19 14 32 -5 -1 -9 20 17 58 42 38 -4 31 61 23 28 48 -3 -27 -24 -23 30 -7 49 -6 55 35 -26 -37 -38 -10 -17 -31 -41 45 -44 -45 46 -16 -43 56 -2 -51 52 -19 -36 -55 -34 -8 -32 59 -12 -60 -11
right_child=2 5 4 6 10 29 7 13 18 21 16 -13 -14 -15 15 39 -18 51 -20 -21 -22 22 27 -25 34 26 -28 -29 -30 40 57 -33 33 -35 53 36 37 -39 -40 41 -42 47 43 44 -46 -47 -48 -49 -50 50 -52 -53 -54 54 -56 -57 -58 -59 60 -61 -62 -63
leaf_value=-0.035485212968109962 0.010727048517606717 -0.046234721494452763 0.0093808156871257389 -0.028607666079345524 0.009830476931535331 -0.023650803741774133 -0.008822593444459615 -0.038711868660287113 -0.0023956736287564788 0.01696854959587878 -0.0020575638272041438 0.011068831102238254 -0.011214472379980781 -0.0045159817182213492 -0.028363678106124054 -0.053109187351690769 -0.016915451009012018 0.03221763911889771 -0.021887966772293412 -0.0015507358959079671 0.022908452970668004 -0.038249536663336026 0.016674836277473699 -0.03105138150009177 0.010001015857356601 -0.017732246764492945 -0.032919444630311274 -0.0022037076337355849 0.007152747560217828 -0.034848680691801796 -0.0057310003373591545 -0.046653344965722973 -0.019693170284773399 -0.044326057311588715 0.012884023615775293 0.0049549500535278233 -0.06071206181627653 -0.0026945430432449668 -0.01067440091220833 0.025770921211940686 -0.016530048760505327 -0.036250376995130999 0.0094733542378785274 -0.046504053337384998 0.0032008333584113134 0.0096573875312296262 0.025626408461394825 -0.00044658999658646781 -0.0013439310472544031 -0.070626001281154815 0.014990019420627729 -0.00065819959535863115 -0.056556579186498715 -0.051754587146531174 -0.0055549804185903899 0.017624300461149198 -0.045957885710062749 -0.017451520080363873 -0.0046561762405724358 0.0044863556663183235 0.018293156909775243 0.039497554549657456
leaf_weight=125.02389452466741 889.01346075441688 109.73439381120261 495.03802789456677 44.790278126660269 1496.5619874786353 229.18130127937184 87.599038809712511 56.910058271372691 856.71686846215744 717.46199249080382 1320.8248830775265 1031.7748336251825 1297.1592854518676 6624.2621691626264 12.933883676771073 12.991005662595851 172.971518266364 7.6663622860796776 274.25984489847906 2757.1075927226921 332.79752736375667 20.01869639614597 1082.5223038541153 59.641507789026946 1014.5693057680037 360.19339812506223 359.4899249963928 130.10160341532901 857.97932773688808 128.0830962426262 990.41671415331075 12.52063800790347 42.509666184196249 23.882120041176677 92.859367775148712 2011.8555440065684 16.097359244828112 1076.5030960771255 1391.8049953844748 50.637860503979027 639.85806570155546 26.9651058469899 1736.3004718879238 21.807181054027751 1595.5901548680849 1362.7830084857997 245.03880251874216 1721.2092708953423 2650.9724115715944 11.923682694323363 12.532332537230102 454.75464356807061 23.262509581167251 20.069521095429081 513.73753257494536 49.863826991990209 31.062020128912991 294.87343743967358 1061.2559427333181 3035.3084786621621 61.769122125813738 65.661267313640565
leaf_count=23888 9048 10353 4529 4789 5666 13815 11911 4991 23655 3383 11503 3678 100950 150286 220 1155 9810 55 15505 30989 2821 158 4295 310 18863 26374 29342 799 3708 5494 39480 663 220 114 5815 17993 1191 29904 40874 243 46668 158 8681 411 11952 6936 1667 33879 98576 157 88 3231 222 3358 38047 251 4373 10225 13569 17871 855 192
internal_value=-7.58023e-05 -0.00443083 0.00344446 -0.00198765 -0.000359385 -0.0175387 -0.000929792 -0.00171451 -0.00390373 0.00777114 0.00245803 0.0094181 -0.0133481 -0.00480726 0.0062173 0.00510402 0.000736441 0.00700481 -0.00908207 0.000113253 0.0126487 0.01229 0.00989806 0.00375331 0.00103497 -0.0280857 -0.0253184 0.0146494 0.00611756 -0.013706 -0.0107248 0.00896133 0.00849134 -0.00874741 0.00285339 0.00394204 0.00196191 -0.00354932 -0.0075201 -0.00062431 -0.0195854 -0.000245265 0.00796373 0.00612509 0.00253067 0.0117683 0.0229195 -0.000998854 -0.00208082 0.00972362 -0.0267526 -0.0028166 -0.034552 -0.00430227 -0.00729195 0.000451049 -0.0185435 -0.00841994 0.00129369 0.00250217 -0.00339391 0.0188575
internal_weight=44311.1 19807.1 24504 16695.2 13039.9 3111.83 15273.1 14196.5 5774.93 11464.1 7264.95 1076.57 1422.18 6681.17 8530.73 7271.94 5652.13 5460.14 2522.78 3252.15 1258.79 2933.39 2150.26 937.64 7515.33 829.418 719.683 1212.62 877.998 2282.41 1514.47 925.99 1612.82 116.256 4745.69 4119.03 3104.46 1092.6 2248.52 1811.8 767.941 1798.81 4974.45 3353.7 1617.4 1620.76 257.973 1748.17 2769.63 913.469 24.456 485.684 30.9289 626.666 533.807 92.3735 118.661 1285.29 5479.16 4356.13 1123.03 783.123
internal_count=970207 700364 269843 518613 175411 181751 393775 385308 115552 94432 59859 8467 124838 155277 81587 68810 53608 33375 80034 35518 12777 12845 9270 4176 230031 66069 55716 5094 3866 115682 63520 9956 6251 585 115171 67951 49088 31095 64529 35435 52162 34280 29867 21044 12363 8823 1887 34037 114860 9293 245 3508 277 47220 41405 471 16284 49705 43798 29374 14424 3575
is_linear=0
shrinkage=0.05


Tree=28
num_leaves=63
num_cat=0
split_feature=6 1 4 10 6 6 1 6 9 6 1 4 13 9 4 5 9 9 9 9 9 10 10 4 10 1 5 6 9 3 2 12 5 5 3 10 6 9 1 6 1 3 10 9 10 12 3 2 10 9 3 10 13 2 9 12 6 5 8 1 9 3
split_gain=264.76 237.187 114.053 80.568 67.0925 61.7999 59.5347 45.9193 45.2655 39.6879 34.2246 31.6379 28.3834 25.0077 23.2909 22.9348 26.884 22.8002 22.116 19.0284 19.0106 17.5981 23.424 20.4106 18.6982 15.8084 16.0205 19.1909 16.9127 15.4647 16.7473 15.5265 15.2747 15.1148 14.7213 14.5431 14.286 14.8793 14.172 13.6087 13.2295 13.3779 13.1592 12.8067 12.7283 15.0638 16.6658 13.2265 12.5265 12.4883 12.3875 12.061 11.9948 11.5673 11.7551 11.4684 11.1091 11.1453 17.1807 11.0724 16.2547 11.0152
threshold=0.31716768443584448 0.33608491718769079 0.34099727869033819 9.1288576126098651 0.4146538525819779 0.54272818565368663 0.55214822292327892 0.21049564331769946 0.29187391698360449 0.37711146473884588 0.20641598105430606 0.58086121082305919 0.23912712931632998 0.26859726011753088 0.18871082365512851 2.8617925643920903 0.33662384748458868 0.44718426465988165 0.35382007062435156 0.12834025174379352 0.26605591177940374 11.665178775787355 11.233661174774172 0.35127280652523046 11.162622928619387 0.51505503058433544 3.65057384967804 0.11838497221469881 0.053262718021869666 5.747798204421998 0.65615329146385204 0.050942661240696914 2.7403194904327397 2.7403194904327397 5.6542406082153329 8.7296881675720233 0.17203862965106967 0.10518378764390947 0.4762252420186997 0.50182837247848522 0.50566896796226513 7.3359596729278573 1.0000000180025095e-35 0.023774610832333568 12.435929775238039 2.1033823490142827 6.0294818878173837 0.45641052722930914 12.443595886230471 0.17717922478914264 6.3877203464508066 8.8223190307617205 0.19749954342842105 0.57933011651039135 0.50124558806419384 0.15898474305868152 0.29373346269130712 4.3502571582794198 0.24045157432556155 0.486940547823906 0.33461612462997442 6.0414438247680673
decision_type=2 2 2 2 2 2 2 2 2 2 2 2 2 2 2 2 2 2 2 2 2 2 2 2 2 2 2 2 2 2 2 2 2 2 2 2 2 2 2 2 2 2 2 2 2 2 2 2 2 2 2 2 2 2 2 2 2 2 2 2 2 2
left_child=2 4 10 13 8 6 9 25 -2 20 32 15 -11 -3 -10 34 19 -6 -14 -17 -5 22 23 -22 53 26 -4 -28 -29 30 31 -21 49 -7 -9 42 43 -38 -20 -19 41 -37 -15 -34 45 50 -47 -46 -8 -1 -36 -52 -53 59 -55 -18 57 -31 -59 -25 -61 -23
right_child=1 3 7 5 17 33 48 11 14 12 -12 -13 18 35 -16 16 55 39 38 29 21 61 -24 24 -26 -27 27 28 -30 56 -32 -33 36 -35 44 40 37 -39 -40 -41 -42 -43 -44 -45 47 46 -48 -49 -50 -51 51 52 -54 54 -56 -57 -58 58 -60 60 -62 -63
leaf_value=0.011392570240931994 -0.044454421706542707 -0.068574304141387668 0.014317099843106496 -0.034457059123498439 -0.046316345085862666 -0.043866251659474609 0.0043587259700855249 0.0036117142152983389 -0.022626779882155647 -0.014830858952631349 0.00029214309743180641 0.013338608873099685 -0.043403407264286237 -0.034273444288179779 -0.0082307892762752063 -0.048329535502352305 0.026080443832585988 -0.018505308590277957 -0.0076121845070018304 0.043056274973499835 -0.0077355477196969008 -0.0033084992162160016 0.0036044994371147599 0.0018552722209245734 -0.021111874099117231 0.0176383251831751 0.015519578900699774 -0.06245260195707885 0.0029866244766749784 -0.00028198963450253316 0.03029904976893574 0.0012151961984961034 -0.047166980241340882 -0.017184296747981321 0.01418556286017739 -0.0016728788168566197 -0.053978324262888192 -0.019509251814422705 -0.0015756883781078907 -0.031728219335400883 0.0064943546039763966 -0.052699177298230371 0.010022102740518894 0.0031371761857410794 -0.017233285594450011 0.022916688542652164 -0.0081627026651311021 0.027365860097165851 -0.034780556663070172 -0.0092574445857579943 0.035901310231470675 0.040398743393266975 0.0048566374060356335 -0.0058557365365780913 0.031782995725200408 0.0073599542056611124 -0.013539297758213602 -0.029194335117542877 0.0024776579295958988 0.043683500182579604 0.0075993911055328841 -0.011764172852909193
leaf_weight=100.20109885471174 97.565387484879466 11.22840753640048 1148.6206453868072 43.838063236617018 122.0691523636342 61.226414562668651 3088.8425712019671 2538.7534758716356 315.85335162666161 968.78021618234925 5577.3729912427953 1086.1914673461579 37.692840711097233 16.945662333746441 2543.1303087702836 21.421988588524982 98.532838257029653 547.31390112510417 2180.8226825282327 22.72187330480665 1249.4589822464623 2588.7312434599735 2673.9472543591401 1332.2697495070752 98.181163650006056 938.49336618685629 389.64052010909654 9.9822590465191734 907.38045860710554 1042.9652066866402 56.316467830445617 916.5532501230482 14.44327370636165 398.76641531696077 851.5395827954635 633.31916785007343 35.935792160133133 243.15042483306024 1754.5524806397734 301.92021489836043 986.79818506864831 13.111140399239956 1587.6898252717219 102.03430674798437 18.730705228634179 52.584981904365122 240.00325168436393 147.79032618086785 20.579224852612242 271.85443636943819 33.65694972500205 24.21793792466633 1198.170799493324 600.51137302361894 21.486479322891682 482.04682045709342 264.11642210994614 89.450066183460876 82.135589577024803 38.329714801162481 168.01015322864987 452.4768443609355
leaf_count=4763 10268 240 9389 2612 10483 3037 18867 19697 25141 38283 198680 3988 2234 1469 80675 1458 708 38969 83192 78 39832 43627 31691 17782 1043 4717 6183 1178 17990 13680 542 18558 5157 29450 4112 7319 6963 35583 21897 22907 3506 74 6286 19234 123 285 1504 806 320 13565 111 138 6070 6663 287 7422 4766 2491 2504 261 1389 8143
internal_value=-4.48492e-05 -0.00343118 0.00440127 -0.00132442 -0.0147096 -0.00264751 -0.00216707 0.00714304 -0.0109641 -0.00353845 -0.00107019 0.00532087 -0.0071571 0.00591532 -0.00982122 0.00425644 0.000846081 -0.0261107 -0.00528595 -0.00140838 -0.00160877 -0.00145264 7.91864e-05 -0.00260777 0.000228686 0.0121186 0.0100091 0.00622312 0.00227455 -0.00100213 0.00381527 0.00222737 -0.0109686 -0.0207357 0.00631134 0.00617364 -0.017809 -0.0239476 -0.00492087 -0.0232063 0.00285215 -0.00270781 0.00955432 -0.00310056 0.00898158 0.00805415 -0.00257701 0.0223492 0.00409969 -0.00369603 0.00953003 0.0063738 0.0055608 0.00119843 -0.00455553 0.0105371 -0.00424571 -0.00222472 -0.0140334 0.00352453 0.0143024 -0.00456655
internal_weight=43962.5 24955.4 19007 21027.6 3927.85 17778.5 17318.5 12662 2956.55 14209.1 6344.99 9267.9 4941.85 3249.09 2858.98 8181.71 3076.26 971.303 3973.07 2495.68 9267.24 9223.4 6182.19 3508.25 2258.79 3394.12 2455.62 1307 917.363 2474.26 995.592 939.275 767.619 459.993 5105.45 3237.86 395.564 279.086 3935.38 849.234 1633.23 646.43 1604.64 116.478 2566.69 2400.17 292.588 166.521 3109.42 372.056 2107.59 1256.05 1222.39 2160.61 621.998 580.58 1478.67 1214.55 171.586 1538.61 206.34 3041.21
internal_count=970390 557947 412443 369504 188443 350610 318123 128498 116084 298936 283945 89041 145606 18894 105816 85053 52207 72359 107323 44077 153330 150718 98948 67257 27425 39457 34740 25351 19168 42619 19178 18636 85265 32487 32846 18654 66937 42546 105089 61876 10899 7393 7755 24391 13149 12220 1789 929 19187 18328 10431 6319 6208 26382 6950 8130 23441 18675 4995 19432 1650 51770
is_linear=0
shrinkage=0.05


Tree=29
num_leaves=63
num_cat=0
split_feature=6 1 1 10 6 10 9 7 1 6 1 7 6 9 7 9 9 10 5 9 5 7 1 9 0 9 10 1 5 10 10 9 5 7 9 6 3 6 6 6 5 10 1 8 12 2 1 3 5 1 1 1 3 5 1 5 10 0 7 5 9 12
split_gain=241.771 206.435 98.5523 73.0141 63.3423 50.4742 43.4345 42.4288 38.5644 38.3678 38.3468 27.7132 24.1556 22.6203 22.368 47.5675 31.2027 22.2428 21.7135 20.9281 20.6058 33.0994 20.4757 19.7785 19.3592 19.155 19.0798 17.9387 17.3675 17.2846 17.1584 18.9478 16.1865 20.8261 17.614 16.4281 15.0668 16.2976 14.184 13.638 13.4389 13.4374 17.3238 13.0756 12.6616 15.6428 12.5295 12.5122 18.8653 14.2573 12.9502 12.2377 17.295 11.9116 11.8524 11.7746 11.392 13.1088 12.5458 17.3495 11.8487 11.3699
threshold=0.31563769280910497 0.33608491718769079 0.41913609206676489 11.675503253936769 0.4146538525819779 8.7296881675720233 0.29510936141014105 0.44202470779418951 0.49855451285839086 0.39651151001453405 0.17742599546909335 0.1363976672291756 0.44622917473316198 0.45604032278060919 0.21987935900688174 0.13476385921239856 0.053262718021869666 8.7140464782714862 2.2499048709869389 0.26332737505435949 3.3497501611709599 0.11726542934775354 0.13507678359746936 0.44718426465988165 6.0485529899597177 0.28300933539867407 8.8223190307617205 0.48481185734272009 2.5249279737472539 11.65768337249756 11.548297405242922 0.057239284738898284 3.1984648704528813 0.16785680502653125 0.094596564769744887 0.25207354128360754 4.863673448562623 0.2709635347127915 0.33609920740127569 0.50182837247848522 2.3502402305603032 11.977762222290041 0.51709344983100902 0.19512973725795749 0.06827466189861299 0.51187002658844005 0.51832541823387157 7.7059245109558114 3.6242519617080693 0.46644434332847601 0.47839723527431494 0.50300198793411266 3.1567740440368657 3.9981586933135991 0.33543421328067785 0.89587974548339855 9.6837129592895526 3.0201274156570439 0.21439193189144137 2.6020033359527592 0.16191840916872027 0.19885819405317309
decision_type=2 2 2 2 2 2 2 2 2 2 2 2 2 2 2 2 2 2 2 2 2 2 2 2 2 2 2 2 2 2 2 2 2 2 2 2 2 2 2 2 2 2 2 2 2 2 2 2 2 2 2 2 2 2 2 2 2 2 2 2 2 2
left_child=2 4 10 5 6 17 -2 24 9 25 40 -4 19 26 16 18 20 -3 -16 -10 -12 -22 -8 -6 27 -7 -13 -5 36 38 31 -28 35 -34 -35 -18 -17 -38 -27 -25 -1 -32 -43 -21 -45 51 -15 56 49 -49 -51 52 55 -44 -30 -46 58 -58 59 -33 -60 -14
right_child=1 3 11 7 23 8 22 -9 12 -11 14 13 61 46 15 28 32 -19 -20 43 21 -23 -24 39 -26 29 30 -29 54 -31 41 47 33 34 -36 -37 37 -39 -40 -41 -42 42 53 44 45 -47 -48 48 -50 50 -52 -53 -54 -55 -56 -57 57 -59 60 -61 -62 -63
leaf_value=-0.0020033477925070248 -0.042700073308222584 -0.0061740122464416704 0.018246630867304558 -0.0053185366715546101 -0.044601647024974864 -0.031188769555949011 -0.030049344048914559 -0.019458073737118647 -0.053006490628923944 -0.0094208942821241357 0.013711718826276057 0.015397566929179761 0.0029772502360001607 0.0081648965113371424 -0.0084474090205656927 -0.00017370153861474423 0.012167927491917594 0.011016633587458191 -0.053960481724558952 -0.051784604627030578 -0.0076787523890859914 -0.059380119454005557 -0.0082666294825346539 -0.01772105299283111 -0.012374320119403242 0.0034440416640467613 -0.066762519584173383 0.0033916505067249623 -0.0078304070302332059 0.01118800191015689 0.012581480744811047 0.072877144457646911 0.0090714460480547151 -0.04738481718440158 -0.0017122360011375072 -0.072305328591469986 0.012724967537488431 0.0026458380001220649 -0.0025623337203761047 -0.031100195041064746 -0.020032911928370947 0.00040915712901454118 0.019919108296012848 -0.012149628932571955 -0.02110318877974162 0.0043765823681184562 0.033879462630175668 -0.01199735524841135 -0.016316485574915163 0.049516457085062658 0.0067061130012774561 0.021131949345817514 -0.037359136568401237 -0.0031380042778427295 -0.00016060801259015539 0.026667372441709681 0.014030309645604555 0.0031959903654497968 -0.025535348068022275 0.016955970185259624 0.0083920680162002988 -0.0051670663751180691
leaf_weight=162.20118717162404 99.753560765238944 217.69889386522118 624.20827127189841 2788.7300592417596 114.79715005800244 52.539810698945075 112.34072280072724 576.51792710158043 15.75344955571927 1754.9616485743318 51.477814693353139 608.85531956609339 659.93500523106195 77.257023196201771 48.025001911679283 2763.3804607334314 1037.2846901701996 1387.1319315563887 57.680296449922025 10.208692026324568 104.46765107178362 43.993282450916013 2719.2075781931926 537.42311711917864 738.10897991899401 1214.3514114974532 9.3210255168378335 750.11991176684387 848.58671517047333 284.06302561238408 1484.2298564902158 14.815734773874281 745.06624112342251 21.878286541381385 601.11467731744051 5.7876781346276394 564.80042785406113 1383.4817761320155 5157.307136390009 295.04076419264311 284.88674980626092 659.1445984155871 244.33468699478544 106.44175344146788 18.085423404350877 3692.1670863521285 122.45881749456748 105.02660647407174 170.50240130419843 18.964873518794775 257.77598773501813 253.30294017726555 23.405079154763371 72.675229303073138 1239.4003109200858 44.983771624043584 307.06573182553984 3075.4942021055031 26.814565970795229 217.26369424094446 638.71610137447715 1222.1570421024226
leaf_count=8683 10855 2753 5051 60086 10384 2947 11479 30908 287 82571 1766 2009 4107 785 981 61738 20040 5094 6906 86 10873 7464 95184 38866 15135 20229 420 6343 47995 2234 9026 35 33054 3368 31010 62 4294 11700 95005 22955 54084 7257 1148 365 69 22702 377 744 2295 80 1267 1138 152 512 43309 240 2169 23635 165 1258 3431 18435
internal_value=-7.68426e-05 -0.00330885 0.00421786 -0.00134872 -0.0139056 0.000270529 -0.0102732 -0.00672494 -0.000660113 -0.00283891 0.000819073 0.0080947 0.00238956 0.00731339 0.00149141 8.04001e-07 0.00543354 0.00868468 -0.0332826 0.00451415 -0.0135474 -0.0229994 -0.00913085 -0.0251458 -0.00500856 -0.00111698 0.00689385 -0.00347226 0.000518217 -0.000879599 0.0061848 0.00445705 0.0070075 0.00343032 -0.00331617 0.0116992 0.0022004 0.00556774 -0.0014176 -0.0224629 -0.0134919 0.00958483 0.00502847 0.00473257 0.00487199 0.00532135 0.0239322 0.00459442 -0.00248845 0.00368734 0.00963988 0.0155877 -0.000652849 0.0146332 -0.00327772 0.0129689 0.00550832 0.00417952 0.0105158 0.0205259 0.00702512 -0.00231135
internal_weight=43545 24846.5 18698.4 20968 3878.56 16114.5 2931.3 4853.48 14509.7 8463.22 9963.51 8734.92 6046.44 8110.72 9516.43 6905.35 2611.07 1604.83 105.705 4164.35 199.939 148.461 2831.55 947.261 4276.96 6708.26 7911 3538.85 6799.65 6655.72 7302.15 4841.76 2411.13 1368.06 622.993 1043.07 4711.66 1948.28 6371.66 832.464 447.088 2460.38 976.155 4148.59 4138.39 4031.94 199.716 4832.44 552.27 381.767 276.741 339.777 86.4743 317.01 2087.99 63.0692 4280.17 3382.56 897.61 232.079 665.531 1882.09
internal_count=969600 560609 408991 370886 189723 258414 117518 112472 250567 202986 347327 61664 47581 56613 284560 176923 107637 7847 7887 25039 20103 18337 106663 72205 81564 120415 55451 66429 169036 117468 53442 35499 87534 67432 34378 20102 77732 15994 115234 61821 62767 17943 8917 24752 24666 24301 1162 35079 4386 2091 1347 1599 461 1660 91304 309 30693 25804 4889 1293 3596 22542
is_linear=0
shrinkage=0.05


Tree=30
num_leaves=63
num_cat=0
split_feature=6 1 4 10 6 6 1 5 9 9 6 4 4 4 1 6 9 5 9 6 5 9 6 9 9 2 1 5 6 5 9 12 6 5 9 3 10 5 6 9 2 8 12 6 5 4 9 12 0 0 5 6 2 12 12 2 5 6 10 10 1 10
split_gain=239.314 195.537 87.7353 72.4529 67.7408 60.8916 46.3379 42.3743 39.9538 30.9758 28.4722 25.3961 22.4074 22.2367 22.0751 21.2834 17.0025 16.3088 14.9882 14.5626 18.0329 20.1855 18.4636 23.8951 23.3636 18.3176 16.3146 15.8147 20.344 15.065 16.1161 14.9725 14.0701 12.8879 12.7054 12.698 12.0598 12.3153 12.1401 21.751 15.9407 20.1401 19.7389 12.0577 12.2994 11.9449 11.9263 11.7501 11.602 11.5274 16.1113 14.7695 12.5606 11.4168 11.5029 11.3487 11.2355 13.2234 11.1352 19.857 12.029 16.4585
threshold=0.30181592702865606 0.33608491718769079 0.33833895623683935 9.1288576126098651 0.37711146473884588 0.44622917473316198 0.49612575769424444 2.4414010047912602 0.26039023697376257 0.2557890266180039 0.54885500669479381 0.18469417840242389 0.19826643168926242 0.58086121082305919 0.22553972154855731 0.37711146473884588 0.26301880180835729 3.0201274156570439 0.42742338776588445 0.25249001383781439 2.6735538244247441 0.33140519261360174 0.1833189278841019 0.098035763949155821 0.15933437645435336 0.70330616831779491 0.42211067676544195 4.6001451015472421 0.082435581833124175 3.1567740440368657 0.27764984965324407 0.15898474305868152 0.55655977129936229 4.6395599842071542 0.395151898264885 5.9309172630310067 12.384151935577394 3.7726949453353886 0.36479067802429205 0.43853096663951879 0.67121061682701122 0.29702208936214453 0.21620938926935199 0.50182837247848522 1.8688347935676577 0.46854975819587713 0.23604339361190799 2.3420201539993291 8.8337740898132342 4.6298508644104013 1.8688347935676577 0.23303436487913134 0.4018187820911408 2.8937407732009892 1.7002460360527041 0.6929863989353181 4.1666352748870858 0.089957650750875487 11.715233325958254 11.555755138397219 0.34313996136188513 9.9924821853637713
decision_type=2 2 2 2 2 2 2 2 2 2 2 2 2 2 2 2 2 2 2 2 2 2 2 2 2 2 2 2 2 2 2 2 2 2 2 2 2 2 2 2 2 2 2 2 2 2 2 2 2 2 2 2 2 2 2 2 2 2 2 2 2 2
left_child=2 4 14 32 8 6 9 -7 -2 -5 18 -6 -10 19 17 58 -8 -1 -9 20 -4 22 24 -24 27 -26 -23 28 -22 -21 -31 -30 46 47 -13 45 37 38 39 -18 -40 -42 -43 44 -36 -32 -3 -25 -48 -16 52 56 -51 54 -54 -34 57 -52 59 60 61 -11
right_child=1 3 13 5 11 7 16 10 12 15 -12 34 -14 -15 49 -17 36 -19 -20 29 21 26 23 33 25 -27 -28 -29 31 30 35 -33 55 -35 43 -37 -38 -39 40 -41 41 42 -44 -45 -46 -47 48 -49 -50 50 51 -53 53 -55 -56 -57 -58 -59 -60 -61 -62 -63
leaf_value=-0.0016321016641538185 -0.042855085633500677 -0.053066166994046642 0.013715857310643287 -0.034442662432269823 -0.035806936248236179 -0.022034420011002202 -0.039574459112236289 -0.04030707612362721 -0.018160491074809014 -0.014220834866072094 -0.018383165497733951 -0.035636247976782519 -0.0054729959614299049 0.014106132327047792 -0.0014311270466064604 -0.0068571932063433635 0.0059636902007612971 -0.015706280550395472 -0.0030452681630722912 0.0063410792483387995 0.040468396186194737 -0.012771402832775358 -0.05551918957027923 0.0053209255790745086 0.019457798309917756 -0.045525130535399888 0.026041055205297661 -0.0053170137060249267 -0.0087242861179417843 -0.007883455178526802 0.0014572041999555887 0.0093362481549633843 -0.0036441747937338165 -0.011293309940342966 -0.021692416401995131 -0.0015097194719489962 -0.011793128748794833 -0.002079046355298222 -0.0018789770427481225 0.0281778808694098 -0.044777110180534395 0.03683410029293472 0.0063545012440556943 -0.026877565694491269 -0.0097593790861963889 0.022572791791767757 0.0061718172990807832 -0.010583116612937387 0.036555804004092127 0.022398656424384711 0.068649950579259503 -0.004540674090116179 0.002174499475393533 -0.017736554431464196 0.033626401332500215 -0.042426916521843737 -0.0069171009494858968 0.0083347349941137704 -0.004068562962771991 0.0047736883164490639 0.00026263115666573658 -0.0026784808370033135
leaf_weight=448.63540753856068 80.310063627781346 8.43574857508065 1226.8712876345962 76.491319370805286 241.50757748133037 507.6736863211263 23.41073578374926 27.377851296681911 400.2579055208771 369.26012776128482 390.76824803114869 95.496613952884218 2665.414433508995 1145.2768955107313 2253.1703834113723 2289.4713039060007 2149.630241981009 380.32487427795422 1892.3891606928082 2720.0458064626437 47.77504374133423 31.149555429117754 17.489078550948761 1762.6509904393461 543.01807118323632 11.065508786588905 207.00256861932576 252.27627446339466 130.83660055953078 448.75971589048277 125.31491830805317 933.66289490292547 115.93847300927155 143.04870490718167 340.48740456410451 372.60778098984156 131.84795803437009 819.29730325809214 1187.1654059553985 116.14802146935835 17.963708084076643 57.81102642416954 654.372517230222 231.42898422491271 590.29210777941626 143.86556719103828 3311.3112318597268 124.32760565564968 31.719188198447227 186.07082275068387 9.2372816936112923 576.004117424367 103.52584162075073 45.45818799501285 40.421203699894249 22.528326945379376 131.21845548404963 559.15395100205205 2929.1240054029622 1464.8812133697793 3007.1849080810789 1887.7258408514317
leaf_count=23014 8455 232 7202 4383 25871 15349 417 1319 27291 13640 28926 7369 69533 4314 111815 73840 10507 67186 55306 19536 723 1240 1332 21249 6150 112 1491 6163 1110 9719 4372 11145 878 4773 11097 6461 2154 9346 8529 552 83 238 3543 18222 43857 1341 19300 2417 171 1152 147 17819 725 344 227 112 11072 12270 53458 15376 39146 44686
internal_value=-0.000109833 -0.00283623 0.00496333 -0.000982609 -0.0122097 -0.00214259 -0.00102525 -0.0089547 -0.00804149 -0.00272585 -0.0060808 -0.0209563 -0.00712949 0.00753437 -0.000678827 -0.00252279 0.00293941 -0.0080893 -0.00357666 0.00671997 0.00838247 0.00682612 0.00597717 0.0026748 0.00950137 0.01816 0.0209645 0.00598547 0.008549 0.00435044 -0.000614602 0.00711645 0.00566497 0.00317615 -0.0181046 0.00446802 0.00313326 0.00352667 0.0046246 0.00710243 0.00169644 0.00750981 0.00882866 -0.0166641 -0.0141246 0.0127426 0.00631028 0.00427305 0.00646011 0.000894579 0.00406837 0.0013887 0.0131721 0.00410794 0.0110064 -0.00995406 0.00627048 0.00931496 -0.00149532 -0.000375203 -0.001808 -0.0045669
internal_weight=43255.4 28135.1 15120.3 23489.9 4645.2 20000 17181.8 2818.21 3145.98 12024.1 2310.54 1499.21 3065.67 10387 4733.22 11947.6 5157.65 828.96 1919.77 9241.77 5431.17 4204.3 3966.15 2047.52 1918.63 554.084 238.152 1364.55 1112.27 3810.59 1090.55 1064.5 3489.93 2030.03 1257.71 641.788 5134.24 5002.39 4183.09 2265.78 1917.31 730.147 712.184 1162.21 930.78 269.18 3351.47 1886.98 3343.03 3904.26 1651.09 1275.61 375.476 189.405 143.947 138.467 699.61 568.391 9658.18 6729.05 5264.17 2256.99
internal_count=969807 613186 356621 401491 211695 380798 279898 100900 105279 244529 85551 106416 96824 110850 245771 240146 35369 90200 56625 106536 65107 57905 55174 29771 25403 6262 2731 19141 12978 41429 21893 12255 20693 28439 80545 12174 34952 32798 23452 11059 12393 3864 3781 73176 54954 5713 19703 23666 19471 155571 43756 41308 2448 1296 952 990 23489 12417 166306 112848 97472 58326
is_linear=0
shrinkage=0.05


Tree=31
num_leaves=63
num_cat=0
split_feature=6 4 4 10 4 7 4 6 6 6 4 5 9 0 9 13 9 9 12 5 3 5 12 7 4 6 0 4 5 9 3 5 9 8 9 12 0 10 9 13 9 9 6 0 8 12 5 7 13 0 12 3 9 0 10 7 10 7 4 5 9 7
split_gain=228.311 175.867 79.8459 69.7335 56.5528 55.2837 44.6694 41.0115 39.0804 37.7301 32.2498 23.9111 33.7914 22.8993 22.5718 21.1562 19.7412 17.9653 17.3536 16.9199 16.8627 16.817 16.255 16.2182 15.6805 15.6358 15.5807 15.3915 15.2093 27.4923 16.323 15.1715 14.9935 13.9987 13.8684 13.3841 13.306 13.2758 12.9768 12.743 12.7377 12.4914 12.5741 15.0857 12.0985 12.8267 11.9997 14.9576 11.3841 11.1996 13.1604 11.173 15.004 24.2751 13.456 11.7426 12.1395 11.1696 10.9876 10.8727 11.8176 15.471
threshold=0.31563769280910497 0.33609557151794439 0.38669966161251074 9.1288576126098651 0.1440241485834122 0.54109632968902599 0.49515162408351904 0.4146538525819779 0.2161563262343407 0.40147370100021368 0.21322142332792285 2.9174053668975835 0.3654570877552033 6.5574882030487069 0.29510936141014105 0.55362844467163097 0.28766645491123205 0.33140519261360174 2.2170859575271611 1.7005987167358401 7.2892689704895028 3.6762205362319951 0.67181482911109935 0.1363976672291756 0.38514429330825811 0.41142611205577856 8.599403381347658 0.077677953988313689 3.5408543348312382 0.078748404979705824 3.4498615264892583 2.7403194904327397 0.44718426465988165 0.28052121400833135 0.018642326816916469 16.418991088867191 8.9315090179443377 1.0000000180025095e-35 0.14318896830081942 0.33017480373382574 0.40549814701080328 0.26859726011753088 0.55655977129936229 8.7641501426696795 0.24934988468885425 0.06827466189861299 3.0201274156570439 0.17573750764131549 1.1811852455139162 1.8688347935676577 0.99999424815177929 5.6542406082153329 0.22734941542148593 5.6149497032165536 11.02923631668091 0.2871250063180924 12.443595886230471 0.50197508931159984 0.53870505094528209 3.9607677459716801 0.023774610832333568 0.081275444477796568
decision_type=2 2 2 2 2 2 2 2 2 2 2 2 2 2 2 2 2 2 2 2 2 2 2 2 2 2 2 2 2 2 2 2 2 2 2 2 2 2 2 2 2 2 2 2 2 2 2 2 2 2 2 2 2 2 2 2 2 2 2 2 2 2
left_child=2 4 10 41 -2 6 9 14 17 13 27 15 20 16 -6 33 -5 26 24 -11 38 22 36 34 -18 -24 59 -1 30 -30 48 -7 -9 51 -12 37 -8 -16 -13 -35 -21 -3 43 44 -43 -46 47 -29 -25 50 -26 52 54 -54 -10 56 -53 -34 -56 -4 -61 -62
right_child=1 3 8 5 7 31 21 32 11 19 23 12 -14 -15 35 -17 18 -19 -20 40 -22 -23 25 28 49 -27 -28 46 29 -31 -32 -33 57 39 -36 -37 -38 -39 -40 -41 -42 42 -44 -45 45 -47 -48 -49 -50 -51 -52 55 53 -55 58 -57 -58 -59 -60 60 61 -63
leaf_value=-0.035353889167033269 -0.035530716410631616 -0.05251550894988654 0.012984946988002989 -0.029396012627858171 -0.035657342594557016 -0.04284358718005709 0.0059200681558477675 -0.040665739902978615 -0.017892098867777179 -0.021104354682801828 -0.034570856044109526 -0.045282302416074151 0.014063317636216153 -0.010039857621144701 -0.043502660267358578 0.015680044662184957 -0.0026564529707270405 0.028963461092528377 -0.0098442827195008714 -0.033079059376376035 -0.0099276426146696281 -0.0039555230266259123 0.0017403054976772411 -0.0018550831717413928 0.024335245111546076 -0.0087912672646850969 0.027097429817107874 0.040418554543785623 -0.050586803300824018 -0.0031847308447006135 0.004188379289358576 -0.016031623325373102 -0.014381623206695822 -0.00087980785083047609 0.013732973040833311 -0.047396689106587127 -0.050879782820099917 -0.0070033166739331271 0.0014441289928198541 0.008299441218322972 -0.0074911508105286869 -0.021741602741157745 -0.0097536455659327035 0.028308752777518806 -0.00074201867097723915 0.0076740236217456145 -0.013960173153492995 -0.0036405219081537669 0.013751611732280958 0.0012594819056496907 -0.0043839823289220673 0.012872765849022198 0.012355597555183622 -0.05694598213442309 -0.00061068870735240697 0.0017600235587545449 0.038214321446240013 -0.027180809586961681 0.027489740921436707 -0.03435131270047647 0.025899739671076151 0.0055857875290352028
leaf_weight=49.936431338021066 255.64681003340229 9.2608655571821128 1534.9607455918449 64.093277250067331 73.758623585570604 60.612666790839285 2365.272119971225 85.72092495605466 104.22386441356502 305.00169696006924 15.498235098086296 14.975899773300624 448.23564916756004 930.042672728654 25.141069875127869 656.5694891368039 4677.9974020789377 146.06431435467675 583.04580585914664 50.176109515072312 425.35695512103848 1163.4871095666895 1923.2417256170884 2372.0612321202061 114.23624687339179 431.50291753956117 142.89230128657073 20.054445394431241 31.619473652885063 937.97488835183321 3558.9136657143245 407.29261605674401 514.66743712825701 1037.5444570879918 360.5046510178945 21.005167452152818 10.355963245034216 2749.1284548462718 1898.9773284480907 594.87043165485375 1584.9039355056593 39.579520704224706 127.40800317842513 75.776608621701598 557.96353331545833 2400.3918179667089 347.3058841987513 488.30775303463452 122.90042624349007 2611.5153285173001 61.292348381713964 935.36186841037124 476.54825955349952 12.980318952817468 299.92235904373229 237.14951134286821 49.772561270743608 254.86642596963793 39.351221400313079 17.289486050838605 102.23364481911995 1126.5683554882999
leaf_count=12977 27223 238 10303 3862 7649 3098 13536 7530 786 9168 3989 837 3898 16554 1733 2539 105041 997 15105 3065 5748 16013 11305 83132 1243 8012 659 944 6610 65427 47617 29901 36134 5869 18959 575 71 95491 24083 3184 79084 212 915 363 4305 12551 57802 22925 3448 29791 832 4230 2730 137 1822 1352 215 20644 145 1029 1034 13806
internal_value=6.16108e-06 -0.00316148 0.0041829 -0.00129871 -0.0127818 -0.00255168 -0.00208164 -0.0112203 0.00712375 -0.00396612 0.000534981 0.00511726 0.00148701 -0.00260862 -0.00835554 0.00739422 -0.00175664 0.0118503 -0.00153653 -0.0102931 -0.000922736 0.0014298 0.00275438 0.00162499 -0.000887666 -0.000189587 0.0109954 -0.00837123 0.00108338 -0.00473056 0.00201454 -0.0195049 -0.0208302 0.00595794 0.011742 -0.00763513 0.00567246 -0.00733408 0.00107851 0.00246521 -0.00827637 0.00547045 0.00563821 0.00627621 0.00571931 0.00608671 -0.00679653 -0.00190243 -0.00108631 0.00208121 0.0143069 0.0086033 0.00448291 0.010518 -0.00217856 0.0117486 0.0141531 -0.0186207 0.00264859 0.0101681 0.00669829 0.00727586
internal_weight=43141.3 24534.4 18606.9 20554.5 3979.93 17344.1 16876.2 3724.29 10301.8 10982.3 8305.08 7231.84 2787.55 9042.22 2869.03 4444.29 8112.18 3070.01 8048.09 1940.08 2339.31 5893.86 4730.37 7399.47 7465.04 2354.74 2923.94 905.605 7023.47 969.594 6053.88 467.905 855.255 3787.72 376.003 2795.27 2375.63 2774.27 1913.95 1632.41 1635.08 3210.38 3201.12 3073.71 2997.93 2958.36 855.668 508.362 2494.96 2787.04 175.529 2155.31 933.026 489.529 443.497 1222.28 985.134 769.534 339.274 2781.05 1246.09 1228.8
internal_count=970477 561244 409233 364265 196979 345681 312682 169756 85403 263745 323830 57575 34566 172428 105448 23009 155874 27828 152012 91317 30668 48937 32924 229182 136907 19317 26831 94648 206234 72037 134197 32999 64308 20470 22948 97799 13607 97224 24920 9053 82149 18584 18346 17431 17068 16856 81671 23869 86580 31866 2075 11417 5620 2867 2753 5797 4445 56778 1967 26172 15869 14840
is_linear=0
shrinkage=0.05


Tree=32
num_leaves=63
num_cat=0
split_feature=6 1 4 10 7 6 1 6 2 1 5 5 4 6 7 1 5 7 12 4 12 5 1 12 10 4 13 6 5 2 1 1 1 10 13 10 5 12 12 13 10 5 5 2 5 7 0 5 13 5 5 5 2 4 2 10 0 2 12 10 4 7
split_gain=235.737 149.598 79.2738 65.7781 49.3135 43.3613 42.5653 48.4967 24.179 22.5014 21.8456 21.4273 20.3254 20.2995 19.4 18.603 17.3551 24.1499 17.2714 17.1396 16.9093 16.7373 16.2534 15.0331 14.4297 15.8209 13.0321 13.005 15.8508 12.7165 16.6385 19.2708 12.3504 11.2166 11.072 10.907 16.6464 10.7909 12.8649 11.085 15.2253 13.2714 15.6407 10.7903 16.1676 16.1052 10.6659 10.6485 10.6241 10.5371 10.5322 10.491 16.8001 10.3516 26.6848 14.5741 14.3334 13.6916 13.3171 12.5781 10.303 10.2731
threshold=0.3357179611921311 0.33608491718769079 0.26814158260822302 8.7296881675720233 0.25247138738632208 0.4146538525819779 0.49855451285839086 0.40200768411159521 0.14776874333620074 0.51505503058433544 2.2499048709869389 2.4414010047912602 0.44371825456619268 0.4661365300416947 0.1848636940121651 0.43374226987361914 1.8688347935676577 0.22953020036220553 0.06827466189861299 0.17003938555717471 2.2170859575271611 2.8617925643920903 0.090031929314136519 0.66352757811546337 11.184664249420168 0.50717332959175121 0.14363770186901095 0.54885500669479381 2.1383330821990971 0.50893923640251171 0.55214822292327892 0.50161772966384899 0.18145621567964557 1.0000000180025095e-35 0.55083328485488903 9.8883228302001971 3.65057384967804 2.826136708259583 2.1397762298583989 0.56470128893852245 10.058737754821779 4.3630783557891855 5.1387310028076181 0.58575761318206798 3.4175922870635991 0.57624399662017833 4.6586997509002694 4.9938225746154794 1.2954229712486269 3.6762205362319951 4.5695295333862314 3.979637980461121 0.64024758338928234 0.39029267430305487 0.35618615150451666 9.0030698776245135 3.5694335699081425 0.57710847258567821 0.68039977550506603 9.0806851387023944 0.53870505094528209 0.29560023546218878
decision_type=2 2 2 2 2 2 2 2 2 2 2 2 2 2 2 2 2 2 2 2 2 2 2 2 2 2 2 2 2 2 2 2 2 2 2 2 2 2 2 2 2 2 2 2 2 2 2 2 2 2 2 2 2 2 2 2 2 2 2 2 2 2
left_child=2 5 8 33 9 22 7 20 -1 10 26 12 48 18 24 -13 61 21 49 -7 53 -18 -2 43 34 47 -4 28 -9 -20 31 -31 -19 -3 35 -12 -37 38 39 40 -17 -41 -43 44 -15 51 -28 -26 -6 -8 -46 -45 -53 55 -55 -5 58 -58 -56 -57 -24 -10
right_child=1 3 4 6 11 19 13 27 16 -11 14 15 -14 23 -16 37 17 32 29 -21 -22 -23 60 -25 25 -27 46 -29 -30 30 -32 -33 -34 -35 -36 36 -38 -39 -40 41 -42 42 -44 45 50 -47 -48 -49 -50 -51 -52 52 -54 54 56 59 57 -59 -60 -61 -62 -63
leaf_value=-0.019824450976055188 -0.042021912704425547 -0.032947529347565632 0.06291718194340587 -0.022259241546859584 0.0023203420025384226 -0.039334957168124782 -0.0080265477229817042 -0.016057446291706034 0.014341189946965574 0.01301873537229899 -0.019484901701555018 -0.0039583033011449126 0.0085107205950343979 -0.0066549121636735285 0.0026975181046681373 -0.010861739345353382 0.013623534309574773 -0.023951309786404959 0.011550733601732553 -0.019995549429007511 -0.011308471289127741 -0.0044796780578015873 -0.0096000260375707792 -0.014151429314929763 0.014355612623946482 -0.032697305103765603 0.0061221438511716497 -0.021473748113394336 -0.0067037950987540356 0.017642040030005128 0.0047030611431456582 -0.0028193078356446269 -0.0088146178933952747 0.0085424742510864151 0.012040142080372788 0.013121549181844137 -0.0043102020498176595 -0.020175410749831139 0.022547578863729385 0.013039893603676724 0.0023646516295787639 -0.014218229922826738 0.050948210583858469 -0.0010874118108334335 0.017727955854420368 -0.029864727922351467 0.018084814253917707 -0.0047595695429400583 0.02220419357850896 -0.044290141808230966 -0.018322176567168631 0.011623289999289327 -0.033392513991915777 0.010559560714096873 -0.03216457245064782 0.020616977924024067 0.00151361569776413 -0.0077668626694562164 -0.0065640888610586021 -0.0036114320924122362 0.059437101216474476 -0.00077543350722074464
leaf_weight=257.18989192624576 38.917370410796138 16.469516451208619 13.487110354006289 103.98071621451527 4574.2356142015196 134.7756693836418 66.064477016218007 672.424302635598 174.30567183019593 1666.3841995012481 61.950981413072441 1779.140814432787 2130.9707726889756 168.89655048842542 3040.3125912657124 246.06439551815856 184.22917913104175 176.50857083505252 360.64829668449238 764.0195877251972 564.20162695873296 415.93431561579928 2300.2690485102357 319.58607065549586 1140.7844741031295 19.124669457320124 308.64094856148586 267.59727373253554 1387.534244057897 122.6172996070236 2266.1697255162289 1870.113630505628 569.74153420174844 1492.0080907202791 304.73174074932467 226.92456751811551 345.43495215498842 51.064782605157234 81.837174560001586 408.0698076011613 1879.7158778737648 88.169089809060097 10.281316640088333 693.73416558140889 194.48480397462845 61.100648707011715 470.18618356389925 77.82772946980549 68.179700598586351 28.748884831555188 22.616381401428953 30.638757800799794 64.063434840762056 497.93361687846482 67.992681272677146 54.174990540370345 1603.1188979150611 528.42116508737672 200.88446569780353 4781.4926242257061 5.416989146731793 316.41279064398259
leaf_count=35462 5027 1383 45 1628 66638 14651 249 20558 3831 8170 3047 68085 9891 1164 67881 2939 5450 20121 1928 57668 15115 49748 88845 11290 23983 213 7328 20870 76570 1333 12714 17022 32314 6057 6427 4297 12907 960 993 1694 17230 454 57 4845 1459 2669 2328 4186 409 92 175 555 1042 4471 942 770 18947 8158 1860 105204 32 7642
internal_value=-7.41836e-07 -0.00365281 0.0037662 -0.00191695 0.00478417 -0.0135581 -0.0028049 -0.00471741 -0.00546588 0.00787781 0.00645225 0.00268605 0.00446804 0.000468223 0.00527743 2.99663e-05 -0.00345575 -0.00638962 0.00210228 -0.0228955 -0.00294818 0.00107737 -0.00997868 -0.00448544 0.00888079 0.0124266 0.014188 -0.0111041 -0.00975707 0.00253585 0.00177246 -0.00156027 -0.0123949 0.00808949 0.00420707 0.000443944 0.002601 0.00259603 0.00302446 0.0024175 0.000833664 0.00906458 -0.00741281 -0.00198521 0.00494678 -0.00513485 0.0133441 0.0131348 0.00261236 -0.0190222 0.0139725 -0.00321838 -0.0188287 -0.00234638 2.57776e-05 -0.00373825 -0.00215931 -0.000787069 -0.0130378 -0.00334 -0.00943783 0.00459407
internal_weight=42839 21751.1 21087.8 18507.7 18993.5 3243.4 16999.2 10729.8 2094.32 7675.79 6009.41 11317.7 6773.39 6269.48 5217.09 4544.34 1837.13 1346.41 4714.36 898.795 8402.2 600.163 2344.6 1555.12 2176.78 1237.74 792.314 2327.56 2059.96 4619.55 4258.9 1992.73 746.25 1508.48 939.042 634.311 572.36 2765.2 2714.14 2632.3 2125.78 506.52 98.4504 1235.53 385.998 849.537 778.827 1218.61 4642.42 94.8134 217.101 788.436 94.7022 7838 2898.35 4939.65 2400.42 2131.54 268.877 4835.67 2305.69 490.718
internal_count=970023 505293 464730 339070 310162 166223 331630 275093 154568 140812 132642 169350 76938 56537 122941 92412 119106 107633 33338 72319 157095 55198 93904 23199 55060 28382 9701 117998 97128 32997 31069 18355 52435 7440 26678 20251 17204 24327 23367 22374 20169 2205 511 11909 2798 9111 9656 28169 67047 341 1634 6442 1597 141980 34378 107602 29907 27105 2802 105974 88877 11473
is_linear=0
shrinkage=0.05


Tree=33
num_leaves=63
num_cat=0
split_feature=7 1 1 7 4 7 5 4 7 12 9 7 5 4 13 13 9 10 5 5 4 13 7 7 10 9 9 10 7 13 4 13 7 13 5 9 9 9 4 4 12 12 9 7 9 0 9 7 9 0 7 12 5 9 7 3 9 5 7 12 13 9
split_gain=222.825 125.36 97.5459 61.6449 57.3853 47.1298 37.0927 32.7287 31.2611 30.7921 27.8267 24.8337 23.9556 23.5491 23.1076 22.9713 19.6897 19.5605 18.6223 17.6544 17.0478 21.9159 16.32 16.0758 16.9185 17.2141 16.0365 15.0105 14.2139 14.0534 13.8023 13.4273 13.4083 13.2778 12.9545 12.856 12.8476 12.7215 12.5621 12.5435 13.1841 11.6142 11.5007 21.2755 15.3984 11.38 10.6773 11.0863 10.5142 12.3802 10.4513 15.4381 12.7293 11.2213 10.2844 10.403 10.2123 10.2079 10.4255 20.7618 12.8469 15.0036
threshold=0.3357179611921311 0.26575297117233282 0.35268995165824896 0.54109632968902599 0.5510709583759309 0.37707960605621343 1.8688347935676577 0.21322142332792285 0.23282893747091296 0.99983829259872448 0.44179719686508184 0.44627468287944799 2.4414010047912602 0.095312628895044341 0.41193935275077825 0.31531217694282537 0.17542195320129397 11.04623603820801 3.0201274156570439 2.9174053668975835 0.55542856454849254 1.3392080068588259 0.44627468287944799 0.11221974343061449 11.958684444427492 0.16191840916872027 0.31697301566600805 9.0030698776245135 0.45413832366466528 0.19826593250036242 0.057706220075488097 0.19707879424095157 0.50159195065498363 0.44895122945308691 4.5271940231323251 0.48429270088672643 0.028990741819143299 0.33379791676998144 0.42332686483860021 0.42436505854129797 1.7002460360527041 2.0344517230987553 0.039986019954085357 0.15678382664918902 0.065732736140489592 5.2755572795867929 0.17717922478914264 0.20509669184684756 0.424973875284195 5.4004201889038095 0.19420878589153293 0.11357812955975534 2.4414010047912602 0.16758801043033603 0.44988137483596807 4.6200466156005868 0.38466042280197149 4.5163240432739267 0.28504797816276556 0.14483378082513812 0.41880123317241674 0.2573783695697785
decision_type=2 2 2 2 2 2 2 2 2 2 2 2 2 2 2 2 2 2 2 2 2 2 2 2 2 2 2 2 2 2 2 2 2 2 2 2 2 2 2 2 2 2 2 2 2 2 2 2 2 2 2 2 2 2 2 2 2 2 2 2 2 2
left_child=2 13 7 4 5 9 11 30 18 14 12 48 33 -2 -3 32 -14 50 46 -5 23 -22 37 24 41 29 -11 34 -6 -26 -1 -18 -8 -10 -21 54 -25 -15 -28 40 -40 -20 -19 -44 -45 -33 -4 -48 -7 -50 51 -9 -53 -52 55 -17 -16 58 -47 -60 61 -61
right_child=1 3 8 19 28 6 15 17 10 26 -12 -13 16 22 56 35 31 42 20 27 21 -23 -24 36 25 -27 38 -29 -30 -31 -32 45 -34 -35 -36 -37 -38 -39 39 -41 -42 -43 43 44 -46 57 47 -49 49 -51 53 52 -54 -55 -56 -57 -58 -59 59 60 -62 -63
leaf_value=-0.041670591330760384 -0.044924612051662385 0.0059380214313296091 0.011848057739200951 -0.034715345032202617 0.0053135176032468989 -0.021421337084690389 -0.0072522021755870338 0.026275578858223965 0.0047619286465379607 -0.029263866991953283 0.018555443153812794 -0.028874595018231815 -0.025277960132653363 -0.037175177026935541 -0.0070882073853984935 0.0036270134253068593 -0.0095466221026355783 -0.025837415009455047 0.017879463316793166 0.013746707604813883 0.011163589895509618 0.037785525959536784 -0.02878164763348124 -0.076154929393939863 -0.014467555825734779 0.043810566432879845 -0.0043268075195386545 -0.016966503596296392 -0.0026566148944430126 -0.10228877608155801 -0.0085401132796495069 0.0062332586022755092 -0.02044262978047386 0.010913701936753149 -0.045209006731492953 0.0011420390556674787 0.0045352964559081587 -0.012681436804071192 0.020098311706499387 -0.0006350208334307216 -0.03054780372704451 0.07425029767009593 0.01701720576250907 -0.043915161265855068 0.0018043587585647128 0.0046017506559806985 0.037376109091213049 0.016997660542471701 -0.0061821020437567223 -0.016316279457858782 -0.016014543090180976 0.076822308224262295 -0.0019198064509890111 -0.00369466164973154 -0.024233800759508095 -0.008285587399084646 0.0016831833912470525 -0.010099596526532095 0.01206843629359735 -0.038110709226689882 -0.014574532642426731 -0.00027143542319364326
leaf_weight=32.512538976996439 83.997328547775396 1987.0253075256478 751.01383559778333 120.90831777383573 2669.7642144637648 204.00891510979272 1450.6914520275022 65.006159239303088 3555.9562912913971 59.179393637459725 332.81173206283711 215.43808628665283 69.596780041581951 56.681902501033619 645.67910318059148 263.49517589324387 256.33454922947567 36.162794944044435 330.413728570682 71.56148224347271 479.35511682881042 92.171932675875723 248.70707531424705 4.9436713176546609 38.070799161680043 11.517765646800397 5152.1688735493226 503.14336393988924 707.6788081235718 5.1744980565272263 949.93569312465843 1235.5840377310524 222.16778246354079 1164.3317806280684 10.712496801745145 1665.4837136116694 2308.5011236820137 818.64470616847393 126.87731476314366 1468.2203623487148 14.297943606972693 9.397221493534742 237.13575127755757 18.506340049556457 3802.367212982499 1224.7505947828759 91.87900936184451 243.92188500449993 985.22128042276017 434.16785493295174 207.31184820143972 5.2221622932702294 298.99247294699308 1704.2723554155091 72.736379411420785 601.91384993621614 682.70829337986652 211.94938402948901 218.19351859483868 27.179058838170022 257.69786252314225 724.95189324649982
leaf_count=8138 10034 23101 4528 5920 14201 5031 65861 3452 22709 2292 3030 7049 2006 6826 13574 11056 5786 5440 4453 707 2157 228 23639 579 837 97 97633 34659 6645 133 95394 17968 12232 6013 67 45743 32699 48807 482 12351 124 48 11447 2292 107870 12231 383 1266 21147 5567 10360 19 20956 63750 2955 15037 12336 4680 1354 482 3538 8677
internal_value=-0.000165798 -0.00373858 0.00349887 -0.00280895 -0.00228674 -0.00351919 -0.00698575 -0.00114166 0.00600093 -0.00142775 0.0043593 -0.0129242 0.0038312 -0.0193873 0.002525 -0.00443227 0.00109685 0.000167482 0.0094897 -0.0173214 0.00760996 0.015457 -0.017479 0.00595385 0.015282 -0.0105086 -0.0033491 -0.0137289 0.00364353 -0.0249758 -0.00963651 0.00153846 -0.00900399 0.00627936 0.00607037 -0.00149489 0.00436287 -0.0142675 -0.00312229 0.000733753 0.014969 0.0194384 0.00223468 0.00248484 0.00158292 0.00226699 0.015162 0.0225734 -0.0108075 -0.00928198 -0.00354325 0.00415807 -0.000568116 -0.00503076 -0.00617622 -0.0046585 -0.00258026 0.000427899 0.0013376 -0.00191785 -0.00493986 -0.0016388
internal_weight=42546.4 21543.3 21003.1 20335.2 19628.9 16251.5 6115.32 7357.43 13645.7 10136.2 9279.34 1838.84 8946.53 1208.03 3315.41 4276.49 4226.24 6374.98 4366.36 706.326 3279.55 571.527 1124.03 2708.02 394.574 54.7631 6820.74 585.417 3377.44 43.2453 982.448 4156.64 1672.86 4720.29 82.274 2603.63 2313.44 875.327 6761.56 1609.4 141.175 339.811 4094.17 4058.01 3820.87 3900.31 1086.81 335.801 1623.4 1419.39 2280.8 369.221 304.215 1911.58 938.145 865.409 1328.39 2664.72 2452.77 1228.02 1009.83 752.131
internal_count=970076 505076 465000 415770 374417 353571 191678 329118 135882 161893 88474 38794 85444 89306 49011 152884 56722 225586 47408 41353 41231 2385 79272 38846 5568 1067 112882 35433 20846 970 103532 54716 78093 28722 774 74791 33278 55633 110590 12957 606 4501 127049 121609 110162 48930 6177 1649 31745 26714 98537 24427 20975 74110 29048 26093 25910 30962 26282 14051 12697 9159
is_linear=0
shrinkage=0.05


Tree=34
num_leaves=63
num_cat=0
split_feature=6 1 1 10 6 4 13 4 7 4 6 10 3 7 9 9 10 9 1 9 9 9 12 9 4 10 7 13 13 4 9 6 9 4 9 2 1 0 0 3 10 7 4 2 2 12 9 0 9 1 10 2 8 10 13 2 10 13 10 4 0 9
split_gain=232.483 139.929 83.4107 58.3834 49.7521 45.8742 38.0699 37.5358 29.1962 28.7226 24.3853 24.0003 20.8381 18.4409 37.2533 17.6609 30.5298 16.5571 15.8026 17.6547 14.5429 14.0722 13.6878 13.3692 13.0603 12.5724 12.4568 12.4231 12.3486 12.3232 12.1989 12.0096 22.0198 12.5038 11.494 11.3423 11.2353 11.1797 11.3066 10.8859 13.4648 26.3852 15.1971 16.4451 10.7218 10.6977 10.2057 10.1971 10.0718 9.91927 12.3245 9.87386 13.893 12.1925 9.66195 9.64603 9.59647 9.59284 9.50907 15.0272 11.7675 11.4056
threshold=0.3184697180986405 0.33608491718769079 0.39413943886756903 8.8223190307617205 0.44622917473316198 0.18871082365512851 0.31531217694282537 0.39029267430305487 0.1363976672291756 0.21322142332792285 0.40200768411159521 12.166447639465334 8.054997920989992 0.24046788364648822 0.15512134879827502 0.074274059385061278 11.12258291244507 0.2991225421428681 0.48921379446983343 0.36813701689243322 0.15512134879827502 0.25158660113811498 3.3503751754760747 0.023774610832333568 0.057706220075488097 8.7140464782714862 0.23282893747091296 1.3907248973846438 0.2369760796427727 0.095312628895044341 0.41596378386020666 0.36479067802429205 0.39270804822444921 0.58781954646110546 0.29510936141014105 0.50084221363067638 0.48137915134429937 4.4367339611053476 4.8559212684631357 8.1947808265686053 10.444619178771974 0.089220777153968825 0.37981377542018896 0.4904573261737824 0.29278567433357244 0.13053187727928164 0.3696755319833756 4.7833075523376474 0.71877136826515209 0.50076606869697582 8.9376769065856951 0.67121061682701122 0.3024751096963883 11.149930477142336 0.50398144125938427 0.59514522552490245 1.0000000180025095e-35 0.28156302869319921 11.58043432235718 0.46045906841754919 4.0163424015045175 0.16758801043033603
decision_type=2 2 2 2 2 2 2 2 2 2 2 2 2 2 2 2 2 2 2 2 2 2 2 2 2 2 2 2 2 2 2 2 2 2 2 2 2 2 2 2 2 2 2 2 2 2 2 2 2 2 2 2 2 2 2 2 2 2 2 2 2 2
left_child=2 5 9 25 7 29 48 34 20 24 17 12 21 23 -15 16 -10 -7 36 26 22 -9 39 -11 -1 35 27 58 -18 -2 -12 32 44 -34 -5 37 -17 56 -39 40 41 55 -43 -44 -23 -45 -40 -13 -6 -8 -51 -33 -53 -54 -38 -4 -3 -30 59 -20 -60 -61
right_child=1 3 8 4 6 10 49 11 15 13 30 47 -14 14 -16 18 28 -19 19 -21 -22 31 -24 -25 -26 -27 -28 -29 57 -31 -32 51 33 -35 -36 -37 54 38 46 -41 -42 42 43 45 -46 -47 -48 -49 -50 50 -52 52 53 -55 -56 -57 -58 -59 60 61 -62 -63
leaf_value=-0.042080391814713791 -0.043973956209873974 -0.0328153877590791 0.030899414215226236 -0.032136700763806245 -0.014719092653495356 -0.034955666590921773 -0.0097630015516750081 -0.051058021956656777 -0.067340940866683976 -0.028389093217232261 -0.041567385902798779 -0.00028813572507146155 -0.012867685609404942 -0.043829227122511666 0.00027952343670668248 0.0052949341713262781 -0.043988544713094851 -0.0069463396383785472 0.05757045092965854 0.018209050674158699 0.028240532463988884 0.017293769713919327 -0.058337330014496674 0.0052942124385219301 -0.0067893849772251366 0.0082241512350931956 0.0058570392963521612 0.025490554572304328 0.045657782887270515 -0.023235674043253086 -0.016176922692726695 -0.0016294605168143659 0.0091654046068783968 0.027998329994380528 -0.0042833417612746175 0.075546591088066661 -0.0075871164108839654 -0.06645008324263392 -0.037896972167721622 0.035460959385469198 0.016673539867087268 0.055754329517349148 0.0064267327757823352 -0.081933224196401575 0.0016934998043729107 -0.029126541795170352 0.0010261871818254991 -0.012899963319735828 -0.030867866063029971 0.018155008436782371 -0.0033242063235054326 -0.021877080080293494 0.0097289907356013575 -0.0020120968183805692 0.01618641191504562 -0.036261201844865906 0.008637796715544899 -0.010620437074640063 -0.022615034167274752 -0.0011965102110214317 0.020044665841875007 0.010825993594641524
leaf_weight=27.02737835291191 88.371271132054972 16.061758953874232 52.270947554381564 37.269657189957798 875.40770603297278 54.073657475004438 638.727716706926 12.545889039698521 22.042814132990316 29.784927739878185 50.453064517438179 252.56629389117006 247.83933074306697 48.293780424835859 5444.3941835319856 4223.2148663321277 9.5030641121848003 2174.8368447001558 14.658661047695203 444.70104831806384 203.76581153040752 113.85303605126683 6.7342650261707595 2690.8697318600607 873.14304863699363 1634.3245370804798 2833.5202056251001 145.9985469696112 17.427766233799051 378.22310600688797 758.51991336338688 2787.0643407364259 563.36079034162685 104.4802448998671 5977.1733058362734 4.3100320529192677 292.78532805712894 11.521773930639027 26.478378627449274 50.480714503675699 321.44733596534934 6.1653610956855109 26.197680120822042 12.765136271715162 3377.3098505263915 38.566648720297962 46.269340901402757 438.59719936514739 108.52318550006021 70.180967785418034 1379.8134557094891 48.787678000051528 610.44049874204211 346.69399605155922 50.043203931534663 5.9555122149176887 106.77786837890744 13.389214311668182 17.130632156971842 307.55092866742052 286.92452384717762 550.17017086665146
leaf_count=7510 11459 1459 413 3503 44101 5178 37324 738 695 6209 4652 3833 3435 4862 129533 42760 245 71961 92 2048 1152 1219 183 104644 88838 6567 15861 463 166 36382 55793 40263 5455 411 150692 22 2902 91 145 199 3368 51 203 125 25590 593 408 9312 7024 288 14800 329 3486 2935 354 167 516 313 133 1859 1567 3356
internal_value=-1.00734e-05 -0.00335606 0.00408593 -0.00172884 -0.0025977 -0.0125666 -0.00839133 -0.00140438 0.00725038 0.000629856 -0.0103246 0.000656977 0.00141008 0.00155912 -0.000108297 0.00649173 -0.0200263 -0.00762585 0.00667213 0.00874031 0.0169165 0.00185437 0.0124841 0.00492546 -0.00784899 0.00673994 0.00772713 0.0117341 0.00584047 -0.0271634 -0.0177604 0.00193785 0.00379349 0.0121117 -0.00445594 -0.0047334 0.00458828 -0.00640406 -0.0204296 0.0134122 0.0110102 -0.00181723 -0.0197992 -0.0258074 0.00220225 -0.0422585 -0.0131409 -0.00829133 -0.0165002 -0.00457148 -0.00228459 -9.68512e-05 0.00414948 0.00547612 -0.00411686 0.0240301 0.00321763 0.0212063 0.0100269 0.007373 0.0176412 0.00651511
internal_weight=42407.8 23340.9 19066.9 19836.4 17990.6 3504.48 3072.65 14918 9953.41 9113.51 3037.88 8903.54 8212.38 8213.34 5492.69 9229.06 62.3629 2228.91 9166.7 4600.65 724.349 7964.54 520.584 2720.65 900.17 1845.74 4155.95 1322.43 40.32 466.594 808.973 7951.99 4159 667.841 6014.44 211.419 4566.04 207.109 84.2695 513.849 463.369 141.921 83.6948 77.5295 3491.16 51.3318 72.7477 691.163 983.931 2088.72 1449.99 3792.99 1005.92 957.134 342.829 58.2265 122.84 30.817 1176.43 872.38 304.055 857.721
internal_count=970235 549371 420864 363946 354738 185425 103537 251201 79268 341596 137584 97006 83861 245248 134395 72814 1419 77139 71395 25379 6454 80426 5302 110853 96348 9208 23331 7470 724 47841 60445 79688 32675 5866 154195 2641 46016 2619 644 5119 4920 1552 972 921 26809 718 553 13145 51125 52412 15088 47013 6750 6421 3256 580 1975 479 7007 5307 1700 5215
is_linear=0
shrinkage=0.05


Tree=35
num_leaves=63
num_cat=0
split_feature=6 1 1 7 7 9 9 10 5 6 1 9 9 2 6 5 10 5 9 6 7 6 5 5 5 6 10 5 9 6 9 9 9 1 5 10 1 6 1 10 9 9 7 2 7 6 4 2 9 0 1 10 3 2 10 10 1 0 3 4 3 2
split_gain=215.339 124.474 102.252 51.7427 44.0979 69.5914 31.8884 29.5781 28.728 28.439 26.4395 24.2248 21.2521 20.7287 21.3753 21.1142 18.7032 20.7113 18.5819 28.2222 17.4616 17.1627 20.3912 17.1535 17.1478 16.082 15.9761 13.9912 13.7502 16.9813 13.6663 13.2702 13.1258 12.9727 15.0335 18.6242 12.0486 11.8972 11.6036 12.3608 14.5823 11.5645 13.1785 11.4244 11.39 11.3703 11.1547 17.3336 15.9857 13.605 11.2852 15.7408 10.7172 10.5352 10.5025 23.0767 12.1513 11.6236 10.9991 10.492 10.4848 10.1103
threshold=0.37711146473884588 0.41913609206676489 0.39413943886756903 0.2517982572317124 0.2657808661460877 0.20400134474039081 0.41596378386020666 11.403584957122805 3.9415346384048466 0.47508443892002111 0.20411912351846698 0.50124558806419384 0.30977138876914984 0.17505060881376269 0.12670616060495379 2.8029010295867924 8.7296881675720233 2.3502402305603032 0.053262718021869666 0.082435581833124175 0.53799960017204296 0.13718584924936297 3.9415346384048466 3.7012257575988774 1.8688347935676577 0.50182837247848522 9.6369795799255389 3.5114340782165532 0.28051759302616125 0.31563769280910497 0.30505323410034185 0.50363564491271984 0.018642326816916469 0.62213659286499035 2.4414010047912602 10.199286460876467 0.60190600156784069 0.4093861728906632 0.65258482098579418 11.083810329437258 0.17925535887479785 0.053262718021869666 0.1848636940121651 0.52873674035072338 0.18944921344518664 0.089957650750875487 0.53870505094528209 0.63044175505638134 0.13116636127233508 3.8606742620468144 0.56780785322189342 10.878688335418703 6.4289124011993417 0.3701253086328507 10.72174644470215 10.730455398559572 0.4762252420186997 8.0632195472717303 6.2075829505920419 0.30077071487903601 5.478551149368287 0.38973768055439001
decision_type=2 2 2 2 2 2 2 2 2 2 2 2 2 2 2 2 2 2 2 2 2 2 2 2 2 2 2 2 2 2 2 2 2 2 2 2 2 2 2 2 2 2 2 2 2 2 2 2 2 2 2 2 2 2 2 2 2 2 2 2 2 2
left_child=1 4 6 12 8 -6 37 20 13 24 -7 23 21 41 -15 44 17 59 19 32 30 27 46 26 60 36 -5 -3 29 -18 -4 -11 -10 34 35 53 -9 -2 39 -24 -41 -1 -43 -34 -16 -20 -23 49 -49 -48 51 -50 -30 -32 56 -56 57 58 -28 -12 -8 -19
right_child=2 3 7 11 5 10 9 25 18 31 16 -13 -14 14 15 -17 28 61 45 -21 -22 22 38 -25 -26 -27 54 -29 52 -31 33 -33 43 -35 -36 -37 -38 -39 -40 40 -42 42 -44 -45 -46 -47 47 48 50 -51 -52 -53 -54 -55 55 -57 -58 -59 -60 -61 -62 -63
leaf_value=-0.035462688425922005 -0.022570221657208837 0.04361886507777582 -0.05569871610896087 0.0085839050496274473 -0.042089132218409119 -0.012482138457788908 -0.011467621943670953 -0.008060134928400773 -0.037330487122780483 -0.045624328211762377 -0.036362741769257016 0.019744101702601824 0.021856516604951998 0.026827814213481068 0.022483085215835787 0.0016295897186311135 0.0015085171275061391 -0.014249913603980997 0.019152620518719608 -0.049641509014370637 -0.010786227596842245 0.0082933526873911149 -0.0053448935744606473 -0.0019818953740018638 -0.0050104280757933099 -0.020874871398085471 -0.012838404784067357 0.01473278460986621 -0.0023176357914556425 -0.027544946630366354 0.0086437562157058861 -0.018977063364368101 0.026117280480412449 0.0072120119611708174 0.00094484228465189872 -0.00096591111016245475 0.011243971917878248 -0.043258593464596123 0.029322025275093762 -0.0052099520964183701 0.013658339026950836 0.0132019128901276 -0.0040401073893240212 -0.097442289409218563 0.0084060032686339211 -0.0038383799976876697 -0.0082307576630599334 -0.015134815124659981 0.033493195095442442 0.037510740336289185 0.021506120348994087 -0.010435705004782525 -0.0077122433934550165 -0.018104870600531699 0.026008455723330409 0.0035830119785431333 0.0034053744887172486 -0.033192667141637273 0.00066433290859785723 0.0073334099098818772 -0.024309900489243901 -0.068946289279439812
leaf_weight=25.297664541110862 235.12848142573785 45.389689205680043 11.005455727281513 1586.165224022232 108.4988237148209 563.98374917973706 741.74637025751872 1224.5639227656648 14.570835438615175 50.195392946276115 13.941069036372935 226.98383099795319 362.62943031056784 127.00632431387203 158.02425961685367 1527.4186908418778 2880.4518857192015 32.989659041457344 57.841105172497919 54.138977222173708 415.61312604520936 1599.9034929468762 460.74079588241875 1363.980968943506 1088.2808584279846 239.5524841514416 229.39123949315399 548.32379891211167 7965.4089851406752 51.187654678418767 41.446022792952135 675.02682856202591 33.083768709970172 556.33661155728623 2729.3009561114013 624.77557550673373 86.543613751418889 98.645731843193062 35.964800485875458 166.12511574960081 266.94821722619236 133.43828920408851 653.87987359313411 1.9828937794081856 1584.5175915762666 765.38132449210389 18.698623514734209 50.332019953988492 27.986993916332722 124.45078317634761 221.63922073459253 75.147788342554122 1040.9797194174607 329.16616773465648 117.29713646322489 5217.3435542474035 861.21754555241205 35.826133933849633 440.30779994418845 941.6616020819929 202.27442666370189 11.3572898741113
leaf_count=4054 18196 210 389 7016 13397 43172 24000 29549 5074 3708 884 1751 2399 2831 1799 49625 54979 688 3771 13973 16309 10310 5655 20590 75209 13817 1870 4763 192195 4050 281 55728 3354 2838 39343 7381 888 10040 106 1860 3564 10735 39375 87 20908 68599 96 256 124 416 684 370 21779 3261 420 32599 4841 395 3815 5031 4595 114
internal_value=4.63543e-05 0.00195288 -0.00664816 0.00550507 -0.000715524 -0.00220527 -0.0140881 -0.00297321 0.00323188 -0.0123213 -0.00188478 0.00359472 0.0103133 0.00498659 0.00670266 0.00592099 -0.00142282 0.00514577 -0.00473642 -0.0246745 -0.00100041 0.00916386 0.00764891 0.00322263 -0.00928804 -0.00896243 0.00405902 0.0169411 -0.00197302 0.00100123 -5.28104e-05 -0.0208214 0.00255662 9.02415e-05 -0.000973499 -0.00623349 -0.00678591 -0.0286846 0.00147617 0.000355728 0.00642054 -0.00218705 -0.00111785 0.0191304 0.0096826 -0.00222299 0.0103585 0.0167337 0.0110848 0.0315358 0.0151482 0.00148499 -0.00294116 -0.0151135 0.00301905 0.0040761 -0.000580123 -0.00544512 -0.00396074 0.00669594 -0.0142193 -0.0282577
internal_weight=42179.4 32829.8 9349.6 14082.8 18747 13610.5 3091.3 6258.3 5136.58 2757.52 13502 10078.5 4004.28 4209.58 3396.97 3269.96 12938 999.95 926.999 103.776 4707.64 3641.65 3047.94 9851.53 2032.3 1550.66 8487.55 593.713 11938 2931.64 4292.03 725.222 49.6375 4281.03 3724.69 995.388 1311.11 333.774 929.779 893.814 433.073 812.616 787.318 35.0667 1742.54 823.222 2118.16 518.255 375.106 143.149 324.774 103.135 9006.39 370.612 6901.38 5334.64 1566.74 705.525 669.699 955.603 944.021 44.3469
internal_count=970116 664584 305532 104110 560474 336289 191476 114056 224185 163240 322892 73297 30813 129327 75163 72332 279720 6717 94858 22488 69802 28414 23441 71546 103804 44254 50956 4973 273003 59029 53493 59436 8515 53104 50266 10923 30437 28236 11185 11079 5424 54164 50110 3441 22707 72370 12256 1946 1434 512 1178 494 213974 3542 43940 33019 10921 6080 5685 5915 28595 802
is_linear=0
shrinkage=0.05


Tree=36
num_leaves=63
num_cat=0
split_feature=6 6 2 5 6 9 9 10 6 9 10 2 9 5 2 6 9 0 9 13 5 2 6 9 9 13 9 12 5 2 8 5 10 9 7 9 5 5 0 12 10 13 9 12 10 13 5 5 12 0 13 5 8 2 10 10 9 13 8 2 9 5
split_gain=204.276 63.6069 60.678 53.1593 47.1898 43.831 35.4102 34.3257 27.7993 28.9734 26.6022 25.1945 22.7316 26.9237 21.1603 18.8615 18.6058 17.1147 16.1838 15.9168 14.3738 13.6705 13.3769 18.7831 14.1198 13.3001 13.9738 13.104 12.8513 12.7693 11.8365 10.9044 10.3737 10.1762 11.3897 12.7146 14.4149 14.223 10.9674 10.6933 10.6492 10.2537 10.1325 11.8294 14.3393 10.1025 14.8073 9.95459 13.4821 10.2156 10.9649 10.3119 9.98006 9.90302 10.7306 14.7021 12.6119 9.7215 12.37 9.99371 9.66695 16.5498
threshold=0.3357179611921311 0.4146538525819779 0.26815462112426763 2.4414010047912602 0.54885500669479381 0.33461612462997442 0.37809175252914434 8.7296881675720233 0.23303436487913134 0.13116636127233508 1.0000000180025095e-35 0.65615329146385204 0.48103672266006475 2.4414010047912602 0.10626265406608583 0.47508443892002111 0.44718426465988165 8.599403381347658 0.028990741819143299 0.30773830413818365 2.5249279737472539 0.42442680895328527 0.082435581833124175 0.023774610832333568 0.0068241020198911437 0.19724496454000476 0.16758801043033603 2.2170859575271611 3.5114340782165532 0.14390365779399875 0.12663633376359942 3.0201274156570439 1.0000000180025095e-35 0.41401511430740362 0.17072947323322299 0.10518378764390947 3.7494349479675297 5.3821961879730233 6.8485357761383066 2.1791548728942876 12.309280872344972 0.19575417041778567 0.41026654839515692 0.42736247181892401 10.760580062866213 1.2954229712486269 1.7005987167358401 0.89587974548339855 0.2554601281881333 6.1279597282409677 0.33735820651054388 4.7916412353515634 0.39731797575950628 0.64468553662300121 9.5264267921447772 10.397329330444338 0.18405647575855258 0.34087876975536352 0.31435655057430273 0.6429714858531953 0.12834025174379352 3.2769666910171513
decision_type=2 2 2 2 2 2 2 2 2 2 2 2 2 2 2 2 2 2 2 2 2 2 2 2 2 2 2 2 2 2 2 2 2 2 2 2 2 2 2 2 2 2 2 2 2 2 2 2 2 2 2 2 2 2 2 2 2 2 2 2 2 2
left_child=2 5 14 15 6 21 -5 10 17 -10 -7 27 13 45 -1 16 -3 20 -16 -8 53 -2 24 28 -22 -15 -27 29 -24 -9 -26 -6 -20 34 35 37 38 39 -37 40 41 -25 -13 -44 -45 -11 -47 48 -31 50 -49 -51 -53 54 -4 56 -56 58 -14 -60 61 -36
right_child=1 3 8 4 31 7 19 11 9 12 -12 42 57 25 18 -17 -18 -19 32 -21 22 -23 23 33 30 26 -28 -29 -30 47 -32 -33 -34 -35 60 36 -38 -39 -40 -41 -42 -43 43 44 -46 46 -48 49 -50 51 -52 52 -54 -55 55 -57 -58 -59 59 -61 -62 -63
leaf_value=-0.029126082927068205 -0.032064641057423203 -0.033087840181905616 0.032102282178772257 -0.04216956497691364 -0.03157393738563672 -0.029200849117168526 -0.0083424613034720797 -0.013082264723549715 -0.053194295826007799 0.0050342393516942321 0.0074140841999554901 -0.00031873343004525535 0.021926025850270963 -0.007811379044504351 -0.038851528239547184 -0.026084845318962786 -0.010846934941291853 0.021780525397521011 -0.022066937381039126 -0.00043859114388088995 -0.065894120635105455 -0.010984292829345391 0.064794105659029322 -0.081253187036407493 0.02405651008130559 -0.029249574653447952 0.0014952794297237778 -0.0088072567287149107 -0.066776326068919617 -0.01981582435720048 -0.07661423408682376 -0.014708225034710377 -0.0010714462416153625 0.024856182534446533 0.001479155010487464 0.015017377837969283 0.0084189804761772413 -0.080112318231583449 0.035898202419624374 -0.013048254765651383 0.041539408660194371 0.0054531218339046372 0.017924288798226447 -0.025777930767858788 0.0062981452720440746 0.033909694456636254 0.0050532394524408298 0.0028718404142525611 -0.0033686404735223971 -0.0038467630301923621 -0.0025187986213746952 -0.066021212389529418 0.013576281476771057 0.042768966488711584 -0.023343121012391558 0.013954488750229192 0.027149022867851424 0.029478489763055983 0.0039954483847031343 -0.055150625838506551 0.0046211834161011475 -0.02437855247378334
leaf_weight=71.489985433028778 140.92255199582723 104.38944361568429 64.916509066242725 56.834387455775868 117.48226463823812 51.569184382184176 844.12566802691435 282.51911690927227 22.643517753225751 5828.9682643080596 1303.5375046159606 709.3136240572203 51.533167624846101 442.5672168857418 29.056015762587776 377.20067328592995 947.88967441255227 206.60352937667631 59.756658178783255 2595.4630188416631 4.6690446463180697 169.30506378164864 2.1488672280684105 3.4294212325476101 163.95127521196264 37.251595978741534 4690.3571276895527 912.08553494728403 13.616355716716496 127.30554127815412 2.972757955431006 520.15276350855129 3807.4893210027367 69.182846154551953 280.35357249353547 209.84840325941332 800.78009301438578 5.0718183729914008 89.793418202549219 81.953701695485506 20.577056729933247 593.26089464855613 214.96930195903406 37.564922927878797 480.68870519078337 75.641596501227468 107.82885544653982 2234.5792209769133 5861.507165138144 1430.8794776149152 1632.4889178141311 12.761992126877887 5.6954355589696197 29.448064640164375 51.316763114999048 418.41745226935018 16.294067412847653 116.4782072242815 18.960902730701495 11.457603002898393 2170.2627575639053 79.407283135602484
leaf_count=14239 12775 3489 397 5897 6394 4618 52423 11582 2924 44198 5274 4213 683 13972 9091 13617 26732 969 9626 70593 1092 3641 27 129 4343 1595 84513 26932 2099 1938 114 35931 185778 741 3505 1971 16807 460 530 2063 256 11708 1072 283 3049 450 734 52003 89686 26716 46173 567 367 102 525 2886 133 1128 339 52 39818 4180
internal_value=-0.000134698 -0.00359008 0.00339087 -0.0081804 -0.00530641 -0.00195381 -0.00302512 -0.00157648 0.00470559 0.00330804 0.00602069 -0.00231487 0.00342046 0.0031228 -0.00216979 -0.016492 -0.0130533 0.00766883 -0.00167519 -0.00237832 0.00710508 -0.0205602 0.00616787 0.00563609 0.0198649 0.00047711 0.00125302 -0.00303692 -0.0488427 -0.00258273 0.0222637 -0.0178157 -0.00139587 0.00583111 0.00552747 0.00856208 0.0119196 0.00331618 0.0212747 0.00392133 0.00617436 0.00495479 0.0039418 0.0080634 0.00397315 0.00539786 0.0169502 -0.00232035 -0.00371826 -0.000745626 0.000596174 -0.00432577 -0.0414597 0.014519 0.013009 0.0104588 -0.0111746 0.0201955 0.00700145 -0.0182828 0.00336283 -0.00422822
internal_weight=41921 21171.2 20749.8 5563.54 4134.06 15607.7 3496.42 15297.5 16782 11403.7 1355.11 13942.4 11381 11182.6 3967.79 1429.48 1052.28 5378.28 3896.3 3439.59 5171.67 310.228 4591.28 4419.69 171.593 5170.18 4727.61 12499.8 15.7652 11587.7 166.924 637.635 3867.25 4403.92 4334.74 1804.71 1100.42 704.293 299.642 699.221 617.267 596.69 1442.54 733.223 518.254 6012.44 183.47 11305.2 5988.81 5316.41 3867.07 1449.34 18.4574 580.393 550.945 486.028 67.6108 198.43 81.9517 30.4185 2530.02 359.761
internal_count=970142 505965 464177 215076 171238 290889 128913 274473 245443 150588 9892 264581 147664 145462 218734 43838 30221 94855 204495 123016 93886 16416 89843 84294 5549 100080 86108 255964 2126 229032 4457 42325 195404 82168 81427 33924 19308 14616 2501 14156 12093 11837 8617 4404 3332 45382 1184 217450 91624 125826 98176 27650 934 4043 3941 3544 658 2202 1074 391 47503 7685
is_linear=0
shrinkage=0.05


Tree=37
num_leaves=63
num_cat=0
split_feature=7 1 6 6 4 1 5 9 4 10 7 7 9 0 2 6 9 4 9 9 5 7 9 12 9 9 10 12 9 6 7 9 9 5 7 5 1 4 1 13 6 5 7 1 5 9 13 4 10 4 6 9 13 4 2 4 6 12 7 2 1 5
split_gain=188.9 119.013 48.7895 47.4453 45.9069 40.8139 36.462 31.3823 27.4086 25.3312 24.0013 21.6775 17.3402 17.5292 16.4811 16.0446 17.6027 15.9476 15.9014 15.0145 14.2671 16.6515 13.5345 13.4009 15.4355 13.1905 13.0051 12.5398 12.6689 11.7678 11.6478 29.351 16.4223 23.2897 29.9537 12.2612 11.8962 11.6423 11.3081 11.1456 10.686 10.9524 10.5252 10.4804 10.3529 18.573 10.5919 14.1317 13.3061 12.7083 11.002 13.5078 12.8793 11.4603 19.4898 10.9852 10.8095 9.98585 9.95763 9.52365 9.93151 9.51404
threshold=0.29702274501323706 0.33608491718769079 0.4146538525819779 0.44622917473316198 0.34530405700206762 0.49855451285839086 2.5249279737472539 0.26301880180835729 0.58086121082305919 8.8768234252929705 0.57624399662017833 0.1872346177697182 0.24719034880399707 6.6247289180755624 0.13710960000753405 0.33609920740127569 0.31469248235225683 0.19826643168926242 0.43331512808799749 0.44718426465988165 3.5114340782165532 0.10824050381779672 0.15933437645435336 0.19885819405317309 0.48956896364688879 0.40861029922962194 13.147902488708498 0.53769630193710338 0.61313992738723766 0.29816405475139623 0.19420878589153293 0.094596564769744887 0.053262718021869666 3.2769666910171513 0.089220777153968825 1.8688347935676577 0.24380752444267276 0.39164464175701147 0.38110762834548956 1.1811852455139162 0.54885500669479381 2.1383330821990971 0.44988137483596807 0.62213659286499035 3.9415346384048466 0.26403252780437475 0.55490237474441539 0.51209816336631786 9.4721269607543963 0.35739961266517645 0.2709635347127915 0.14920332282781604 0.48752634227275854 0.55275359749794017 0.71005317568779003 0.49230405688285833 0.29058064520359045 0.19450420141220096 0.2657808661460877 0.53754729032516491 0.19299914687871936 2.4414010047912602
decision_type=2 2 2 2 2 2 2 2 2 2 2 2 2 2 2 2 2 2 2 2 2 2 2 2 2 2 2 2 2 2 2 2 2 2 2 2 2 2 2 2 2 2 2 2 2 2 2 2 2 2 2 2 2 2 2 2 2 2 2 2 2 2
left_child=4 2 7 5 14 9 43 -2 11 -3 18 20 -11 15 -1 -14 -17 -9 -8 -4 -6 -22 -23 24 42 -10 29 28 -7 44 32 -32 33 -16 -35 59 -37 -18 -39 -40 41 -21 -20 -5 46 58 48 49 56 -48 51 52 61 54 -53 57 -13 -54 -46 60 -33 -50
right_child=1 3 19 6 8 27 10 17 25 12 -12 26 13 -15 30 16 37 -19 23 40 21 22 -24 -25 -26 -27 -28 -29 -30 -31 31 35 -34 34 -36 36 -38 38 39 -41 -42 -43 -44 -45 45 -47 47 -49 50 -51 -52 53 55 -55 -56 -57 -58 -59 -60 -61 -62 -63
leaf_value=-0.013793190136718314 -0.036700910825598759 0.0048102557871549552 -0.040221687738972466 -0.020285872991801505 0.016433771485774708 0.005241149491564576 -0.037096414961401349 -0.015679150319117235 0.012504407072330232 -0.028548580887100473 -0.017166204198295423 -0.015091290173332349 0.001377382565897008 -0.0077880732881392871 0.025675447402574571 -0.038042557404169078 -0.0041786157612448468 -0.0055754313670111876 -0.08816789772146949 -0.026648937320246608 0.016737024344635067 -0.00058939601821839571 0.010397228410387293 -0.0044991195004234494 0.0058382793854043942 0.03605584606322397 -0.060539545979329562 0.0010968254988592339 0.035561531130700756 0.026377585862484842 -0.043745313208965186 0.022002973583053524 0.0081417519726745876 0.0099818863997484936 -0.045283012918152066 -0.0091801283868432303 -0.00022516405862435158 0.014473866699565352 -0.00015105188109843095 -0.016991252869064884 -0.031230563558279807 -0.011698392388168135 -0.015727784184342317 0.0031615606117134524 -0.0062990441874815027 0.0060957788438688772 0.037383647773911122 0.025340792239973726 0.0087544397434613768 0.005026339343250065 0.0011970680664104283 0.0072361859957552691 -0.094832565171771077 0.020818528029350331 -0.028396731145931858 0.0043947081503589672 -0.09398027350601601 -0.028139919043765213 -0.038154967688268079 0.04992472684223774 0.0025981195495366882 -0.0061370431193268071
leaf_weight=197.48704389401246 90.417101010272745 1298.0230394563987 90.611871792614693 529.33908407052513 593.738160160603 2664.7312503587455 32.82641893014079 447.75777429695881 1015.8561410021503 63.737642454274464 319.85194216255331 20.810373108834032 2999.2122535835952 1342.4993062369176 33.281286717625335 35.526280912861694 5056.8195582398912 3056.5942111401237 6.0279857402201733 169.39995538740186 353.79093653883319 628.23971998301568 506.17123399442062 1608.4195084618405 618.28230364329647 63.14775831787847 7.7893605937715611 3496.5946137740975 34.902885763440281 58.776186035654973 38.649330061249202 70.168034418369643 884.17680369550362 41.666627605212852 59.574487442354439 468.4746552350116 1780.0461397015606 126.76294410391711 2451.1659653868992 102.35634576925077 138.21904114913195 442.45468176188297 29.819202278507873 52.372191516682506 435.61853525615879 460.94822740741074 32.328649598639458 131.39531114324927 207.73151206807233 494.46507536922581 1955.0645410004072 2298.2502327201655 7.5091751012951162 151.80158736184239 39.026346963830292 18.13260971615091 5.4871605732478193 22.223176427651197 25.994875942647923 11.284003239590673 1093.725293847383 221.75822268729098
leaf_count=27540 11457 7665 10323 17597 4478 14231 1647 37127 3923 4337 19444 285 52040 26518 1514 2013 128217 94863 81 7870 5418 10473 6655 56771 8330 176 136 25335 233 671 6660 2666 54750 7324 11605 39412 71775 2125 37032 1425 12082 41911 445 359 12110 10156 332 468 1336 2958 17390 21730 96 575 240 108 43 209 1128 73 21039 2791
internal_value=-0.000211556 -0.00265722 -0.0101528 -0.00120347 0.00441471 -0.00028539 -0.00685285 -0.00761681 0.00636736 -0.00182968 -0.00433447 0.00543281 -0.00253741 -0.00240055 0.000342881 -0.0017291 -0.0029278 -0.0068664 -0.00254641 -0.0209966 0.00988081 0.00726642 0.00431281 -0.00204514 0.00398887 0.0138827 0.00402866 0.00307326 0.00563315 0.00410502 0.000965881 -0.000416856 0.00566552 -0.01061 -0.0225383 7.22685e-05 -0.00209091 -0.00276656 -0.000102476 -0.000826081 -0.0186742 -0.0158376 -0.0279092 -0.0181749 0.0039045 -0.0010037 0.00471222 0.0106711 0.00391954 0.00701207 0.00410908 0.00602828 -0.00167622 0.00750584 0.00664121 -0.0262778 -0.031552 -0.0449838 -0.00809295 0.00421118 0.00376799 0.00106553
internal_weight=41739.3 27304.7 4435.45 22869.3 14434.6 19672.3 3196.94 3594.77 9756.06 13476.1 2615.23 8677.05 12178.1 12114.3 4678.53 10771.8 7772.63 3504.35 2295.38 840.686 2081.94 1488.2 1134.41 2262.55 654.129 1079 6595.11 6196.23 2699.63 6587.32 4481.05 3462.35 1018.7 134.522 101.241 3423.7 2248.52 7737.1 2680.29 2553.52 750.074 611.855 35.8472 581.711 6528.55 922.562 5605.98 658.189 4947.79 526.794 4921.5 2966.43 477.355 2489.08 2337.28 47.865 26.2975 29.7324 461.613 1175.18 1163.89 429.49
internal_count=969721 621478 215633 405845 348243 301171 104674 143447 103885 261372 86718 99786 253707 249370 244358 222852 170812 131990 67274 72186 27024 22546 17128 65627 8856 4099 72762 39799 14464 72626 216818 141625 75193 20443 18929 134965 111187 168799 40582 38457 61863 49781 526 17956 71955 23394 48561 3758 44803 3290 44475 27085 4540 22545 21970 413 328 305 13238 23778 23705 4127
is_linear=0
shrinkage=0.05


Tree=38
num_leaves=63
num_cat=0
split_feature=7 1 6 13 2 10 4 7 5 7 9 4 9 9 5 9 1 7 5 6 9 6 9 2 5 6 9 6 9 6 4 9 6 9 13 0 3 5 10 2 4 7 9 4 2 7 5 9 9 2 0 9 5 5 3 9 10 5 1 4 0 9
split_gain=200.957 104.004 57.4969 49.1607 39.7023 38.0545 37.2772 25.3134 27.7513 32.2555 27.2129 25.0036 23.4835 22.9033 19.7905 19.2133 19.006 18.5105 23.1652 17.3046 17.1189 16.7118 16.2629 18.3999 15.935 18.1512 15.3584 13.8751 14.1569 17.2109 13.8532 12.3527 12.0602 12.4932 11.7295 11.5412 11.5309 13.0371 11.2107 11.0369 11.0012 10.9537 14.2973 10.9417 10.8493 10.7336 10.4458 10.4107 10.1853 10.1378 10.1251 10.0978 12.0636 10.0497 12.7211 12.7203 9.98069 10.5353 11.1467 9.80892 9.66626 9.64046
threshold=0.29702274501323706 0.25974456965923315 0.4146538525819779 0.31531217694282537 0.24103327840566638 9.1288576126098651 0.39164464175701147 0.1363976672291756 3.1567740440368657 0.24046788364648822 0.053262718021869666 0.095312628895044341 0.45052036643028265 0.2557890266180039 3.6242519617080693 0.5069728195667268 0.58954831957817089 0.56328803300857555 2.4414010047912602 0.44622917473316198 0.08653349801898004 0.17414735257625583 0.21800297498703006 0.48318532109260565 2.1383330821990971 0.50104936957359325 0.25385752320289617 0.18078651279211047 0.15194101631641391 0.24046788364648822 0.49230405688285833 0.16464009135961535 0.33609920740127569 0.33140519261360174 0.23912712931632998 4.8713660240173349 8.054997920989992 2.2499048709869389 9.8790659904479998 0.14071480184793475 0.50123339891433727 0.17332834750413897 0.094596564769744887 0.44724337756633764 0.50417831540107738 0.2694301456212998 2.4414010047912602 0.039986019954085357 0.40549814701080328 0.4424723088741303 8.599403381347658 0.28051167726516729 3.113268375396729 4.7749040126800546 6.7656152248382577 0.40197506546974188 12.101317882537844 3.3140207529067998 0.50566896796226513 0.56457635760307323 7.4238569736480722 0.44434694945812231
decision_type=2 2 2 2 2 2 2 2 2 2 2 2 2 2 2 2 2 2 2 2 2 2 2 2 2 2 2 2 2 2 2 2 2 2 2 2 2 2 2 2 2 2 2 2 2 2 2 2 2 2 2 2 2 2 2 2 2 2 2 2 2 2
left_child=4 11 5 24 20 15 13 14 9 -9 -10 -2 30 -7 35 51 50 18 -5 26 21 47 46 40 -4 -26 -13 -22 29 -29 41 -16 -15 -34 -8 43 -36 -38 -30 -35 49 -12 -43 -6 -25 -46 -11 -1 -32 -24 -14 52 -3 -53 55 -55 57 58 -44 -48 -41 -20
right_child=1 2 3 17 7 6 34 8 10 22 12 19 16 32 31 -17 -18 -19 61 -21 27 -23 23 44 25 -27 -28 28 38 -31 48 -33 33 39 36 -37 37 -39 -40 60 -42 42 56 -45 45 -47 59 -49 -50 -51 -52 53 -54 54 -56 -57 -58 -59 -60 -61 -62 -63
leaf_value=-0.028993573580826593 -0.040490525433978679 -0.0066836200834227465 -0.021996676502145845 -0.010044837000673096 0.011229453919715009 -0.031959655699566866 -0.0033717108531358011 0.012363215460134287 -0.054221013471006864 0.0025394336310756629 0.0052976124289460637 -0.040295496868453365 0.014040733623017235 -0.00070169369585705186 0.0073594578950809848 0.031126966522542918 0.050951422035111604 -0.015449011601392691 -0.013971275394714867 -0.026778756434565995 0.013785267980753963 -0.045442668861525898 0.0040009170097836284 0.022927768135425582 -0.0059238500644065561 -0.017987980100735199 -0.01022947772817645 -0.0077813076844766077 -0.0085903826375884115 -0.049248754146399308 0.0044184126876647776 0.021069808121610047 -0.026591636711691236 -0.015988605926770722 0.0019608403142670513 0.037530735793158382 0.0025778434743771697 -0.021056871444085353 0.0022369345248653971 -0.0037528044604820641 0.03046657419702813 -0.048370595703472241 0.0084447767923109263 -0.09855395185709459 0.016247872664701495 0.0066200288770348172 -0.01067087846334179 0.0015966940254624501 0.023631655923384759 -0.0069005912390582404 -0.06334038961634457 0.004979536934966145 -0.072147285017980012 -0.027987958450581024 -0.076677993304735931 0.054747092412876536 -0.010148138203365039 -0.0023302234021539358 -0.072423941552527057 0.027695841732899226 -0.015476723825757875 0.0009957498917995643
leaf_weight=40.679555522860028 93.624426751659485 37.628830549889244 414.65364377980586 694.6193626204622 23.354821397806521 71.396454937523231 1404.5036195300054 2109.8809773313114 21.246077682037139 1072.4459369018441 628.71680387447122 44.152556918503251 133.0707997904974 2648.8485235531116 698.99795841798186 68.067022922914475 39.458116475492716 278.06061678519472 112.80166273168288 216.15223511468503 164.25073363402043 39.000213199935388 990.98598104837583 155.22094498918159 781.04387025002507 518.93863424041774 1117.8883591536141 218.93236504917149 290.63141979381908 28.251362028880976 1729.9763289701659 214.76442455785582 64.675875493499916 202.21252792561427 7242.5608565137954 114.7637273411965 115.80473367217928 117.59730568551458 1347.6279585807351 5764.5522619527183 34.024550434201956 16.661447610254982 340.42239817464724 2.5139114889316252 387.50277779996395 1144.4805929219001 265.18297001649626 87.939871060050791 71.842809499707073 271.73767257190775 4.3660590697545549 2551.5580435940064 8.6564222988672537 16.242458352237016 8.2879661745391768 6.5069337661843738 308.8158597513102 1392.7712613882031 4.3151452559977761 17.775799919851124 181.34462028258713 2328.0787864554441
leaf_count=12701 13559 477 13463 17328 506 5985 20906 19038 3466 8422 16943 6727 1757 61391 20590 427 93 15316 3948 22405 17159 8263 13429 1293 41729 34170 68371 14974 20940 3592 12100 2775 4012 6168 64091 1028 929 2298 61666 144695 115 2854 5581 40 2159 6453 4030 12489 299 2612 31 17001 256 122 45 69 13975 56819 29 56 3465 52484
internal_value=-2.51108e-05 -0.00256129 -0.00181929 -0.00655461 0.0047455 -0.000635318 -0.00147332 0.00586449 0.00516369 0.00729213 0.00223791 -0.0154868 0.00249474 -0.00375385 0.0132692 0.00489976 0.0203641 -0.00308502 -0.00198856 -0.0137882 -0.00140894 -0.0167719 0.00482647 0.00688944 -0.013462 -0.0107397 -0.0113719 -0.00015259 -0.00136679 -0.0125207 0.00179129 0.0105818 -0.0035266 -0.00473102 0.000820702 0.0307303 0.00160833 -0.00933027 0.000316141 -0.00450105 0.00241089 -0.000480116 -0.00224094 0.000560753 0.0103316 0.00905531 0.000284775 -0.00807835 0.00518449 0.00165492 0.0115825 0.00422069 -0.0189269 0.00463554 -0.0236445 -0.00432352 -0.00186535 -0.000393205 0.00743253 -0.00826064 -0.00411037 0.000304071
internal_weight=41523.1 27110.5 25638.6 5128.2 14412.6 20510.4 17813.5 12195.3 11140.9 6449.24 4691.66 1471.82 4670.42 8933.03 1054.39 2696.95 176.895 3413.56 3135.5 1378.19 2217.31 167.62 4339.36 2983.95 1714.64 1299.98 1162.04 2049.69 1885.44 247.184 4493.52 913.762 8861.63 6212.79 8880.47 140.632 7475.96 233.402 1638.26 6148.11 1296.75 2691.7 2062.99 25.8687 1687.2 1531.98 1355.4 128.619 1801.82 1262.72 137.437 2628.88 46.2853 2582.6 31.0374 22.7494 2046.32 1737.51 344.738 282.959 5945.9 2440.88
internal_count=970114 621837 510775 178438 348277 332337 313940 196493 171554 57607 113947 111062 110481 225716 24939 18397 1881 89076 73760 97503 151784 33453 38569 26061 89362 75899 75098 118331 101172 18566 108600 23365 219731 158340 88224 1574 67318 3227 82606 154328 16156 96201 79258 546 9905 8612 12508 25190 12399 16041 1788 17970 733 17237 236 191 76404 62429 5610 4086 148160 56432
is_linear=0
shrinkage=0.05


Tree=39
num_leaves=63
num_cat=0
split_feature=7 1 10 9 7 1 9 4 7 4 9 7 9 1 5 4 5 7 4 7 10 9 5 10 10 9 9 9 4 7 13 9 0 10 10 12 12 5 10 1 0 9 1 10 13 5 10 9 12 7 5 5 1 0 0 7 9 13 10 9 8 3
split_gain=190.828 92.8306 56.1759 47.128 41.3091 36.0623 33.0984 27.4127 25.6415 24.9873 23.6919 19.6371 16.7233 16.627 17.2035 16.1069 16.6305 15.802 15.4391 15.1145 14.6909 13.8285 14.8762 13.1686 16.7646 12.6315 12.4334 12.2441 12.1541 14.0454 13.4186 11.9891 11.9801 11.4574 13.3891 12.1932 12.5487 11.2542 10.9355 10.882 13.0094 12.5579 10.7185 10.5321 12.8232 10.4604 10.3866 13.0586 9.88581 9.72206 10.5175 9.64378 17.2216 11.4331 11.017 10.2615 15.2247 19.1473 17.7134 13.8626 12.0831 11.806
threshold=0.2819961160421372 0.26814509928226476 11.990013122558596 0.22442625463008883 0.37065578997135168 0.41913609206676489 0.57152506709098827 0.42332686483860021 0.44368350505828863 0.48932887613773351 0.23435231298208239 0.16267645359039309 0.64848908782005321 0.56234845519065868 3.3140207529067998 0.28497314453125006 2.8617925643920903 0.21604765951633456 0.077677953988313689 0.14837906509637835 9.6837129592895526 0.07028070837259294 3.0201274156570439 11.015312194824221 10.938645362854006 0.40549814701080328 0.10829129815101625 0.3654570877552033 0.5510709583759309 0.35773816704750067 0.236655168235302 0.38056065142154699 5.3057861328125009 10.72174644470215 10.730455398559572 0.30568180978298193 0.38523857295513159 4.7140145301818857 8.8223190307617205 0.4253204762935639 2.2499048709869389 0.38466042280197149 0.42028005421161657 10.863555908203127 0.40958805382251745 1.2424533367156985 8.7296881675720233 0.28051167726516729 0.060705231502652175 0.51895815134048473 2.8029010295867924 2.8617925643920903 0.26161389052867895 1.8688347935676577 2.5249279737472539 0.24046788364648822 0.14025881141424182 0.28301364183425909 11.52169704437256 0.12190329656004907 0.14666382968425754 5.9335696697235116
decision_type=2 2 2 2 2 2 2 2 2 2 2 2 2 2 2 2 2 2 2 2 2 2 2 2 2 2 2 2 2 2 2 2 2 2 2 2 2 2 2 2 2 2 2 2 2 2 2 2 2 2 2 2 2 2 2 2 2 2 2 2 2 2
left_child=5 8 3 -3 7 15 28 46 10 12 -2 42 31 14 27 16 17 -1 -12 37 -9 22 -21 24 43 -15 -16 -13 29 30 -4 -6 -33 -22 35 -35 -37 -17 -20 -36 -41 -42 -7 44 49 -31 47 -5 -28 50 -11 52 -23 -54 -53 56 57 60 59 -59 -55 -61
right_child=1 2 6 4 9 11 -8 20 -10 23 18 13 -14 25 26 19 -18 -19 38 21 33 51 -24 -25 -26 -27 48 -29 -30 45 -32 32 -34 34 39 36 -38 -39 -40 40 41 -43 -44 -45 -46 -47 -48 -49 -50 -51 -52 54 53 55 -56 -57 -58 58 -60 61 -62 -63
leaf_value=0.017064661418818017 -0.042480096016771517 -0.03779525651587911 -0.003983246359265411 -0.038585448271903328 -0.017355296873644788 0.049582927311951186 -0.022322237771639095 0.0081043637865040249 -0.027397105804271727 0.0007035102357605868 -0.037857525382989962 0.0076659017119181209 -0.017049824577439438 0.01118438264506187 -0.045797575437859263 0.01565708760431692 -0.0065959538586375759 -0.00013186605313413949 -0.030077053477199984 -0.0023892858144743553 -0.0015467741480604028 0.045986872442979727 -0.052811222307021025 -0.0045833794341606417 0.019568519668602475 0.034317608159192395 0.027046117907495195 0.037380136827230653 0.0045524226624572978 -0.021533228760777585 -0.036748694589971292 -0.0018759753620321519 -0.0080349314352181744 0.059242361663931112 0.012492994378967431 -0.012435261212516492 0.024858499525164859 -0.0033051655437252728 -0.0076019382072749185 -0.033009421678529299 0.0012260489462378793 0.0085854170944410554 0.013652278752211342 -0.015822132459088738 0.00031371848028526473 -0.0086203908801077596 -0.0011972717621438376 0.0051939525168714024 0.00095828227472299064 -0.015373807474945668 0.029722366600596985 0.0083172756059764433 -0.00025852265537795792 -0.068939624963038418 -0.0014558388268823086 0.004203972480218531 0.019204219303082783 0.023918428690954664 0.071470420026129938 0.006429392888578256 -0.0064284967109445 -0.042247291479993024
leaf_weight=171.28913212800398 55.889050680212677 83.679593565611867 2893.0469860649901 17.354040852282196 187.06495738509693 21.168544998392463 306.55286776879802 1486.3187517701881 261.67411950064707 47.434582156129181 46.025190620290232 2181.5058671260485 316.38150738994591 920.33702657534741 13.955127190012716 434.02062855096301 805.45329260479775 606.95875387213891 56.252732487395406 42.798831228283234 1324.9016293298919 26.291808184236288 22.224375065998174 1345.6782918013632 121.49724338902161 63.052269604057074 37.262261013966054 35.228475976735353 291.24771128909197 199.58525334275328 31.588554823538288 1971.7797444767784 1316.8826455300441 17.044559672474861 296.84702788316645 32.149483828339726 75.591078122612089 95.458313747367356 1428.872705657297 25.573267238447443 2738.9287553450558 735.2737201564014 1064.8920750501566 94.35945768491365 2590.3407547689276 732.22365255319164 7421.5296503544087 921.44032184197567 1427.2172881581355 22.876112639438361 91.367345830192789 371.59624448633986 656.45591483142925 8.255305811762808 1287.3774712251907 919.94614782440476 363.36201338563114 81.995793517911807 13.001387279480694 43.218864449299872 121.5870685960399 17.500641976483166
leaf_count=5412 9180 5735 54095 324 7788 127 18290 7307 28186 345 7260 11239 23781 3618 745 15090 99239 19639 4852 1269 12098 231 4201 21662 1280 178 129 151 2222 4805 803 80838 47353 53 1670 121 324 6990 82316 191 18144 5089 8407 1264 19928 35948 158254 4975 18786 506 811 23595 26769 96 42391 8989 2652 669 42 463 990 150
internal_value=0.000100833 -0.00204686 -0.00132378 -0.000339557 -0.00020445 0.00546132 -0.0064683 0.00134176 -0.0128953 -0.00308354 -0.0105043 0.00829568 -0.00604436 0.00688965 0.00535197 0.00277786 -0.0015595 0.00365302 -0.00933711 0.00430259 0.0037163 0.00324568 -0.0196231 -0.000480632 0.00137961 0.0126676 0.00117446 0.00813812 -0.00529655 -0.00604036 -0.00433714 -0.00504258 -0.00434221 0.00247312 0.0038313 0.0199467 0.0137301 0.0122384 -0.00845324 0.00330163 0.00252203 0.00278357 0.0143526 0.000603223 0.00116641 -0.0113862 -0.000570466 0.00438467 0.00162206 0.0148278 0.0198054 0.00362593 0.00575724 0.00528193 0.000733257 0.00760021 0.0124149 0.00377576 0.0155985 0.0105085 -0.0104029 -0.00760025
internal_weight=41438.7 29585.3 27736.5 23282.3 23198.6 11853.4 4454.25 15093 1848.71 8105.66 1587.04 5764.62 3792.11 4678.56 3695.17 6088.79 1583.7 778.248 1531.15 4505.09 6732.63 3975.61 65.0232 4313.55 2967.88 983.389 1478.43 2216.73 4147.69 3856.44 2924.64 3475.73 3288.66 5246.31 3921.41 124.785 107.741 529.479 1485.13 3796.62 3499.78 3474.2 1086.06 2846.38 2752.02 931.809 8360.32 938.794 1464.48 161.678 138.802 3910.59 2251.61 2225.32 1658.97 1568.87 648.921 285.559 155.717 142.715 129.842 60.7195
internal_count=970055 667798 536004 419841 414106 302257 116163 208550 131794 205556 103608 43380 159760 34846 31050 258877 124290 25051 94428 134587 44997 112507 5470 45796 24134 3796 19660 11390 97873 95651 54898 135979 128191 37690 25592 498 445 22080 87168 25094 23424 23233 8534 22854 21590 40753 163553 5299 18915 1662 1156 107037 41051 40820 65986 14051 5062 2410 1324 1282 1086 613
is_linear=0
shrinkage=0.05


Tree=40
num_leaves=63
num_cat=0
split_feature=7 4 10 6 4 2 4 7 6 12 9 9 9 7 9 9 7 9 9 9 6 9 9 2 4 6 9 7 0 4 4 4 7 10 4 10 9 4 12 13 9 8 6 12 8 4 7 10 0 4 7 9 4 4 2 9 12 9 13 10 3 0
split_gain=169.999 81.5785 42.6221 40.5425 35.8548 35.4572 29.6958 29.1429 26.5277 25.9052 20.3505 15.3974 15.0158 14.4432 13.9343 13.4387 12.6971 15.8829 12.3176 12.1498 11.9318 24.3115 11.8147 11.7814 14.3938 11.0856 15.5161 10.7876 10.721 10.3714 10.0144 9.90393 9.75691 9.36953 9.5257 11.1429 9.31694 8.98563 8.85771 8.70782 10.1629 9.62965 15.1455 8.61582 8.55363 8.55325 9.34264 8.52004 8.4853 15.2456 10.0782 9.37443 13.4914 13.3386 9.00626 9.53583 16.3174 8.3056 8.29134 8.2631 18.7101 10.7518
threshold=0.29702274501323706 0.31558148562908178 8.8223190307617205 0.44622917473316198 0.13649032264947894 0.24690328538417819 0.39164464175701147 0.2104606777429581 0.37711146473884588 0.94700142741203319 0.10099299624562265 0.08653349801898004 0.395151898264885 0.1543950438499451 0.24719034880399707 0.028990741819143299 0.11221974343061449 0.028990741819143299 0.36249358952045446 0.28051167726516729 0.21988319605588916 0.15194101631641391 0.25385752320289617 0.35056979954242712 0.49976402521133428 0.35224922001361852 0.35804928839206701 0.50120311975479137 8.8337740898132342 0.4773408323526383 0.53483298420906078 0.56064805388450634 0.35250030457973486 12.130815505981447 0.34530405700206762 12.384151935577394 0.1727147921919823 0.53132507205009472 1.4286947250366213 0.34390245378017431 0.63107872009277355 0.27497014403343206 0.33567366003990179 0.14843849092721942 0.25523337721824652 0.43497706949710851 0.24046788364648822 8.9376769065856951 5.0845003128051767 0.47399248182773596 0.20726997405290606 0.057239284738898284 0.45795276761054998 0.35925757884979254 0.4722339808940888 0.1727147921919823 2.1397762298583989 0.29702013731002813 0.24826586991548541 10.760580062866213 6.7111318111419687 7.4238569736480722
decision_type=2 2 2 2 2 2 2 2 2 2 2 2 2 2 2 2 2 2 2 2 2 2 2 2 2 2 2 2 2 2 2 2 2 2 2 2 2 2 2 2 2 2 2 2 2 2 2 2 2 2 2 2 2 2 2 2 2 2 2 2 2 2
left_child=5 4 19 6 -2 11 14 16 22 29 -9 13 -10 15 -4 -1 -7 -18 -12 -3 -13 -22 -6 58 32 33 -27 -14 -21 -5 37 48 43 -16 35 -35 59 38 44 -26 41 42 -41 -25 45 -20 -47 -28 49 51 54 52 53 -19 -51 56 -56 -24 -8 61 -61 -33
right_child=1 2 3 9 8 7 23 10 12 -11 18 20 27 -15 25 -17 17 31 30 28 21 -23 57 24 39 26 47 -29 -30 -31 -32 36 -34 34 -36 -37 -38 -39 -40 40 -42 -43 -44 -45 -46 46 -48 -49 -50 50 -52 -53 -54 -55 55 -57 -58 -59 -60 60 -62 -63
leaf_value=-0.03621831014541782 -0.029104954411936279 -0.029769818100115315 -0.032190496671511963 -0.0098512677834443427 -0.030127288546313809 0.015977630433941941 -0.0058068687063887276 -0.056742933395748534 -0.034460969123080352 -0.015457913977224159 0.0034511747142234555 0.0070891529749995399 -0.010050443713752114 -0.033490254821305972 -0.0010105019107735434 0.0068309726036680707 -0.059289119173115051 -0.0091184669759949207 0.0027835127740096972 0.0058101212069481545 -0.025591193632566674 -0.00049989691920121222 0.0011482864033898962 0.0094116116700767305 0.00027391254860468161 -0.024991183630050942 -0.041604441173373093 -0.02311237435324312 0.035661627421512382 -0.0024381122749374466 0.022054964999657492 0.02818446437320209 -0.004299969154000779 -0.012254823699240641 -0.017284730361691352 -8.5316600935914495e-05 0.022895830986025874 -0.048198397260160723 -0.010649996821336443 0.0033349395389066466 0.036385909345972134 0.00498979728691406 -0.026211182778606703 -0.00054135737250839285 0.0028810385319676295 0.0014395710791700103 0.041817891457984924 -0.0049705424988991699 0.0087552933143376088 -0.050021224202509096 -0.061471275316613241 0.006831952079355795 0.06916984647124623 -0.083181552146501692 -0.034584201112971322 0.0098044178285678213 0.040524118257501657 -0.0061050999605024364 0.010031374923830043 0.0046678077481739919 -0.067204920287871769 -0.0061361782586993423
leaf_weight=23.935903533274541 212.16451134902309 23.66272664925782 41.47276598517783 663.02603336211178 46.151745610201033 565.18414273485541 98.265203068731353 13.842706029361578 87.307625809407909 717.62004513604916 7554.0731718436291 452.3600257326907 752.12459069018951 68.564487265917705 4544.9411025471636 74.721388503618073 8.7732855425274447 18.976613302656922 38.976682710897876 1942.2928675469884 103.08653217775282 1520.1387936153042 499.2726078532578 237.50107636942994 2717.4677506795852 105.35678391123656 16.006118478486314 200.13011942614685 30.55066926125437 1636.0321669002296 158.60883031459525 69.540472625754774 1954.7653249335126 283.51110915315803 166.01324746443424 558.94595941144507 205.6665079051163 7.3212143997661761 52.789813554147258 128.72883157082833 24.560870899818838 2231.1622764051426 65.413585174363106 2573.687227365037 124.08085695799673 19.175888711819425 56.637200240977108 1885.882015572337 2233.3337626270368 12.007491801632566 9.9521388188004476 712.92938202997902 3.6665512584149829 8.9446364352479559 38.956901701400056 55.615061674267054 8.8795116662513447 1883.6797510487668 519.41402395622572 73.306048841914162 10.331118663307278 33.96553635597229
leaf_count=9084 28554 279 3648 42587 5912 14631 1730 2587 8744 43341 105364 39147 54086 12593 94107 12455 1861 1438 1422 10028 8935 72335 12469 1808 20899 4793 421 18796 176 23482 587 253 39597 6439 3022 11060 696 36 1319 807 162 12827 459 27385 2290 137 418 70040 37773 215 87 20453 30 430 502 421 46 67324 6604 356 73 130
internal_value=0.000110522 -0.00223707 -0.00113843 -0.00179705 -0.00915162 0.00450615 -0.000905072 0.00557682 -0.00793116 -0.00716463 0.00382904 -0.00126801 -0.0146152 -0.0158636 -0.0032875 -0.0036135 0.00902318 0.00790172 0.0039337 0.00584522 -9.21045e-05 -0.00209338 -0.00507066 0.000811506 0.00039487 -0.00312896 -0.00631352 -0.0127956 0.00627239 -0.00457599 0.0118994 0.00807034 -0.00158697 -0.00197793 -0.00633788 -0.00418071 0.0155503 0.00651192 0.00788525 0.00222277 0.00438451 0.00406043 -0.00662022 0.000299512 0.0119815 0.0218185 0.0316047 -0.00527885 0.00712352 0.00293434 -0.0131933 0.00565097 -0.0210034 -0.0328447 -0.00903191 -0.00427433 -0.0206424 -0.00458538 0.0075117 0.0074778 -0.00421013 0.0169221
internal_weight=41185.5 26847.1 23166.3 21169.8 3680.83 14338.3 18153.1 12095.5 3468.67 3016.68 8025.51 2242.81 1039.56 167.222 7602.13 98.6573 4070.03 3504.85 8011.66 1996.51 2075.59 1623.23 2429.1 10551 9933.29 7560.66 2007.24 952.255 1972.84 2299.06 457.59 3496.07 4765.95 5553.41 1008.47 842.457 392.81 298.982 291.66 5167.33 2449.87 2425.3 194.142 2811.19 238.871 114.79 75.8131 1901.89 3103.26 869.928 125.411 744.517 31.5878 27.9212 115.459 103.451 47.8364 2382.95 617.679 187.143 83.6372 103.506
internal_count=969690 621586 425701 415218 195885 348104 305808 193555 167331 109410 114160 154549 81626 34132 193530 21539 79395 64764 111573 10483 120417 81270 85705 112278 103944 189882 75254 72882 10204 66069 6209 62903 68790 114628 20521 17499 1508 5622 5586 35154 14255 14093 1266 29193 4267 1977 555 70461 61395 23622 1271 22351 1898 1868 1184 969 548 79793 8334 812 429 383
is_linear=0
shrinkage=0.05


Tree=41
num_leaves=63
num_cat=0
split_feature=7 1 6 9 13 1 6 1 9 10 8 5 5 6 9 9 9 5 7 7 5 5 6 5 0 9 9 6 9 6 9 13 9 12 1 1 6 0 13 8 9 9 8 7 5 5 12 12 0 0 5 8 10 12 9 8 4 7 5 13 9 10
split_gain=184.409 81.0298 55.207 43.4725 36.7291 32.753 31.2913 29.7674 25.4175 22.4145 17.4685 19.3393 16.0989 24.0937 15.8778 14.9261 14.1719 13.866 14.3593 12.9859 12.821 12.0428 12.7823 11.985 11.7822 11.8216 11.6859 13.6471 18.5164 11.6788 15.1658 14.895 11.375 11.3039 10.7043 10.2425 10.226 11.6882 13.0876 11.7594 10.0422 9.97056 10.3204 9.81286 9.76496 12.6305 10.7369 10.5454 9.75934 15.472 14.5482 11.51 10.9557 12.2971 16.8213 10.9378 11.4992 10.5845 11.9739 10.4618 12.3771 12.0402
threshold=0.2819961160421372 0.30458468198776251 0.4146538525819779 0.22442625463008883 0.31531217694282537 0.41913609206676489 0.37711146473884588 0.48481185734272009 0.23435231298208239 11.725808620452883 0.1412480175495148 4.3107767105102548 3.9415346384048466 0.11376158893108369 0.3279892504215241 0.395151898264885 0.5069728195667268 2.4414010047912602 0.57624399662017833 0.50120311975479137 1.8688347935676577 2.1383330821990971 0.50104936957359325 2.9174053668975835 5.5353620052337655 0.25385752320289617 0.023774610832333568 0.089957650750875487 0.053262718021869666 0.35224922001361852 0.36813701689243322 0.33735820651054388 0.36075122654438024 0.14483378082513812 0.51709344983100902 0.41208718717098242 0.3357179611921311 3.4498615264892583 0.25943198800086981 0.24045157432556155 0.46411965787410742 0.29510936141014105 0.29280105233192449 0.27756406366825109 2.8617925643920903 4.2555875778198251 1.8519807457923891 0.26050662994384771 4.610145330429078 5.962292194366456 3.0201274156570439 0.11042946949601175 12.130815505981447 4.4139730930328378 0.11523582786321641 0.20681538432836535 0.38669966161251074 0.23893107473850253 2.0126758217811589 0.19724496454000476 0.061210911720991142 11.02923631668091
decision_type=2 2 2 2 2 2 2 2 2 2 2 2 2 2 2 2 2 2 2 2 2 2 2 2 2 2 2 2 2 2 2 2 2 2 2 2 2 2 2 2 2 2 2 2 2 2 2 2 2 2 2 2 2 2 2 2 2 2 2 2 2 2
left_child=5 6 3 -3 21 12 8 9 -2 29 -7 14 13 -1 23 -8 -9 -6 32 20 -17 -4 -23 -12 36 -26 -14 -28 -29 -5 -31 -32 -19 34 -18 48 37 -11 39 -39 43 42 -41 -13 -35 46 47 -46 -15 50 57 -51 -53 54 -54 -56 -57 59 -59 -50 -61 -62
right_child=1 2 4 7 17 10 15 16 -10 24 11 40 26 35 -16 19 33 18 -20 -21 -22 22 -24 -25 25 -27 27 28 -30 30 31 -33 -34 44 -36 -37 -38 38 -40 41 -42 -43 -44 -45 45 -47 -48 -49 49 51 -52 52 53 -55 55 56 -58 58 -60 60 61 -63
leaf_value=0.0320795831114205 -0.038799340674986665 -0.037208196697653503 -0.020290235562207964 0.00089932535238757417 -0.0095714335725637836 0.012810110810924119 -0.037013602229903769 0.0022957911166226258 -0.0057266886477199512 -0.0028225869456514961 0.009549583532746389 -0.0021505191781226725 -0.033666994037646801 0.0012395056099694334 0.018779041882053673 -0.022274935521266009 -0.0052185450647146718 -0.047095318976498851 -0.014132687193277841 -0.026861723107551406 -0.0068859941414045819 -0.0057435542187691995 -0.016470283379025039 0.0036210306314232231 0.012346930356443322 -0.01068879348227021 0.015806833113132586 -0.044449686153507681 -0.0028863142120182342 -0.015630706394782645 0.0021693007088162937 -0.0055734488929246664 -0.00011419602182263195 -0.0082121519835072574 0.043624550775954195 -0.012267774572488456 -0.0048837649544730974 -0.023881609186529415 -0.033660241856632848 0.0027869358343426062 0.024466892801320944 0.004452576636317691 0.030930082715195258 -0.04034576718054983 -0.014687085814638984 -0.0089936320245054251 -0.029216245979057046 0.028040872214093505 0.0005586295458258686 0.019544924966864066 0.00222407208671479 0.0030503595610421397 -0.059192257806500594 0.017759825218849355 0.0053610612324380587 -0.02850320863376133 0.0031367559837048166 0.015576965459881884 0.00081056530513122418 -0.052042826279574378 0.011911541956989442 0.031575660846608511
leaf_weight=74.238136248313822 59.650691869101138 78.806177057500463 371.50200872455025 8094.524869411689 657.47441909927875 1397.1825672962004 89.307748412247747 6018.8638426550897 2226.8372849164298 607.16558964445721 1828.4390017751139 575.19271308474708 30.533256392693147 2210.1074610068754 300.13143544085324 201.33021363837179 14.694354778155683 12.953414212330243 205.59471977862995 190.83601455329335 412.96152288842131 707.92920851914096 457.01423248596257 1597.0767750142259 59.365500317828264 900.71056765277172 94.279656769329449 27.705689836395322 816.44502875968465 215.21439953317167 1213.1043871522415 1272.893352695799 2397.0351062827394 66.672896211501211 47.40664529800415 102.37362860620487 2068.0812528045499 22.674096972448751 17.360750023275614 46.709574208594859 34.542387364897877 154.69062063156161 107.65352014056407 17.322194272303022 16.1256856136024 47.476817966904491 10.272570903412996 138.17387025523931 63.652841618051752 85.231556438899133 480.64381090423558 954.54844887115178 17.984992541663814 38.517663613543846 82.770941036054865 85.899648624937981 43.13825335749425 283.01722391915973 266.61807128140936 5.4507854925468555 127.41129552444909 200.09719130623853
leaf_count=2558 8884 5457 12080 128768 15925 10613 11484 38749 91282 14835 8168 8326 10966 97980 1852 8691 87 893 11306 18841 42546 36482 30641 13942 501 19233 7043 8215 74877 6642 25919 32332 52310 452 177 1475 46332 586 168 523 217 2872 1007 311 108 393 87 848 767 1567 19225 17767 527 545 1363 1640 381 2740 4874 204 2497 1934
internal_value=-2.42826e-05 -0.00215798 -0.00123735 -0.000141027 -0.0060741 0.00523927 -0.00969117 -2.84626e-06 -0.0065895 -0.00123359 0.0079458 0.00638439 0.00268418 0.00380228 0.00775169 -0.0176201 0.00285745 -0.00308041 -0.00144877 -0.0154689 -0.0119296 -0.0124515 -0.00995171 0.00678552 -0.00443868 -0.0092644 -0.00322584 -0.0022354 -0.00425046 -5.06829e-05 -0.0028975 -0.00179518 -0.000366714 0.0127763 0.0320673 0.00338638 -0.00290675 0.00136893 0.00865918 0.0108739 -0.00173939 0.0134238 0.0224141 -0.00326716 0.00847811 0.0137259 0.0202802 0.0235754 0.00371045 0.0057072 0.00930793 0.00177946 0.000541231 -0.00838528 -0.0127677 -0.0088257 -0.0179258 0.0129061 0.00841405 0.0191314 0.022682 0.0239257
internal_weight=41049.6 29209.1 26028.1 21218.6 4809.5 11840.6 3180.92 21139.8 2286.49 14780.1 5749.89 4352.7 6090.67 5121.7 3725.65 894.435 6359.69 3273.06 2615.58 805.128 614.292 1536.45 1164.94 3425.52 3984.41 960.076 968.964 938.43 844.151 10795.7 2701.21 2486 2409.99 340.823 62.101 5047.46 3024.34 956.254 349.089 331.728 627.057 309.054 154.363 592.515 278.722 212.049 164.572 154.3 4945.09 2734.98 1426.89 1308.09 1222.86 268.311 229.794 211.809 129.038 946.247 549.635 396.612 332.959 327.508
internal_count=970015 667441 485713 326076 159637 302574 181728 320619 100166 279718 43429 32816 259145 158044 23962 81562 40901 80434 64509 70078 51237 79203 67123 22110 86057 19734 101101 90135 83092 193661 64893 58251 53203 2152 264 155486 66323 19991 5156 4988 8854 4402 1530 8637 1888 1436 1043 956 154011 56031 32241 23790 22223 4456 3911 3384 2021 13016 7614 5402 4635 4431
is_linear=0
shrinkage=0.05


Tree=42
num_leaves=63
num_cat=0
split_feature=6 1 6 1 5 4 6 6 9 9 4 11 9 9 4 2 6 9 1 1 5 6 9 5 5 6 9 13 13 2 9 9 6 12 5 13 9 13 3 0 6 5 9 12 6 9 5 9 9 6 9 9 3 0 6 1 8 0 1 12 12 5
split_gain=163.738 73.9469 51.0384 40.9527 36.3705 33.7404 29.7823 29.2201 25.7542 23.2739 20.1776 16.6363 14.7176 13.6115 13.5849 18.4717 13.3509 13.2295 12.6579 12.5761 12.9903 14.8823 12.2243 12.1908 11.9659 11.8422 13.118 11.4797 11.1335 11.0199 10.8963 10.8383 10.6376 10.4584 16.5328 13.7981 11.969 10.2784 10.2828 9.95185 9.75859 9.7035 20.3671 9.88225 10.883 11.8995 9.65651 11.1786 9.56495 9.55722 24.2175 9.49019 9.28745 9.27046 9.10651 9.09934 9.03692 18.7754 14.3089 10.6786 10.0764 11.2944
threshold=0.29702274501323706 0.24380752444267276 0.4146538525819779 0.49149402976036077 2.4414010047912602 0.28497314453125006 0.56405761837959301 0.22954047471284869 0.13476385921239856 0.2557890266180039 0.095312628895044341 6.5000000000000009 0.37809175252914434 0.52111247181892406 0.58086121082305919 0.74533575773239147 0.44622917473316198 0.44434694945812231 0.62213659286499035 0.51505503058433544 4.7140145301818857 0.11376158893108369 0.24498636275529864 3.6762205362319951 2.7403194904327397 0.44622917473316198 0.27894163131713873 0.30905294418334966 0.14987912774086001 0.61707618832588207 0.44179719686508184 0.54922434687614452 0.21852187812328341 0.42736247181892401 3.4811217784881596 0.41769775748252874 0.32150796055793768 0.33017480373382574 5.1445789337158212 5.3821961879730233 0.082435581833124175 3.5694335699081425 0.053262718021869666 0.060705231502652175 0.16148764640092853 0.17925535887479785 3.5972183942794804 0.28300933539867407 0.28051759302616125 0.17203862965106967 0.098035763949155821 0.11913395673036577 7.0846455097198495 5.2907860279083261 0.1833189278841019 0.6109130084514619 0.26575416326522833 5.478551149368287 0.65258482098579418 0.99999520182609569 0.75993913412094127 3.7726949453353886
decision_type=2 2 2 2 2 2 2 2 2 2 2 2 2 2 2 2 2 2 2 2 2 2 2 2 2 2 2 2 2 2 2 2 2 2 2 2 2 2 2 2 2 2 2 2 2 2 2 2 2 2 2 2 2 2 2 2 2 2 2 2 2 2
left_child=5 10 3 9 16 24 12 19 -9 -3 -2 29 -6 22 23 30 17 -4 31 20 21 -7 -5 -10 28 26 -12 -14 -1 -11 46 -18 -30 34 -21 -35 40 38 -15 53 -36 54 -43 -44 45 -45 47 -16 -28 -26 -51 -46 -25 -13 -23 -24 57 -57 -59 60 -58 -62
right_child=1 2 4 13 6 7 -8 8 14 11 25 39 27 37 15 -17 18 -19 -20 33 -22 41 55 52 49 -27 48 -29 32 -31 -32 -33 -34 35 36 -37 -38 -39 -40 -41 -42 42 43 44 51 -47 -48 -49 -50 50 -52 -53 -54 -55 -56 56 59 58 -60 -61 61 -63
leaf_value=0.022507601459648946 -0.038479424621440744 -0.026914567317188404 -0.030191360407790566 -0.042193122562158646 -0.035834083054946828 0.018575129569286114 -0.016401465556843232 -0.040938405352247763 0.0034264529237547602 -0.00067878558416873183 -0.03181558482234817 -0.0033746200538770327 -0.0072250544176125503 0.028873769291199631 0.0064214712857963542 0.045494554720171096 -0.039385187345608287 -0.0069042552335935288 0.0059479059667963572 0.032456007485095764 -0.0026033250032086279 0.013401191176489176 0.0014010781764977717 -0.00058690826509059902 0.0012398853242988231 -0.025212109000698715 0.0093109253995471066 -0.00043144570770965859 0.014069962106727668 -0.01155813845017279 0.036604642850070139 -0.018845964320927475 -0.00178989910892776 0.010100234144801991 0.038842878822352857 -0.021539615970146961 0.037797844341161686 0.022006364712768556 -0.012603190664646833 -0.0082805799426112128 0.0068313851268768091 -0.05181427153715782 0.034018969465095451 0.0045715604202008495 -0.030628612407161596 0.023570543439903446 -0.0023782733227124056 0.026459640347859099 -0.010588933315669902 -0.047002744509396184 -0.0070628050385881588 2.0291843771601785e-05 -0.014296395539239989 0.021539835728867102 0.0063638183573522591 -0.063756075597853415 0.0093647586003600177 0.028472952046899605 -0.032920986913335032 0.020731550560695453 0.0013793779760469379 -0.030933084753145476
leaf_weight=61.021709241438657 83.563687696732813 94.587765400268836 67.69606905936962 15.367151103564536 32.680420429591322 281.3350842037471 431.08487960812636 33.123316290570074 5646.0589819505694 10116.456261030457 68.415328107497771 3192.7017673184746 826.86370826687198 20.951327232876793 290.24336317647249 34.994269222952425 75.32381961774081 615.57687908835942 44.443424660246819 140.97156562935561 346.43283128726762 676.4381860132562 4158.8678322698688 744.44654043758055 297.47043463817681 167.4138228217198 65.418917417613557 2507.6350253873388 122.87045383130317 238.24294138804544 31.876810450106859 436.07135808252497 757.7749843080237 611.26049083354883 25.779955558013171 36.516636377433315 41.304495687130839 156.45103655545972 52.106211898382753 1288.3902302741189 311.17563409754075 16.737257019529352 26.332487381063402 381.58454143139534 26.335374726098962 105.11904584767763 198.10282180923969 91.554953171871603 784.59100860141916 40.564792259392561 589.63282703413279 616.92629077075981 148.11489784915466 37.778700737748295 1434.6831299678888 13.797477883286772 599.80018520262092 23.787424300331622 15.790784261655061 134.09172810055315 273.05496953707188 30.016199924051762
leaf_count=853 13569 7749 2134 379 2949 6575 29105 3198 77857 193918 8556 72823 51065 152 1009 122 2461 15957 305 422 15954 11239 28259 24232 41369 19372 1959 61033 3680 4256 88 17501 23495 3586 124 221 133 855 372 26865 1441 2963 268 8673 2317 1294 926 295 55495 9128 59585 20465 4230 837 21606 65 2381 110 55 601 1322 162
internal_value=-0.000201949 -0.00250953 -0.00194571 -0.000835825 -0.00645415 0.00414208 -0.00402751 0.00509344 0.00304904 -0.00219101 -0.014804 -0.00203378 -0.00244333 0.00285626 0.00325182 0.0101644 -0.0138925 -0.00921145 -0.0196469 0.00799908 0.00664014 0.00753826 0.00233663 0.00256805 -0.00211647 -0.012982 -0.0107527 -0.00211607 0.00185405 -0.0009291 0.00814347 -0.0218712 0.000422919 0.0125544 0.0178412 0.00831663 0.0123945 0.0147757 -0.000708493 -0.00456508 0.00928054 0.00659279 0.00294674 0.0037394 0.00303377 0.00867499 0.00657898 0.0112266 -0.00905739 -0.00614691 -0.00963367 -0.00123449 -0.00286191 -0.00308326 0.00861871 0.00246699 0.00653269 -0.0135309 0.0039782 0.00756542 0.00561003 -0.00182085
internal_weight=40835.8 26669 25499.6 20462.2 5037.38 14166.8 3798.26 12297.4 7218.52 14968.2 1169.4 14873.6 3367.18 5494.08 7185.39 646.772 1239.11 683.273 555.839 5078.93 3911.92 3565.49 5264.57 6538.62 1869.34 1085.84 918.425 3334.5 941.667 10354.7 611.778 511.395 880.645 1167.01 519.232 647.777 378.26 229.509 73.0575 4518.87 336.956 3284.16 1173.03 1156.3 1129.97 486.704 579.901 381.798 850.01 927.668 630.198 643.262 892.561 3230.48 2111.12 5249.21 1090.34 53.3757 39.5782 1036.96 902.871 303.071
internal_count=969970 622622 523671 341161 182510 347348 144152 209238 111957 306448 98951 298699 115047 34713 108759 2440 38358 18091 20267 97281 91354 75400 33334 106319 138110 85382 66010 112098 28028 198174 2318 19962 27175 5927 2120 3807 1698 1379 524 100525 1565 68825 35980 33017 32749 9967 2230 1304 57454 110082 68713 22782 28462 73660 32845 32955 4696 230 165 4466 3865 1484
is_linear=0
shrinkage=0.05


Tree=43
num_leaves=63
num_cat=0
split_feature=6 1 6 4 10 6 6 1 1 8 4 7 12 4 7 3 8 13 4 0 10 10 0 6 12 10 12 10 10 7 10 13 12 10 13 10 1 10 1 10 8 1 8 8 8 8 8 4 0 10 10 3 3 6 2 12 0 0 1 7 1 3
split_gain=179.19 60.808 59.1362 40.2414 30.3473 24.7725 23.6426 23.2801 17.2486 15.3181 13.7348 12.7401 11.7742 10.389 9.53915 11.0636 10.0747 9.85959 9.72732 9.38866 10.3885 9.54047 10.2759 10.3582 9.29697 9.17286 8.66245 8.669 14.876 12.819 14.6689 12.4297 11.6566 11.1706 8.31182 8.15603 7.82895 7.61684 7.52118 8.9703 7.78296 7.36856 7.36217 8.67909 12.2723 7.33791 7.27348 8.48765 7.05812 6.93391 10.3049 9.91372 8.14854 8.98238 6.84917 6.82387 6.8007 9.31903 7.27271 9.2476 7.57459 7.01471
threshold=0.33609920740127569 0.33608491718769079 0.22122069448232654 0.33833895623683935 9.1288576126098651 0.44622917473316198 0.47344884276390081 0.55214822292327892 0.15083770453929904 0.44318233430385595 0.095312628895044341 0.1363976672291756 1.2511627674102785 0.52626618742942821 0.56328803300857555 6.5673751831054696 0.28806346654891973 1.4935592412948611 0.46421742439270025 6.6688630580902108 9.3797454833984393 12.00268602371216 6.1147871017456064 0.35257433354854589 0.18192957341670993 1.0000000180025095e-35 0.12738202512264254 10.564898967742922 10.526319503784181 0.28054267168045049 11.380850315093996 0.28521916270256048 0.67181482911109935 11.372829914093019 0.5027308762073518 9.8580193519592303 0.13212966918945315 1.0000000180025095e-35 0.54935389757156383 10.760580062866213 0.41712661087512976 0.17742599546909335 0.56617209315299999 0.62546247243881237 0.69393038749694835 0.42742840945720678 0.12369550764560701 0.52282473444938671 0.89587974548339855 9.0489382743835467 8.8223190307617205 7.3359596729278573 7.0634760856628427 0.47508443892002111 0.74533575773239147 1.1421702504158022 8.0632195472717303 7.1320974826812753 0.35156591236591345 0.27756406366825109 0.35268995165824896 7.8902070522308358
decision_type=2 2 2 2 2 2 2 2 2 2 2 2 2 2 2 2 2 2 2 2 2 2 2 2 2 2 2 2 2 2 2 2 2 2 2 2 2 2 2 2 2 2 2 2 2 2 2 2 2 2 2 2 2 2 2 2 2 2 2 2 2 2
left_child=2 6 11 8 14 7 10 19 -4 38 -2 -1 -11 36 16 18 17 -3 -16 20 -6 22 34 -24 -12 -10 48 28 -28 54 33 -32 -30 -31 -22 -36 -13 -18 -7 40 -40 -8 -17 -44 -45 -42 -38 -48 -5 50 -39 -52 -51 -54 -29 -56 57 58 61 60 -60 -27
right_child=1 4 3 26 5 9 41 -9 25 12 24 13 -14 -15 15 42 37 -19 -20 -21 21 -23 23 -25 -26 56 27 29 32 30 31 -33 -34 -35 35 -37 46 49 39 -41 45 -43 43 44 -46 -47 47 -49 -50 52 51 -53 53 -55 55 -57 -58 -59 59 -61 -62 -63
leaf_value=0.012348860565653543 -0.036369025934878993 -0.0084703242568405588 -0.016636663439698034 -0.029702645273497696 -0.01597027253886257 -0.002861249879799431 -0.037673363814947902 0.0028838067847031961 -0.029584504818557619 -0.0075216749646474625 -0.01698757817944007 -0.016951720640088225 -0.01710234163862524 0.01212813595827191 -0.058614122665974044 0.013454123986674563 -0.032504449418655115 -0.065094055880461188 0.0083950750195181598 -0.0072930189895696997 -0.001921658576446925 -0.0058955756081617424 0.01092538604592686 -0.0010213823869565956 -0.006893861957420604 -0.0013609941836933289 0.0010599467053692226 0.0060411284233878315 -0.026051738253793172 0.0051991755173905092 0.00049342464902792571 -0.01373212178176028 0.016930632571185017 0.041092784061087774 -0.0063873416794813362 -0.029180805570210466 0.0010103894672349239 0.0048881481218800114 0.041343120217699723 -0.0028922418622342651 -0.032285396183220287 -0.018868668849365375 -0.076536505965475898 0.013340374334267749 -0.059178063338953917 0.02495149256682622 0.0069864261334620266 -0.028822514962344583 0.0075727228684822319 0.013946789821360356 -0.0020953416686564307 -0.05424553690978428 0.0071539413302717254 -0.030115764693223548 0.00090180370935906548 0.04803325063703788 0.015736838313097141 -0.015002184395619095 0.065034028961516097 0.027200066744290641 -0.014910024962052439 0.049079741647194038
leaf_weight=1182.9160293089517 43.321889686572831 59.606984224868938 191.15240871760761 12.821897111134602 143.46932147844927 234.28189295719494 63.006339493091218 1861.48169756477 28.578765110316454 1811.3825413659797 255.17390178164351 38.911635494907387 389.67203505913494 676.09663336805534 6.032925597857683 7.3836535178124896 14.468862631183582 8.8261452117003483 52.946148415096104 1233.8743296473986 5898.5616584780801 1586.8881532917439 310.38204148143996 436.72651813458651 2152.3874014398607 4782.531475560696 1979.2362914519326 2872.2545322951046 86.328207188053057 1575.3383866702206 2325.8263293979107 164.40864915505517 19.300016719847918 21.97862337063998 158.63799255352933 52.147219787002541 687.70093372359406 1566.572700311197 34.790663946419954 48.208733442472294 8.7120246267877537 300.79274159940542 11.74380220659077 11.378560238284992 11.972668997012077 15.674258042592554 2699.0077745731105 16.650038938969374 1329.9357699261163 294.79294358496554 566.4880432455102 9.2620735210366529 51.768954059109092 23.50771695189178 12.754252033773808 19.302486724220216 58.736096958862618 122.40896353629068 3.2919232838321468 49.988833376322873 29.651020683231764 6.9026077993912613
leaf_count=46141 7600 362 26874 218 4922 10235 8113 10453 3269 64610 19450 11731 24915 3303 201 54 1310 39 357 23611 120491 39704 2281 7906 98648 168132 22400 31366 1216 16085 26219 1973 185 163 4226 1149 23622 6890 255 939 65 28578 71 84 77 108 76816 151 7396 2009 5280 71 199 105 74 72 711 4114 78 1193 851 174
internal_value=-5.91438e-06 -0.00342636 0.00320962 0.00166725 -0.00229445 -0.0032164 -0.0102313 -0.00224294 -0.00189186 -0.00768882 -0.00846577 0.00777533 -0.00921782 0.00646167 0.00256864 -0.0124716 0.0031566 -0.0157734 0.00154075 -0.0032147 -0.00262867 -0.00240197 -0.00159339 0.00394184 -0.00796368 -0.00133726 0.00346849 0.00291399 8.42485e-05 0.00375778 0.00195314 -0.000445765 -0.0181982 0.00569306 -0.00227029 -0.0120263 0.00534872 0.00366927 0.00216119 0.0131186 0.0261619 -0.0221255 -0.0319269 -0.0414747 -0.0238414 0.00450356 0.00560369 0.00676688 0.00721678 0.0038776 0.00278587 -0.00293428 0.0101976 -0.0044848 0.00629765 0.0292813 -0.00117752 -0.00137642 -0.0010341 0.013646 -0.00692137 -0.0012883
internal_weight=40730.3 19736.3 20994 15692.7 16921.6 14224.9 2814.68 11682.2 5273.24 2542.72 2450.88 5301.28 2201.05 4118.37 2696.75 101.458 2595.29 68.4331 58.9791 9820.69 8586.81 8443.34 6856.46 747.109 2407.56 5082.09 10419.5 9076.73 2084.86 6991.86 4087.55 2490.23 105.628 1597.32 6109.35 210.785 3442.27 2526.86 341.668 107.386 59.1769 363.799 42.4787 35.095 23.3512 24.3863 3403.36 2715.66 1342.76 2512.39 2142.32 575.75 370.07 75.2767 2904.31 32.0567 5053.51 4994.77 4872.37 82.9318 32.9429 4789.43
internal_count=969895 495368 474527 312763 332979 315870 162389 214743 205396 101127 125698 161764 89525 115623 17109 844 16265 401 558 204290 180679 175757 136053 10187 118098 178522 107367 99753 23801 75952 44440 28192 1401 16248 125866 5375 112320 15864 11602 1367 428 36691 286 232 161 173 100589 76967 7614 14554 12241 5351 2313 304 31512 146 175253 174542 170428 2122 929 168306
is_linear=0
shrinkage=0.05


Tree=44
num_leaves=63
num_cat=0
split_feature=6 1 1 6 5 6 1 4 7 1 6 12 10 5 7 5 7 5 1 4 7 5 0 5 3 8 6 5 2 5 7 1 1 5 10 1 3 12 10 12 8 5 5 10 13 13 5 5 6 2 2 10 0 1 5 1 7 8 3 6 3 3
split_gain=168.914 65.6482 45.5656 31.7505 28.7572 27.8804 26.6115 25.0084 19.2343 17.6571 13.89 13.7809 11.907 11.0265 10.6053 10.8527 10.3692 13.0161 11.4736 15.3573 10.5233 11.0669 9.7172 9.70143 13.102 12.7602 9.70963 9.47513 9.41396 9.35164 9.07733 9.04626 8.74663 12.3095 8.61368 9.98805 10.5164 12.6588 9.39625 8.93002 9.20865 8.71438 9.60333 8.48272 8.45201 12.5312 9.35239 9.28152 9.03157 8.34059 8.29556 8.28749 8.37731 9.79224 9.07332 8.26026 8.23935 8.23363 8.21174 8.95708 8.43343 14.1873
threshold=0.3184697180986405 0.33608491718769079 0.41913609206676489 0.4146538525819779 2.4414010047912602 0.25207354128360754 0.58438140153884899 0.18228475749492648 0.57624399662017833 0.23368330299854281 0.4146538525819779 1.6084122657775881 9.1288576126098651 4.424828529357911 0.48042127490043646 1.8688347935676577 0.10824050381779672 4.4829866886138925 0.40220972895622259 0.40038679540157324 0.23893107473850253 2.5249279737472539 4.6298508644104013 2.7403194904327397 7.8460030555725107 0.14962227642536166 0.13718584924936297 2.8029010295867924 0.57423534989357006 2.2499048709869389 0.23282893747091296 0.072359357029199614 0.62213659286499035 1.2424533367156985 8.8768234252929705 0.36700704693794256 5.0657496452331552 0.084132526069879546 9.8790659904479998 0.11712741851806642 0.40924552083015447 4.5695295333862314 3.9019216299057011 9.586616516113283 0.19575417041778567 0.15488148480653766 1.4978661537170412 2.4414010047912602 0.29193648695945745 0.6473156511783601 0.11165463551878931 11.65768337249756 6.4240579605102548 0.50076606869697582 3.3140207529067998 0.65258482098579418 0.37426392734050756 0.23850990086793902 4.5379471778869638 0.23928638547658923 5.0139575004577646 5.4617087841033944
decision_type=2 2 2 2 2 2 2 2 2 2 2 2 2 2 2 2 2 2 2 2 2 2 2 2 2 2 2 2 2 2 2 2 2 2 2 2 2 2 2 2 2 2 2 2 2 2 2 2 2 2 2 2 2 2 2 2 2 2 2 2 2 2
left_child=2 7 9 6 14 23 11 31 12 50 -9 34 -6 44 15 32 28 18 19 20 29 22 -22 24 25 -4 -25 -10 -11 30 58 -2 -5 -34 -3 38 49 41 -36 40 56 42 -38 -21 45 47 -46 -7 -49 -37 -1 -48 54 -54 -53 -14 -39 -26 -18 60 -60 -62
right_child=1 3 5 4 8 13 -8 10 27 16 -12 -13 55 -15 -16 -17 17 -19 -20 43 21 -23 -24 26 57 -27 -28 -29 -30 -31 -32 -33 33 -35 35 36 37 39 -40 -41 -42 -43 -44 -45 46 -47 51 48 -50 -51 -52 52 53 -55 -56 -57 -58 -59 59 -61 61 -63
leaf_value=-0.022315548990345407 -0.043763908432988385 0.002978815922580869 0.03914330387092866 -0.017497952730419857 0.0046797554510828142 0.016750704266268457 0.0055101683768959209 -0.0062005690398431353 -0.048058576217782062 0.014127720620311566 -0.014514987562449413 -0.0063220745220259255 -0.0039567345522048781 -0.0070657541620664276 -0.025269231762726302 -0.004380836597796315 -0.0017733136869496791 -0.0093003026503640559 -0.0050740817105605057 -0.033304981022741854 9.2922223046313653e-05 -0.0031711744556202647 0.0050785887930262646 0.013643782443879454 0.039846323855872778 0.0099573145753619752 0.0066952728632781525 -0.012960321504010691 -0.058887947053334999 0.0038372880846619657 0.050727621958370994 -0.019196822619972125 -0.025303734343192913 0.029386292809373767 -0.0097168610720751933 0.0019051558778035217 -0.016778933872219671 0.014069834432537147 -0.0024158143734955956 -0.0017229925649191785 0.036479580672142187 0.029312001418355733 -0.061182756513206031 0.016789597685749086 0.0085686576476331072 -0.014292118471966035 0.0019179920755195243 -0.02445138244172174 0.015914243988277271 0.015958230492297248 -0.0039033912560411141 0.016448261995655366 -0.020763628695466524 0.0071564653816800876 -0.0015683654797082763 0.017753470347600074 -0.015613576897833024 0.004092694464555977 0.05100383666261004 -0.028897474875218994 -0.032689745279317776 0.023746320092506865
leaf_weight=65.329711943952134 42.592091450744192 1247.9814195395447 40.022396316751838 471.19555605098139 522.32873949425993 86.404753524344414 1513.2711286891717 2231.1832371473138 20.608732159016654 213.558160815679 648.26776022053673 1328.2061192139518 2576.2746635661751 235.80201896873768 147.89875088311965 377.87040809163591 71.918738721171394 266.46913501765812 547.32895890893997 8.7751296248752606 2410.68633271422 1310.5749542012636 1643.6767187472433 621.54338584165089 72.649827616289258 582.58142264839262 2630.6904014521861 287.19190034095664 4.5076674058800554 2006.5116583413037 16.185417247004807 311.68562858799123 17.820558791980147 24.343999829608947 498.6985313174082 2138.623317515885 75.965021727140993 73.32178053422831 3787.946857466537 3565.1094478750601 28.702387228840962 8.4105308109428716 14.500797893851994 228.59049764805241 1098.4647648525424 149.68192682554945 2431.6281153124291 36.241975963814184 22.435796124860644 111.06628911802545 962.02176863056957 313.57024221308529 45.570630992762744 101.02167124208063 89.920342307246756 44.57130294945091 34.32071224367246 20.687737563624978 21.725955073721707 9.0164479506202024 12.727907101158051 89.030071634333581
leaf_count=14615 7078 6840 151 12769 3471 461 6816 85895 1037 12111 55178 34158 89172 4175 5691 11134 2721 26886 8159 227 57259 55702 12818 5063 233 2556 22807 18717 182 68789 110 36870 93 141 16445 25352 466 622 87432 41727 270 44 105 3410 4629 1512 16931 612 473 742 93423 1541 584 601 1226 600 375 87 123 69 110 533
internal_value=-8.7043e-05 -0.00303122 0.0034442 -0.00190576 -0.00557753 0.00611067 -0.000762935 -0.00961478 -0.0033818 0.0011309 -0.00807244 -0.00149809 -0.00221368 0.00346635 -0.0128696 -0.0108119 0.00185031 0.00157863 0.0019247 0.00241396 0.0020224 0.00082303 0.00211416 0.00918317 0.0144524 0.0118335 0.00802322 -0.0153103 0.0126184 0.0049116 0.014683 -0.0221503 -0.0155456 0.00627193 -0.000945005 -0.00141874 -0.000110462 -0.00171436 -0.0032652 -0.00124271 0.0113155 -0.0193705 -0.0238964 0.0149377 0.00403401 -0.00414246 0.00462471 0.00632897 -0.00901734 0.00259895 -0.00507423 0.00317175 0.00871397 -0.00152296 0.0124331 -0.00358752 0.00460558 0.0319217 0.0118291 0.0192122 0.022725 0.0166873
internal_weight=40617.5 22150 18467.6 18916.2 4490.1 8578.92 14426.1 3233.73 3450.98 9888.64 2879.45 12912.9 3143.17 4610.74 1039.13 891.231 8861.28 8643.22 8376.75 7829.42 7592.05 5364.94 4054.36 3968.18 715.941 622.604 3252.23 307.801 218.066 2227.12 220.605 354.278 513.36 42.1646 11584.6 10336.7 6050.02 3800.33 4286.65 3701.45 136.345 98.8764 90.4658 237.366 4374.94 294.764 4080.18 145.083 58.6778 2249.69 1027.35 2981.71 550.083 146.592 403.491 2620.85 107.642 93.3376 204.419 132.5 123.484 101.758
internal_count=970129 549240 420889 364219 142825 63642 221394 185021 112997 357247 141073 214578 93243 32745 29828 24137 249209 236916 210030 201871 198234 125779 70077 30897 3027 2707 27870 19754 12293 72455 3666 43948 13003 234 180420 173580 69703 43609 103877 42994 1267 615 571 3637 28570 3058 25512 1546 1085 26094 108038 20883 3952 1185 2767 89772 997 320 3556 835 766 643
is_linear=0
shrinkage=0.05


Tree=45
num_leaves=63
num_cat=0
split_feature=6 1 6 9 10 6 5 9 6 4 5 1 9 10 5 4 6 5 9 6 8 1 5 10 9 2 9 6 10 6 9 10 6 9 5 9 9 10 5 13 10 10 0 0 1 13 12 13 1 0 4 5 10 5 13 2 5 6 9 6 9 12
split_gain=182.54 56.7185 53.5536 44.4215 33.3677 29.8896 31.41 24.3878 25.0631 20.2223 18.1915 18.0173 16.5339 14.3794 13.874 18.8961 13.5739 16.7841 26.2732 23.6308 16.2921 14.2067 14.1709 13.4926 12.8384 13.3783 12.8289 12.2752 12.2215 11.6491 21.3438 13.0564 11.5197 19.1483 16.5146 16.0516 11.1507 10.8998 10.7633 11.216 14.5431 11.9605 10.6713 10.5298 10.5 10.2509 17.2528 10.1717 10.1508 10.6355 10.0459 10.0147 9.92266 9.79777 13.5826 9.56044 9.52757 9.47781 9.44006 17.8472 9.34955 9.51421
threshold=0.32199369370937353 0.33608491718769079 0.21049564331769946 0.10829129815101625 9.1288576126098651 0.44622917473316198 2.4414010047912602 0.2991225421428681 0.44622917473316198 0.30692707002162939 2.0126758217811589 0.6297823190689088 0.023774610832333568 9.6964015960693377 4.4601275920867929 0.54318663477897655 0.10904029011726381 3.3497501611709599 0.053262718021869666 0.11838497221469881 0.11393573880195619 0.32386364042758947 4.0689902305603036 8.8223190307617205 0.28300933539867407 0.63270419836044323 0.14025881141424182 0.57286626100540172 8.8223190307617205 0.25249001383781439 0.17542195320129397 11.942002773284914 0.37711146473884588 0.39815825223922735 1.8688347935676577 0.43853096663951879 0.43331512808799749 1.0000000180025095e-35 2.9700856208801274 0.19724496454000476 12.130815505981447 12.044233322143556 5.2600927352905282 5.3399362564086923 0.48481185734272009 1.1811852455139162 0.2503278404474259 0.14288217574357989 0.31557768583297735 7.4888529777526864 0.62705692648887645 1.0000000180025095e-35 1.0000000180025095e-35 2.2499048709869389 0.15488148480653766 0.74533575773239147 2.5249279737472539 0.54885500669479381 0.16940409690141681 0.23303436487913134 0.12190329656004907 0.074341304600238814
decision_type=2 2 2 2 2 2 2 2 2 2 2 2 2 2 2 2 2 2 2 2 2 2 2 2 2 2 2 2 2 2 2 2 2 2 2 2 2 2 2 2 2 2 2 2 2 2 2 2 2 2 2 2 2 2 2 2 2 2 2 2 2 2
left_child=2 7 12 -4 52 11 -7 -2 37 10 -5 32 13 -1 15 29 22 20 19 -19 -18 -20 -14 -16 55 -26 38 36 -24 53 -31 -32 35 -34 43 -6 -8 -9 39 47 41 -41 -42 -35 -37 46 -40 -22 -33 -50 -23 -13 -3 54 -11 -17 -10 -58 59 -12 -55 -62
right_child=1 4 3 9 5 6 27 8 56 14 58 51 16 -15 23 24 17 18 21 -21 26 50 28 -25 25 -27 -28 -29 -30 30 31 48 33 34 -36 44 -38 -39 45 40 42 -43 -44 -45 -46 -47 -48 -49 49 -51 -52 -53 -54 60 -56 -57 57 -59 -60 -61 61 -63
leaf_value=0.017866973346850265 -0.037613655120150052 -0.03749771320409799 -0.050340482107232236 0.0028501174861767587 -0.0017679854011609015 -0.020969102183463605 -0.038385908860511422 -0.032107147143612264 -0.030370682485114982 0.032416620561152729 -0.0054615413963862349 -0.025099453156029031 0.034918974071146233 -0.033221546971296742 -0.039315203787241008 0.0033953598153323907 0.026656611277377913 0.013332717291239284 -0.0025983800856344088 -0.050101161376875897 0.054070382980088143 0.0070919040588708114 0.042945638034550697 -0.003141614355988637 0.025053720653863888 0.0094984588928731743 0.016141837825378598 -0.016395470568015613 0.010013767350522645 -0.039733877040675644 0.0029503116340118575 0.01576069414304029 -0.017060561204646607 -0.0049814264215090834 -0.0010171998286216222 0.00018451434849707697 -0.0037446638064400034 -0.0061870843646431029 -0.04235122452520635 0.01195069559201962 0.074465548063727877 -0.066802339281479786 0.0010161072856406956 -0.0147963959846577 0.015238001821780671 0.025252076676696669 -0.00026787968083393605 -0.01651866741407125 -0.0021381616724712254 -0.021046102497872265 0.025602568213543814 0.011740047025758888 0.0031540726272542108 -0.047839337156232425 0.0085076016064640683 0.030181170203179022 -0.0090769019199236287 -0.026468802491272245 -0.004234471125788437 -0.039258715167854528 0.022021296132862186 0.0032772711783139973
leaf_weight=20.210715102904942 74.147192445059773 15.089816195366437 40.151527599053225 1086.2475180940819 8511.8379840120615 389.22064570058137 23.524356273643207 41.223335109214531 132.90024410549086 66.161531036254019 117.35186142555904 19.608731793239713 87.654039764369372 43.241149884168408 27.366442877799273 854.43744293088093 167.08757645601872 23.315266219055047 393.09842477738857 39.648211303603603 5.6332068899646393 1957.6188679838087 30.61305516352877 444.16553236648906 183.65801521623507 558.76342462422326 538.49172091195942 230.78914139349945 353.45871530170552 30.965369353245478 5798.1938699581078 74.533545769285411 283.45848027893226 837.01095606543822 2272.6662150246557 229.35042921977583 1858.5239293215564 2516.0880907078244 27.074353743402753 446.74306130595505 15.982472134754063 4.8738058013841501 7.1608363976702085 405.72507557563949 234.05482581234537 32.446587451675441 242.42842803706299 54.260360770276748 1380.5292026147945 78.606403727317229 76.147793964017183 311.66243936400861 2872.8708825727808 8.7329893878195417 581.40406547999009 34.66405743919313 242.48941029337584 115.71603012408013 1097.5018614333239 58.550758299563313 70.504413862538058 1701.8726486572996
leaf_count=2528 11976 1432 8410 24589 140323 15275 1580 4746 8293 398 5078 87 1764 10510 147 3774 3756 1323 40228 8621 53 35025 778 14035 841 2354 7285 19827 12787 2364 83238 1088 8744 17553 58416 5731 64192 114443 1236 8493 91 79 75 4832 1709 685 6093 1627 23718 858 239 1513 16990 556 7846 115 29220 12014 72055 5996 540 29474
internal_value=8.85052e-05 -0.00304776 0.0036831 0.00217712 -0.00199543 -0.00290898 -0.0079167 -0.00928082 -0.00859167 0.00232505 -0.00190323 -0.00195292 0.00839649 -0.0169488 0.00316386 0.00351081 0.00875357 0.00781467 0.0052758 -0.0266117 0.0119136 0.0061031 0.0167787 -0.00524103 0.0084927 0.0133465 0.0101222 -0.00551223 0.0126387 0.0026807 0.0016902 0.00186515 -0.00225147 -0.00455939 -0.00355138 -0.00127461 -0.00417766 -0.00660491 0.00624762 0.0105096 0.0130818 0.0111008 0.0517393 -0.00818579 0.00778767 -0.00129899 -0.00449559 -0.00987951 -0.00223741 -0.00315677 0.00778498 0.00955943 0.00294166 0.00568351 0.0109504 0.00443968 -0.0189372 -0.0146952 -0.00595796 -0.0167112 0.00376861 0.0040229
internal_weight=40479.5 21618 18861.6 14294.4 18495.4 15607.4 2502.06 3122.56 3048.42 14254.2 2359.65 13105.4 4567.19 63.4519 11894.6 11423 4503.74 4032.01 2489.83 62.9635 1542.18 2426.87 471.726 471.532 1631.52 742.421 1375.09 2112.84 384.072 9791.5 7362.83 7331.86 12774.1 3798.86 3515.4 8975.24 1882.05 2557.31 836.603 534.654 474.76 451.617 23.1433 1242.74 463.405 301.949 269.503 59.8936 1533.67 1459.14 2033.77 331.271 2887.96 2428.68 647.566 889.102 491.106 358.205 1273.4 175.903 1781.11 1772.38
internal_count=969646 538896 430750 287474 358204 339782 100874 180692 168716 279064 107718 238908 143276 13038 171346 157164 130238 114909 85436 9944 29473 75492 15329 14182 7084 3195 25717 85599 13565 150080 111266 108902 237308 89545 80801 147763 65772 119189 18432 10418 8738 8572 166 22385 7440 8014 7329 1680 25664 24576 35264 1600 18422 38814 8244 3889 49527 41234 83129 11074 30570 30014
is_linear=0
shrinkage=0.05


Tree=46
num_leaves=63
num_cat=0
split_feature=7 4 7 9 6 10 4 9 12 9 5 9 6 5 4 13 5 6 5 6 4 9 6 9 2 13 13 0 9 4 9 9 12 9 9 9 9 7 5 5 13 9 7 13 2 5 8 2 7 9 5 4 4 4 4 8 8 12 8 4 2 9
split_gain=171.067 48.0749 39.9815 37.0218 33.3178 30.0438 27.6184 20.2651 20.9336 19.0785 21.9072 18.7935 18.9761 17.5116 16.8583 16.3072 15.0309 14.9871 17.9972 14.3222 13.5724 13.4039 11.9577 22.8495 11.824 16.8582 14.2863 21.118 14.041 12.2026 12.0721 11.7117 11.5029 11.3874 12.0526 11.3535 11.0349 10.8013 10.541 10.3699 14.0768 13.31 18.3138 10.7845 10.2731 10.0869 9.73295 9.90853 9.60565 12.8054 12.434 9.58195 9.53014 9.44325 9.51782 9.23127 9.23026 9.17712 9.11847 8.97391 8.95657 8.89747
threshold=0.29702274501323706 0.31558148562908178 0.2104606777429581 0.10829129815101625 0.37711146473884588 11.390254974365236 0.13649032264947894 0.24498636275529864 0.99983829259872448 0.36249358952045446 2.2499048709869389 0.13741108775138858 0.2161563262343407 3.9607677459716801 0.42332686483860021 0.14987912774086001 1.2424533367156985 0.44622917473316198 2.5249279737472539 0.37711146473884588 0.30961325764656072 0.395151898264885 0.26882018148899084 0.21800297498703006 0.17190404236316684 0.19575417041778567 0.24826586991548541 6.974010944366456 0.23989140987396243 0.34337897598743444 0.2573783695697785 0.2557890266180039 0.26050662994384771 0.64848908782005321 0.395151898264885 0.5069728195667268 0.52388200163841259 0.12872852385044101 4.7749040126800546 3.1984648704528813 0.55362844467163097 0.078748404979705824 0.14837906509637835 0.14363770186901095 0.45003062486648565 1.7005987167358401 0.12663633376359942 0.74533575773239147 0.11221974343061449 0.11171373352408411 4.7492611408233651 0.61066952347755443 0.6210572123527528 0.35925757884979254 0.38514429330825811 0.34357498586177831 0.25217686593532568 3.2416840791702275 0.49162003397941595 0.6513611674308778 0.49655637145042425 0.17717922478914264
decision_type=2 2 2 2 2 2 2 2 2 2 2 2 2 2 2 2 2 2 2 2 2 2 2 2 2 2 2 2 2 2 2 2 2 2 2 2 2 2 2 2 2 2 2 2 2 2 2 2 2 2 2 2 2 2 2 2 2 2 2 2 2 2
left_child=2 6 13 -4 7 16 -2 -3 35 10 15 12 -12 37 -10 -5 57 58 -19 31 -15 -21 46 60 55 -26 27 28 29 -27 -28 -8 -32 34 -7 38 -20 -1 -9 40 43 42 -41 -39 -34 -36 -13 -48 59 50 -50 -51 -11 -31 61 -17 -29 -6 -18 -22 -24 -55
right_child=1 4 3 9 5 33 19 8 14 52 11 22 -14 20 -16 24 17 18 36 21 48 -23 23 -25 25 26 30 56 -30 53 32 -33 44 -35 45 -37 -38 39 -40 41 -42 -43 -44 -45 -46 -47 47 -49 49 51 -52 -53 -54 54 -56 -57 -58 -59 -60 -61 -62 -63
leaf_value=0.02006691257856745 -0.026478035333998728 -0.028676205910340192 -0.047557999014055288 0.020428608180791782 -0.012538526575833637 -0.023728503148263032 -0.030410578929362928 0.0017939205313180233 -0.0035780191807350949 0.010209233286018197 0.0019407720311747031 -0.017378210526922313 -0.04474337753488173 -0.0063258417734472052 0.0012246421567657987 -0.0021227753984476507 8.3992959514235228e-05 -0.015106508277083189 -0.010403814536258993 -0.03196336740794184 0.013223577474176613 -0.010229279364304813 -0.043417456138877125 -0.0017502415996824888 -0.0052297216395544282 0.014640650144239051 0.0037214135395220028 0.01000415757973154 0.00081814206652292801 0.073472214764358848 0.024216757818439863 -0.0042714855309476749 -0.0018082481080337149 -0.019674027844813334 -0.012304630795773852 0.016401245180822234 -0.00072810743063073504 0.042977370996444914 -0.018520874378360901 0.0039400147390918792 0.02529260430753872 0.0078829748618490323 -0.041784300532323258 0.0098096139774639223 0.014152999835304398 -0.0046172701072071769 0.0023062149580428009 0.031550455513065186 -0.0057158615006143894 0.0040578096780877421 -0.055720510944004834 0.020837114167983086 0.035071096344889689 0.040328434062441992 0.042683598126505178 0.04779220839927039 -0.03796459312960021 0.0095300387486340014 0.0088399612836728182 -0.058661162467135201 -0.0063225319913480585 -0.020200151503244123
leaf_weight=274.66683190400363 189.42770729176846 62.484726850496372 36.814858254758292 163.38548553897999 468.48340389959048 113.71381932939403 43.655986075202236 6664.8479116226372 5169.3528260677122 436.7154357143736 40.780382223951165 62.316094276582589 46.688396216806723 255.61853561739554 2826.1876644704025 710.27656580659095 2193.3485217989073 330.0220030786586 360.41123333646101 76.974472549860366 423.79547175188782 904.81702459741791 46.906197976204567 1679.9869389982487 318.83219877001829 86.306438060710207 1873.3617558973492 18.280715200118721 57.755717316642404 17.407082181423903 144.65340101526817 2328.5821389101038 166.06133211380802 227.25615961558651 617.65090068092104 132.09080976224504 1615.5878630380612 25.088022385723889 64.472993902279995 65.852905844512861 191.13047183881281 1132.0431326295948 32.809504517354071 1059.8771837975946 256.56207129894756 1380.4280448387144 3164.8393796687596 29.232207062188536 115.65009989624377 930.91109657171182 13.928977209579896 93.642338476609439 42.276762792374939 10.903733799234034 71.440504303202033 9.3851374187506718 22.215743535198271 52.374959951266646 343.97051171428757 4.386521521722897 24.916259487625211 13.69934861268848
leaf_count=7107 28698 4378 8051 973 6977 4354 6062 79380 105343 7869 860 2154 4470 44709 22981 25836 39891 10008 9004 8649 9554 72842 3922 40560 3856 684 17586 111 392 54 1383 79801 2317 15615 12184 1504 44916 206 2008 2685 3395 27042 4033 19325 1356 58682 80277 111 4533 19664 1397 309 125 39 255 263 166 953 7582 25 444 77
internal_value=-9.20093e-05 -0.00248828 0.00433247 0.00248559 -0.00164007 -0.00431046 -0.00790352 -0.000261286 -0.000141779 0.00267921 0.00216374 -1.21056e-06 -0.0229779 0.00815145 -0.00188042 0.00496333 -0.00224852 -0.00138056 -0.00429808 -0.00685447 0.0043643 -0.0119333 0.000400081 -0.00293095 0.00429436 0.00565159 0.00691838 0.0172531 0.0225313 0.0288093 0.00565648 -0.00475252 0.0120468 -0.00903918 -0.00789473 0.00188424 -0.0024929 0.0106539 0.00159929 0.00962254 0.0127807 0.00634791 -0.0112653 0.0105766 0.00788135 -0.00699361 0.00219204 0.00257386 0.00609127 0.0037184 -0.0110911 0.00559141 0.0124036 0.0395879 0.0334467 -0.00147183 -0.0163108 -0.0103194 0.00127099 0.0124872 -0.0305487 0.00662525
internal_weight=40337.5 26166.1 14171.4 9552 22622.7 7703.25 3543.46 14919.4 14857 9515.19 9036.19 5095.67 87.4688 4619.4 7995.54 3940.53 5364.2 4843.34 2306.02 3354.03 1837.93 981.791 5008.2 1751.81 3777.14 3057.48 2738.65 298.009 257.513 199.757 2440.64 2372.24 567.277 2339.05 2111.79 6861.41 1976 2781.47 6729.32 2506.8 1276.1 1230.71 98.6624 1084.97 422.623 1998.08 3256.39 3194.07 1582.31 1154.13 129.579 1024.55 478.992 113.451 96.0436 719.662 40.4965 520.858 2537.32 428.182 71.8225 24.6031
internal_count=969987 621812 348175 204191 425760 210166 196052 215594 211216 196140 188146 132798 5330 143984 128324 55348 119331 111401 63928 167354 80191 81491 127468 44926 54375 28276 24420 1778 1501 1109 22642 85863 5056 90835 75220 82892 53920 63793 81388 56686 22926 33760 6718 19531 3673 70866 82542 80388 35482 25903 5930 19973 7994 425 371 26099 277 7930 47473 9579 4366 116
is_linear=0
shrinkage=0.05


Tree=47
num_leaves=63
num_cat=0
split_feature=7 6 9 1 1 4 7 9 13 6 5 6 1 9 4 5 9 5 9 0 2 10 10 9 2 7 9 5 9 2 5 5 7 5 0 2 2 6 5 1 6 9 0 2 6 9 6 8 9 8 2 9 7 13 0 0 5 0 13 8 1 8
split_gain=166.198 64.4048 48.3152 40.0258 29.5638 26.0344 23.24 23.0867 20.2594 16.4166 16.6492 16.3427 15.3233 15.2645 14.6418 16.3156 14.6386 15.1669 14.3707 17.9184 14.2348 13.305 18.3411 12.5281 15.1771 11.3466 14.8949 11.2288 13.9073 11.7968 11.0831 10.6281 12.3202 11.9446 10.2865 19.1658 15.7751 10.2193 10.7924 11.1867 9.78346 9.69672 9.65099 9.47874 9.27104 9.19668 9.06851 10.6487 11.0714 9.2366 9.02191 8.93605 8.77693 8.70788 9.13391 15.0387 8.65523 8.63948 12.2869 11.0968 10.6894 10.844
threshold=0.2819961160421372 0.37711146473884588 0.23435231298208239 0.39413943886756903 0.49612575769424444 0.28497314453125006 0.1363976672291756 0.41596378386020666 0.31531217694282537 0.52333778142929088 1.8688347935676577 0.44622917473316198 0.27114753425121313 0.50363564491271984 0.53132507205009472 4.3107767105102548 0.40549814701080328 3.4811217784881596 0.028990741819143299 6.1431114673614511 0.14776874333620074 11.70258665084839 11.65768337249756 0.28766645491123205 0.5102694332599641 0.20509669184684756 0.098035763949155821 2.9700856208801274 0.24934934079647067 0.6193075180053712 5.0271592140197763 2.0126758217811589 0.22505711764097217 3.3497501611709599 4.6586997509002694 0.55103105306625377 0.3973547518253327 0.53976181149482738 1.8688347935676577 0.62213659286499035 0.41879557073116308 0.52388200163841259 6.0991966724395761 0.6193075180053712 0.27497839927673345 0.35211953520774847 0.075080629438161864 0.055809393525123603 0.082432270050048842 0.041062837466597564 0.3644657582044602 0.56779971718788158 0.40934854745864874 0.19724496454000476 6.588238239288331 6.4777410030364999 5.0466406345367441 3.7726949453353886 0.55490237474441539 0.2901246994733811 0.50161772966384899 0.20224847644567492
decision_type=2 2 2 2 2 2 2 2 2 2 2 2 2 2 2 2 2 2 2 2 2 2 2 2 2 2 2 2 2 2 2 2 2 2 2 2 2 2 2 2 2 2 2 2 2 2 2 2 2 2 2 2 2 2 2 2 2 2 2 2 2 2
left_child=5 2 -2 7 12 20 18 52 -5 10 11 -9 -4 57 15 25 17 -16 19 50 -1 22 43 -23 -25 -8 -27 28 34 -30 46 -22 33 -33 35 -28 -36 38 39 -10 41 -40 -12 -14 -38 -42 49 -48 53 -20 -7 -11 -3 -49 55 -55 -32 59 60 -6 -59 -62
right_child=1 3 4 8 13 6 14 9 37 51 42 -13 21 -15 16 -17 -18 -19 30 -21 31 23 -24 24 -26 26 27 -29 29 -31 56 32 -34 -35 36 -37 44 -39 40 -41 45 -43 -44 -45 -46 -47 47 48 -50 -51 -52 -53 -54 54 -56 -57 -58 58 -60 -61 61 -63
leaf_value=-0.015278100376745797 -0.028651194433211777 -0.018482438930757798 -0.0066958251021731023 -0.0076080366326917231 -0.011734261422307109 -0.035946728125617326 0.0083747150620875604 -0.010148671517186568 -0.010542865109051332 -0.044278138688331012 -0.0016258415084667692 -0.030763593282246229 -3.3182513750879778e-05 0.019968495207060385 0.013672250732807555 -0.0036368694792460639 0.029712640075750286 0.0037285450410039301 0.049832840668952764 -0.064897184583778619 0.0099588366935812953 0.0022130073200034173 0.0098799671131162385 -0.003140783419348757 -0.012610632157425451 -0.053784339416085486 0.0010236408833166561 0.00047642472936629986 0.013947019224280583 -0.0136567658629431 -0.07472582828203353 0.00956485032375381 -0.0078052749857099929 -0.0037403738108780014 0.020756875837848326 -0.050671436243143776 0.0063214799075712383 -0.009557838347880215 0.0028052136432392613 0.0079045489282851059 -0.06258912731631093 0.018011361303545536 -0.011961553771391707 -0.010555907775017678 -0.0050356561110395581 -0.0012233526246059031 0.0021292762081658507 0.033253747400623888 0.022508782983413494 0.0063263955250498285 0.017870873921440357 -0.016740930740460309 -0.038037017495741746 0.00043949367775090645 0.019326751987200665 -0.097625657031458243 0.0033142842075525262 0.013001444030739426 0.0073049517838168947 0.015380055730734211 -0.030684246612982764 0.00032215985783034997
leaf_weight=156.43947364200721 150.42346592622926 212.825291849731 1188.3102061902027 1808.9530626743799 44.582034496124834 10.545698121160965 1785.2724827254424 818.2699270072917 434.37189826916438 32.920678352180403 1048.9313468808541 108.93828861688962 9328.5669904803799 134.98836710234173 720.12369934562594 602.28678117413074 84.822118013165891 820.30097482382553 38.222805328201503 12.41760276572313 250.26666759228101 851.87338016615831 466.39772810472641 2746.1779734865995 500.15937283681706 11.228097531420643 1058.3219466195442 1647.0224851457169 596.97458480286878 41.388552701100707 3.6494613415561608 334.34926584654022 453.36123024014523 340.43269805010641 171.83073063171469 18.238550119334832 1323.9247489618137 338.83529357914813 987.54742711555446 101.35687167663127 6.1235233016777775 117.2917412230745 287.83164625443169 219.03510991716757 207.91212645848282 2070.2436933861463 131.12785200146027 32.272314231377095 430.05007426836528 17.918698179768398 29.772591277840547 280.32722525065765 78.56707560014911 128.56697297794744 74.610131968278438 4.0321050812490276 134.27959985897178 167.7089326698333 929.89745717856567 245.68308890808839 28.482393891783431 2828.6340717456769
leaf_count=28024 14800 18280 66355 53585 289 2972 33903 24853 4726 2858 82520 5985 164083 690 2814 27398 270 4717 388 953 5414 13274 4654 58977 10169 2019 27803 38681 7647 242 133 12413 32196 46232 1170 166 7968 13617 11261 544 263 1243 19343 3428 1320 28892 2297 699 5182 199 1457 28067 10000 3368 585 68 3711 1503 4153 1326 319 17587
internal_value=5.67374e-05 -0.00199742 -0.000421859 -0.00557509 -0.000206094 0.00508379 0.00600265 -0.010415 -0.00320774 -0.00890673 -0.00742235 -0.0125707 -0.00124294 0.00341591 0.00518995 0.00425356 0.00949058 0.00837707 0.013055 -0.0123803 -0.000984909 -0.000783785 0.000198356 -0.00318365 -0.00459979 0.00494611 0.00374043 0.00386794 0.00550192 0.0121573 0.0144035 0.000637264 -0.00143063 0.00285226 0.00397378 0.000147849 0.00639142 -0.00124512 -0.000487332 -0.00705272 0.000618307 0.00441953 -0.00385133 -0.000274588 0.00478001 -0.00140433 0.016521 0.0151589 0.0177108 0.0359469 0.00379428 -0.0196349 -0.0237549 0.00909471 0.005332 -0.0025425 0.00124942 0.00288955 0.00227845 0.0112155 0.000733189 1.30592e-05
internal_weight=40236.2 28564.3 19830.9 8733.33 19680.5 11672 10137.1 2868.61 5864.72 2577.22 2263.97 927.208 15300.5 4379.98 9089.65 7464.4 1625.25 1540.42 1047.47 52.7359 1534.85 14112.2 10014 4098.21 3246.34 6862.11 5076.84 5065.61 3418.59 638.363 994.73 1378.41 1128.14 674.782 2780.23 1076.56 1703.67 4055.77 3716.94 535.729 3181.21 1104.84 1336.76 9547.6 1531.84 2076.37 856.801 800.659 669.532 56.1415 40.3183 313.248 291.392 239.482 207.209 132.599 137.929 4244.99 3954.72 290.265 3024.83 2857.12
internal_count=970053 667644 361607 306037 346807 302409 178130 191906 114131 163626 132701 30838 320940 25867 156118 148317 7801 7531 22012 5382 124279 254585 172165 82420 69146 120919 87016 84997 46316 7889 16630 96255 90841 58645 38427 27969 10458 60546 46929 5270 41659 12504 101863 167511 9288 29155 12786 12199 9902 587 4429 30925 28280 4720 4021 3436 3844 25177 23562 1615 19409 17906
is_linear=0
shrinkage=0.05


Tree=48
num_leaves=63
num_cat=0
split_feature=6 7 9 6 9 5 4 6 5 9 4 7 1 7 5 9 9 9 1 1 5 9 7 4 0 5 9 6 5 3 1 12 10 9 4 7 10 13 4 7 9 1 10 7 5 9 13 13 3 4 12 5 3 1 1 10 10 12 12 1 9 10
split_gain=174.9 47.3375 43.0497 42.1783 38.4618 34.7206 22.2639 22.7931 21.0977 19.4614 18.0047 17.8016 17.1837 15.9232 28.1274 21.0797 14.2865 14.0495 13.742 12.9221 12.8824 12.9887 12.81 13.1117 12.4286 12.1572 13.1124 15.7569 15.2451 11.5716 11.3987 15.4296 13.4201 11.3779 11.3493 10.6963 10.6715 10.6648 10.0781 9.95752 9.88841 13.9584 12.8435 9.83945 9.82113 11.7019 9.80391 13.6953 18.3538 9.72967 9.41162 9.24333 9.11592 12.8934 9.03958 10.6152 8.93046 17.0423 8.82577 8.76925 8.75325 8.63157
threshold=0.33455225825309759 0.25247138738632208 0.16940409690141681 0.47508443892002111 0.3186356127262116 2.6735538244247441 0.39164464175701147 0.37711146473884588 1.8688347935676577 0.45307250320911413 0.42332686483860021 0.56736728549003612 0.45795276761054998 0.11221974343061449 3.8815106153488164 0.053262718021869666 0.43331512808799749 0.023774610832333568 0.35156591236591345 0.62213659286499035 1.7005987167358401 0.19217444956302646 0.14837906509637835 0.45629402995109564 5.1089665889739999 2.5249279737472539 0.34997659921646124 0.1833189278841019 3.9607677459716801 6.6883537769317636 0.56234845519065868 0.060705231502652175 12.120427131652834 0.5635681450366975 0.46045906841754919 0.53799960017204296 8.8768234252929705 1.3907248973846438 0.45174746215343481 0.23893107473850253 0.27894163131713873 0.42635303735733038 10.024687290191652 0.081275444477796568 2.2499048709869389 0.20400134474039081 0.24826586991548541 0.19787539541721347 7.1616215705871591 0.32187660038471227 0.14483378082513812 4.9593360424041757 2.8029010295867924 0.40220972895622259 0.6297823190689088 11.390254974365236 8.7296881675720233 0.10328164324164392 1.544001638889313 0.45163878798484808 0.395151898264885 11.675503253936769
decision_type=2 2 2 2 2 2 2 2 2 2 2 2 2 2 2 2 2 2 2 2 2 2 2 2 2 2 2 2 2 2 2 2 2 2 2 2 2 2 2 2 2 2 2 2 2 2 2 2 2 2 2 2 2 2 2 2 2 2 2 2 2 2
left_child=1 12 -3 4 18 35 7 56 16 -7 20 33 13 17 22 -16 -9 59 -2 24 37 -22 23 52 -8 39 27 28 34 38 31 -29 58 -11 -27 -5 -33 -4 51 -14 41 42 -12 -31 45 46 47 48 -24 -23 60 -30 53 -15 55 -20 57 -6 -32 -1 -42 -26
right_child=3 2 10 5 6 9 19 8 -10 11 40 -13 25 14 15 -17 -18 -19 54 -21 21 49 44 -25 61 26 -28 30 29 43 32 36 -34 -35 -36 -37 -38 -39 -40 -41 50 -43 -44 -45 -46 -47 -48 -49 -50 -51 -52 -53 -54 -55 -56 -57 -58 -59 -60 -61 -62 -63
leaf_value=-0.020872067871782318 -0.032786911085412256 -0.038887036090139271 0.0018924500086884529 -0.017809829782097882 -0.021571267875877178 -0.042566438386909253 0.0017440111152797529 -0.030097812794503201 -0.0037313624119276927 -0.010179243824328783 -0.047145920784671148 -0.014839102961215565 0.027558428337792398 0.0030581694595836774 -0.049742569153798058 -0.0025646833409002888 -0.011491205235009502 0.016965171921900588 0.0023326083901476467 0.0053974999074469267 -0.030031072866435443 -0.0057338753222086185 -0.0023712042542126232 -0.097488624578782171 -0.0013334547806341712 0.048150002280618387 0.021219394304911817 0.038824761078216134 -0.073110583412797012 0.022702328781777765 0.01005280841747053 -0.028187508709711068 -0.036619212682535623 -0.00028702357513039266 0.016979514394365465 -0.037383854322257014 0.00048209749616163697 0.036350092832008067 0.013482081929628097 0.011054678094095346 0.0091179148841220008 -0.0001725821269655515 0.022511069554339971 -0.0063924821005783578 0.0036652472557416869 0.020664864011921486 0.0020930933784461341 0.0367706921779467 0.049866627942556391 0.00011749505267492136 0.0043133509115523576 0.03513639177053858 0.019679664017526986 -0.095096246922304478 -0.059448456797979755 -0.024780464299833046 -0.0030123355362647163 0.0043628816094316604 0.038395733375327555 0.070852415326353752 0.028018426465892421 -0.0065698243423986382
leaf_weight=36.683240044134436 125.64547028759262 65.939120599112357 2965.9316173886764 404.72981752688065 68.660843041914632 36.191090416104998 2957.3213205258362 117.86620537159615 1151.5267758395785 399.71957871099585 7.0653844594489774 404.08532193276915 155.53549040248618 31.555780564667657 24.292161192017375 935.08365472606965 827.12087912842981 383.55427403713111 95.524276906100567 926.77765676449053 42.120581655675778 1135.6596448747732 97.172495513572358 2.5421456927433601 4143.8019253396196 31.654635917861015 180.66383721539751 25.515659941826016 6.3455324042588455 34.202114341780543 380.43958042748272 33.750210410216823 14.640246416442094 1065.577066189755 377.01540098618716 84.336194919305854 847.75781047070632 22.626824853767175 374.92948784155305 221.62959023844451 490.98035627231002 1691.7529258650029 104.39046729030088 193.24131338379811 2989.8252253020764 192.90874740516301 397.40177882189164 55.69094506977126 20.333507253788412 1897.364216251648 2513.4980707321083 2.8614484645659104 268.44243022979936 3.742508011404424 9.0084477532654983 58.031402023480041 6120.067027526864 818.4557108185254 29.603790883906186 2.8049938986077896 69.990402616094798 971.49706241837703
leaf_count=9531 14963 9909 49955 15753 3653 3720 36636 5559 88738 17309 170 30424 587 3272 9748 65933 27713 16677 2007 4545 3450 63871 1963 58 45746 132 945 80 119 275 1480 173 69 41807 2048 4410 8147 364 3151 937 2269 11282 881 1764 85964 2686 8245 381 89 54916 21741 59 6100 78 50 1552 154246 3008 109 35 321 18552
internal_value=0.000125902 0.00354562 0.00139195 -0.00305908 -0.00224636 -0.00930097 -0.00195785 -0.00370123 -0.00827512 -0.00625086 0.0016347 -0.0055478 0.00638406 0.00472567 0.00394045 -0.00375927 -0.013812 0.0140415 -0.0203681 -0.000194263 -0.000184435 -0.00245638 0.00576007 0.0155922 -0.000836226 0.00948568 0.00823848 0.00724136 0.011917 0.0069208 0.00365924 0.000493931 0.0104196 -0.00298553 0.0193939 -0.0211852 -0.000615573 0.00215333 0.012213 0.0178605 0.00389616 0.000956556 0.0180954 -0.00201731 0.00495773 0.010019 0.00641982 0.0163475 0.00666815 -0.00207344 0.00562027 -0.0394684 0.0165386 -0.00734867 -0.0107697 -0.0079139 -0.00233274 0.00235564 0.0120991 -0.0143565 0.0114761 -0.00232795
internal_weight=40145.1 19359.1 11007.3 20785.9 18391.3 2394.64 18103.1 9103.7 2096.51 1905.57 10941.4 1869.38 8351.82 5442.03 5018.99 959.376 944.987 423.043 288.21 8999.4 6063.7 3075.14 4059.62 306.283 8072.62 2909.79 2532.62 2351.96 1020.25 611.58 1331.71 907.024 424.684 1465.3 408.67 489.066 881.508 2988.56 384.136 377.165 4877.68 1803.21 111.456 227.443 3753.33 763.507 570.599 173.197 117.506 3033.02 3074.47 9.20698 303.741 35.2983 162.564 153.556 7007.18 887.117 410.043 39.4882 560.971 5115.3
internal_count=970355 449964 219129 520391 406968 113423 388396 282917 122010 93260 209220 89540 230835 210760 184517 75681 33272 26243 18572 105479 172556 122237 108836 9508 100934 20075 18551 17606 7548 5368 10058 8400 1658 59116 2180 20163 8320 50319 3329 1524 36664 12333 1051 2039 99328 13364 10678 2433 2052 118787 24331 178 9450 3350 3609 3559 160907 6661 1589 9566 2590 64298
is_linear=0
shrinkage=0.05


Tree=49
num_leaves=63
num_cat=0
split_feature=6 6 5 7 4 7 4 5 5 4 13 0 10 4 1 12 2 6 0 10 0 7 5 5 5 10 10 5 12 2 1 12 13 10 11 4 7 2 7 5 13 0 0 2 8 1 13 10 4 2 4 5 0 12 6 8 10 10 13 13 5 6
split_gain=180.001 48.2189 35.4698 31.7231 24.3758 23.8601 22.0362 22.052 20.2964 16.3933 16.2204 14.1709 13.3278 13.1421 13.0261 11.7133 11.0527 10.3527 10.1839 10.6925 9.81958 11.606 10.5358 9.96568 9.76637 9.69959 10.2405 9.06294 9.0618 9.14208 9.02317 8.93242 8.90719 9.82212 10.1121 8.39889 8.38484 8.37212 8.27054 14.8696 11.2755 19.0851 15.1752 15.1084 10.6632 10.4821 10.2471 8.04506 7.96707 9.58045 7.89615 10.8901 10.6514 10.0564 11.4354 8.89728 7.83305 8.83289 7.78574 9.96483 10.188 9.53793
threshold=0.29702274501323706 0.4146538525819779 2.1383330821990971 0.17072947323322299 0.38653172552585607 0.57624399662017833 0.42436505854129797 3.3140207529067998 4.7833075523376474 0.20460065454244616 0.50398144125938427 4.6298508644104013 8.7296881675720233 0.42585149407386785 0.45351026952266699 0.15529232472181323 0.14390365779399875 0.47508443892002111 1.2424533367156985 9.0489382743835467 7.6953027248382577 0.12556697428226474 3.1567740440368657 3.3497501611709599 2.9174053668975835 9.4392271041870135 9.4147496223449725 4.6395599842071542 0.074341304600238814 0.70330616831779491 0.44592380523681646 1.3130153417587282 0.19787539541721347 9.5264267921447772 1.5000000000000002 0.38514429330825811 0.23282893747091296 0.71369239687919628 0.21249059587717059 2.2499048709869389 0.14363770186901095 6.6457407474517831 6.8485357761383066 0.56044232845306408 0.21313311159610751 0.45444042980670935 1.4471865892410281 11.961178302764894 0.43417602777481085 0.42442680895328527 0.55275359749794017 3.65057384967804 7.7863438129425058 0.06827466189861299 0.28507962822914129 0.11393573880195619 9.586616516113283 1.0000000180025095e-35 0.19651870429515841 0.15488148480653766 2.4414010047912602 0.25249001383781439
decision_type=2 2 2 2 2 2 2 2 2 2 2 2 2 2 2 2 2 2 2 2 2 2 2 2 2 2 2 2 2 2 2 2 2 2 2 2 2 2 2 2 2 2 2 2 2 2 2 2 2 2 2 2 2 2 2 2 2 2 2 2 2 2
left_child=3 4 17 8 10 9 7 11 14 -4 12 -5 -2 36 -1 25 -14 48 -9 -20 21 -16 -23 31 -7 26 -6 47 -27 -30 -21 -24 -18 -34 -35 56 -8 -25 -13 40 41 -40 46 44 -44 -41 -42 -11 -3 -50 51 58 -53 54 -52 -54 57 -12 59 60 -15 -62
right_child=1 2 5 6 15 24 13 18 -10 27 35 38 16 50 20 -17 32 -19 19 30 -22 22 23 37 -26 28 -28 -29 29 -31 -32 -33 33 34 -36 -37 -38 -39 39 45 42 -43 43 -45 -46 -47 -48 -49 49 -51 53 52 55 -55 -56 -57 -58 -59 -60 -61 61 -63
leaf_value=0.0088449598926962376 0.0037617355689564453 -0.018098537663131131 -0.022883191557166411 0.00019558988657962154 0.0060040746396546382 -0.038612648518528608 0.044577770377964919 0.0076271608991325722 -0.00069332538829035349 -0.0020211071093004531 -0.024515216113714544 0.011380724884504836 -0.011491144549013455 0.018994304636147888 0.030150437411989341 -0.00039171938566403977 -0.0046607889584530165 -0.027975435595350536 -0.027522343596626982 -0.0054710908660538723 0.0031156679446723515 0.038291345505531899 -0.044009537981956622 0.016272736813372973 -0.014064420503137746 -0.037451098644820928 0.05181971346745276 -0.017896362910243935 -0.0036505459154459693 0.03985529113598435 0.022753990625074501 0.016936237583583463 0.016806254290414914 -0.012511007386792818 -0.0011319530052557962 -0.053569143385705287 0.013051103847770744 -0.020892808265594212 -0.0029456384534343166 -0.00093590951907154591 0.0094612497673282545 0.07319855919532349 -0.04264613212092544 0.025878496880800489 -0.0046116552964046232 0.05756745998922333 0.053855208819837755 -0.0093346114084078852 0.029826935771973529 -0.0094925451413249585 0.0024149210241730403 0.0013416876407945438 -0.088431493587369583 0.010122524820519566 -0.038382418833326382 -0.013930951434910367 -0.016239898756983694 -0.0044905137896744758 0.0066946097757962682 -0.01651370073626569 0.0051967166790848817 -0.037292574299938465
leaf_weight=1271.9977267040813 781.07941844547167 408.93565384394606 109.79062082141172 2379.0210947628948 1142.0764115395723 46.342878776718862 33.608364058774896 160.74297202858725 384.44610521993309 3235.822868660427 59.87620083524962 487.85359634779161 371.78251101523347 66.796517161652446 186.13093792716973 8944.3008546527708 3378.6020560411853 152.54556775494711 53.989858169632498 1104.3001857875206 103.6430278478656 43.828353357966989 14.275204290170224 328.77870708529372 322.27181187458336 18.808394483290613 12.328111751470713 103.18800961429952 243.72152559453389 12.704521130770443 29.060958838788792 10.386237069964407 73.523381953826174 203.72000168796512 4690.4217443216912 10.533078526961615 56.621511002536863 15.884956513531504 15.826756000053136 958.2329072089924 918.80374680482782 17.142766928300261 20.081035969487857 38.717585753649473 223.8299694674788 7.7181382356211534 13.185018219053743 425.46911028103204 16.419435379328206 274.30456438392866 83.117882860824466 887.23274475635844 4.2405465920455745 1227.7844997756183 21.65024658292532 72.936012697755359 255.64172927064647 685.98422687826678 2605.5787060207222 85.058930962113664 37.847141943871975 20.28810907388106
leaf_count=56100 3282 17758 18090 82320 6217 2666 230 13693 23073 104497 6925 6739 19865 299 1135 92794 88737 6422 5450 84234 714 187 106 2137 25073 88 140 6575 2516 51 645 34 2324 8257 137943 133 430 101 99 19456 9074 60 230 172 1915 39 178 29440 408 3910 305 14334 73 5218 103 1376 13784 24993 15069 1039 344 302
internal_value=-4.11267e-05 -0.00250338 -0.00686452 0.00453121 -0.00143945 -0.00499485 0.00345889 0.001501 0.00981754 -0.00383829 -0.00313643 0.00300952 -0.00249532 0.00587804 0.0118636 0.000279983 -0.00305591 -0.0161731 -0.00418397 -0.00578296 0.0173261 0.0197837 0.0151134 0.0123628 -0.0171507 0.00448238 0.00649335 -0.00328285 -0.00395216 -0.00149507 -0.00474736 -0.018342 -0.00268017 -0.00133311 -0.00160561 -0.00915397 0.024794 0.0145598 0.00548765 0.00418884 0.00779478 0.0366461 0.00701164 -0.00313716 -0.00774301 -0.000468456 0.0100893 -0.00287099 -0.0135998 -0.00727187 0.00554419 0.0043775 -0.000208083 0.00885369 -0.00601582 -0.0180245 -0.00868685 -0.00609806 0.00594819 -0.00331348 0.0056738 -0.00963125
internal_weight=39970.8 25980.2 5095.09 13990.6 20885.1 4242.89 11631.3 6428.51 2359.37 3874.27 10511.2 5080.41 9499.13 5202.76 1974.93 10373.9 8718.05 852.205 1348.09 1187.35 702.927 599.284 413.153 369.325 368.615 1429.64 1154.4 3764.48 275.234 256.426 1133.36 24.6614 8346.27 4967.67 4894.14 1012.04 90.2299 344.664 2701.39 2213.54 1247.59 32.9695 1214.62 282.629 243.911 965.951 931.989 3661.29 699.66 290.724 5112.53 3779.98 964.409 1332.55 104.768 77.1766 1001.5 745.86 2815.57 209.991 124.932 58.1353
internal_count=969901 622888 214839 347013 408049 186341 263426 224304 83587 158602 306243 120282 260408 39122 60514 101806 257126 28498 104022 90329 4414 3700 2565 2378 27739 9012 6357 140512 2655 2567 84879 140 237261 148524 146200 45835 660 2238 37962 31223 11728 159 11569 2317 2145 19495 9252 133937 22076 4318 38462 32836 15783 5626 408 1449 45702 31918 17053 1984 945 646
is_linear=0
shrinkage=0.05


Tree=50
num_leaves=63
num_cat=0
split_feature=6 1 7 9 6 5 6 12 1 13 5 9 4 2 5 4 7 9 5 7 9 13 3 2 1 6 9 1 3 9 9 7 9 9 12 5 3 6 9 4 0 5 9 13 9 3 2 5 7 3 6 6 5 9 6 0 2 9 12 9 4 2
split_gain=170.018 42.1733 39.2919 31.4511 27.5364 36.5899 26.0684 21.5074 20.7227 17.3336 16.4759 14.1907 13.7144 13.5717 12.5343 15.362 16.1936 15.7608 12.3898 15.0084 14.1217 16.5608 16.6124 14.1656 12.1446 15.5077 13.0329 12.085 11.9913 11.5596 11.4517 11.3571 11.1215 10.9819 10.8581 10.3106 9.67031 9.4055 9.5619 14.2304 11.5917 9.24762 10.1506 8.97016 8.82727 8.8214 10.5446 10.4922 10.9583 9.29544 8.7349 8.62805 9.1817 14.3877 12.9796 9.52176 9.46106 9.0135 11.2466 8.46785 8.34623 8.28822
threshold=0.31563769280910497 0.25974456965923315 0.20509669184684756 0.098035763949155821 0.37711146473884588 1.8688347935676577 0.53976181149482738 0.99983829259872448 0.3843152672052384 0.31531217694282537 2.9174053668975835 0.40054003894329077 0.095312628895044341 0.71005317568779003 3.5408543348312382 0.37692382931709295 0.089220777153968825 0.028990741819143299 2.9174053668975835 0.25062897801399237 0.40549814701080328 0.41769775748252874 7.1895451545715341 0.74533575773239147 0.62213659286499035 0.44622917473316198 0.43331512808799749 0.49855451285839086 5.1789667606353769 0.26332737505435949 0.22734941542148593 0.31710684299469 0.30505323410034185 0.29187391698360449 0.33632682263851171 3.2769666910171513 7.8460030555725107 0.13391261547803882 0.13116636127233508 0.49976402521133428 8.635775566101076 4.1026091575622567 0.018642326816916469 1.2954229712486269 0.33532649278640753 4.2555875778198251 0.63566216826438915 3.4498615264892583 0.27756406366825109 3.6762205362319951 0.47508443892002111 0.13008482009172442 4.5591125488281259 0.078748404979705824 0.096990436315536513 5.2907860279083261 0.68799352645874035 0.044061047956347472 0.76914572715759288 0.41401511430740362 0.33355544507503515 0.49655637145042425
decision_type=2 2 2 2 2 2 2 2 2 2 2 2 2 2 2 2 2 2 2 2 2 2 2 2 2 2 2 2 2 2 2 2 2 2 2 2 2 2 2 2 2 2 2 2 2 2 2 2 2 2 2 2 2 2 2 2 2 2 2 2 2 2
left_child=2 12 14 -4 7 24 9 11 31 44 -8 29 -2 -13 37 16 41 -18 19 30 21 27 23 45 25 26 -6 35 -28 -3 36 34 -11 -14 -5 -20 -10 -1 40 -40 -39 60 -43 -22 -7 47 -47 -23 49 -49 -35 52 53 54 57 -55 -54 58 -17 61 -16 -53
right_child=1 4 3 8 5 6 10 -9 18 32 -12 13 33 -15 15 51 17 -19 20 -21 43 22 -24 -25 -26 -27 28 -29 -30 -31 -32 -33 -34 50 -36 -37 -38 38 39 -41 -42 42 -44 -45 -46 46 -48 48 -50 -51 -52 59 56 55 -56 -57 -58 -59 -60 -61 -62 -63
leaf_value=0.025179606206749534 -0.035434678174178676 -0.031114982353102283 -0.049949016446342871 -0.0036831900888601426 -0.022366754285433749 -0.041357575647885524 -0.029808930870090206 -0.0027669605492897371 0.0065232418014216816 -0.049084252045440202 -0.0087400295782649653 0.0048852699155720949 -0.037448639632060889 0.026792885616772288 0.05731795812688141 0.020521393583791302 -0.048938214389808277 -0.0018700791994239107 0.0060992158286987761 0.0045900676721246847 0.0089201908068129044 0.0021714465382355239 -0.015088692487013847 0.079839423123731282 0.005560924495289046 -0.025622963527636572 -0.0051222972762744448 0.0075988551038349908 -0.014785649674807839 0.00027515923854611859 0.024725869961606656 0.040654503859925695 0.00029440662712070941 -0.0083714808888023847 0.0013223950785662614 -0.0052968220324701018 0.02401663141929784 0.0071931600029459244 0.010978103959566173 0.028692828570086537 -0.04697117528774139 -0.033846502327484977 0.017491112482366285 0.036045629802864035 -0.0054445160634818213 0.0048546515597949671 -0.01042945131575794 -0.06139594457791539 -0.074868825865308256 0.0026576159413967508 -0.022567064814983152 0.013768145275319178 0.0089315663498909913 0.0019978109781926628 -0.010160811653865454 0.032669965814363759 -0.027829046062322161 0.037161360234934646 -0.049292863199426239 0.028360907167586727 -0.026063644231863494 0.0028498103048849813
leaf_weight=112.24963554792339 61.837651538735372 29.528786345050321 28.72922323095554 1415.8649275927746 194.65610466239741 17.273154521972174 112.27970715309493 7489.7709478786855 500.75264895078726 11.437861765996784 534.5950398274872 1048.4661570696626 38.310986637632595 75.80569523666054 20.772834903676998 19.360648685367781 18.294166736130137 639.55142357709701 327.4116233359091 3523.4894020322245 264.04224615171552 35.525588715681806 274.79019245610107 5.4443129599094382 106.47176272934303 182.6888923048391 902.57731354451971 879.39308107807301 498.25751213368494 4333.5692552644468 150.42205670848489 17.353414596000221 3756.1876180323306 859.09857568850566 4613.6488732543366 504.01749171322444 93.799170325510204 826.77358759130584 592.14173486482468 140.21143403835595 9.9972274526953679 11.323614587774498 64.321591892963625 34.455133660929278 1816.4945082629565 436.34151469287463 152.21325576247182 8.2480647785123455 12.117004896514116 18.078892186284065 124.00781593588181 214.12563700185274 257.80755795474397 30.144903863081709 63.088335031818133 157.52516517741606 18.777946229325607 38.535052869468927 8.2168712287675572 39.825743864756078 3.5079828839516258 923.29957330177422
leaf_count=2535 11835 2616 7920 62166 5204 1864 6370 133001 2632 1274 36233 16334 7460 363 983 284 6839 58796 3148 20184 2322 305 3605 17 595 7315 20883 6499 6924 59121 691 856 82758 62532 141730 14577 349 20956 10046 516 69 5143 6680 171 81640 4788 1338 274 283 229 15359 4364 3754 308 854 764 201 220 301 259 315 10188
internal_value=-4.19077e-05 -0.002948 0.0036423 0.0023094 -0.00245426 -0.00473536 -0.00289347 -0.00102466 0.00242256 -0.00179596 -0.012397 0.00135342 -0.0125698 0.00636242 0.00785206 0.00562727 -0.000330282 -0.00317901 0.0042309 0.00595335 0.00174038 0.000580529 -0.00474052 -0.000483464 -0.0108418 -0.011824 -0.010244 0.00351272 -0.00855942 6.27155e-05 0.0124012 0.000263221 0.000144502 -0.0111855 0.000146972 -0.000809133 0.00928308 0.0111977 0.0101975 0.0143696 0.00654604 0.0184238 0.00980619 0.0120512 -0.0057828 -0.00114352 0.000901845 -0.0174179 -0.0355202 -0.0174099 -0.0101621 0.0081768 0.0130926 0.018903 0.00606235 0.0277432 0.00643581 0.0215434 -0.000280142 0.00569873 0.0452714 0.00490524
internal_weight=39699.3 22193.3 17506 13296.1 21110.1 8132.92 6248.27 12977.1 13267.4 5601.39 646.875 5487.37 1083.26 1124.27 4209.85 2528.48 757.772 657.846 7220.54 4268.46 2952.08 2653.58 942.759 667.969 1884.65 1778.18 1595.49 1710.82 1400.83 4363.1 744.974 6046.87 3767.63 1021.42 6029.51 831.429 594.552 1681.37 1569.12 732.353 836.771 99.926 75.6452 298.497 1833.77 662.524 588.555 73.9696 38.444 26.327 983.106 1770.71 593.456 316.871 129.201 187.67 276.586 66.1126 27.5775 1177.25 24.2808 1137.43
internal_count=968140 559681 408459 274084 462495 251060 210139 211435 266164 167536 42603 78434 97186 16697 134375 100253 78756 65635 61412 23856 37556 35063 10839 7234 40921 40326 33011 24224 27807 61737 3672 204752 84032 85351 203896 17725 2981 34122 31587 10562 21025 13121 11823 2493 83504 7217 6126 1091 786 503 77891 21497 6686 2731 1659 1072 3955 805 585 14811 1298 14552
is_linear=0
shrinkage=0.05


Tree=51
num_leaves=63
num_cat=0
split_feature=7 6 4 1 5 6 6 9 4 9 9 5 7 9 3 12 9 7 9 5 7 2 3 3 13 9 5 4 5 2 9 12 4 12 1 7 12 12 13 5 6 3 9 1 3 13 4 6 5 8 6 9 7 12 8 9 5 5 9 7 5 1
split_gain=166.386 50.246 33.8795 33.4442 29.1094 29.0234 25.7359 25.2607 22.8058 22.1789 20.7976 20.5345 15.614 12.6658 13.0938 12.2299 10.095 10.0921 14.3955 11.2354 11.04 10.4592 13.8143 13.1657 9.85192 9.81882 14.2349 11.0067 9.29994 9.27758 9.16665 15.8639 14.8139 10.793 12.63 10.1121 9.94994 9.37939 9.36704 9.07612 9.05131 8.60802 9.73234 9.1815 9.89788 11.3022 13.0111 9.20515 9.16944 8.53275 8.50137 16.123 11.2861 10.391 8.20384 8.09558 8.09219 8.02278 7.88826 9.76913 10.0083 8.95721
threshold=0.29702274501323706 0.37711146473884588 0.36987176537513738 0.62213659286499035 1.8688347935676577 0.50104936957359325 0.2161563262343407 0.24498636275529864 0.42006714642047888 0.33379791676998144 0.50363564491271984 2.8617925643920903 0.44627468287944799 0.43331512808799749 5.1445789337158212 1.0000000180025095e-35 0.5069728195667268 0.089220777153968825 0.028990741819143299 3.5408543348312382 0.14471155405044558 0.46649423241615301 6.8819243907928476 6.8227417469024667 0.14363770186901095 0.36249358952045446 2.2499048709869389 0.6210572123527528 2.9174053668975835 0.14390365779399875 0.2557890266180039 0.61247190833091747 0.37808622419834143 0.10673087462782861 0.46442344784736639 0.26113043725490576 0.15898474305868152 0.074341304600238814 0.28156302869319921 3.4175922870635991 0.59400209784507763 6.6669559478759775 0.15662613511085513 0.6297823190689088 6.9943916797637948 0.28301364183425909 0.45795276761054998 0.25968526303768164 2.6020033359527592 0.449978917837143 0.11376158893108369 0.082432270050048842 0.12556697428226474 0.23116090148687365 0.43092836439609533 0.44434694945812231 1.4978661537170412 2.1383330821990971 0.16464009135961535 0.1848636940121651 3.2384861707687382 0.48921379446983343
decision_type=2 2 2 2 2 2 2 2 2 2 2 2 2 2 2 2 2 2 2 2 2 2 2 2 2 2 2 2 2 2 2 2 2 2 2 2 2 2 2 2 2 2 2 2 2 2 2 2 2 2 2 2 2 2 2 2 2 2 2 2 2 2
left_child=2 7 15 4 12 9 58 -2 29 -6 -7 -12 13 -3 -15 -1 -10 -17 39 20 -20 22 23 -22 -23 26 30 28 -27 -9 31 32 57 37 38 -33 -36 -34 -35 -19 -13 42 -28 44 45 -43 -47 48 -46 54 53 52 -52 -21 -18 -5 -25 -8 -4 60 -60 -61
right_child=1 3 6 55 5 10 25 8 16 -11 11 40 -14 14 -16 17 49 18 19 50 21 24 -24 56 -26 27 41 -29 -30 -31 -32 35 33 34 36 -37 -38 -39 -40 -41 -42 43 -44 -45 47 46 -48 -49 -50 -51 51 -53 -54 -55 -56 -57 -58 -59 59 61 -62 -63
leaf_value=-0.022130076009182414 -0.026137723944307419 -0.021431458736180284 0.0079995068017282237 0.016937607514903402 -0.036249797084917164 -0.041236004021862588 0.015665259315494562 -0.010055034135643993 0.0014640011488402463 -0.0022035135137016475 -0.01997016816843844 -0.0038174536811075967 -0.02491678894665586 -0.004904859758243855 -0.014785353610280339 0.0175369763683439 0.013891410548381809 0.063676315288482374 0.019271060768934877 0.040704544813329281 0.0018538256614106245 0.038126924324545314 -0.011054001544699189 0.088649413332133262 0.0073450907034556942 0.030208029247377217 -0.016412801489623062 0.037391220706545755 0.0060890680472290987 -0.0017119300991496767 0.013355926474910573 0.017252411586150488 -0.0023089685256958668 -0.049538165929718277 -0.025522087499744845 0.0057539043982464061 0.0075615022930055689 0.02473943878291535 -0.013035492688933201 -0.048776596176187736 -0.01488017605916246 0.0069101875810365886 0.0041068698638115578 0.021081670652830016 0.018880833591820745 -0.0017932997303410155 -0.033077601048463093 -0.0065041887647301153 0.00067542544892651695 0.050243523056609611 0.00065902388508394224 -0.0024706243844698971 -0.040493514308701947 0.001367665589554653 -0.034679694271332183 0.0028299523899464486 0.022516322164067584 0.069253883293325214 0.03968686475916712 0.002647450363455978 0.015776685586538327 0.014291642825168189
leaf_weight=54.476055450853892 96.844042366123176 215.53782852753648 1827.3624688303971 126.56959943799302 48.347778971830849 53.226854003529297 41.607857089722529 344.60406453561154 6482.6115821270505 4504.917761984776 351.37535474341712 888.65554466206231 199.48601556615904 935.60362656152574 522.612799798575 98.507756437611533 127.3718702069018 1.9690055260434771 98.483639866637532 23.266958350897767 3321.5263273019809 27.455204484518617 210.65777417633217 5.7799162366427508 488.38593571132515 46.079843271523714 59.397337877206155 38.726182905957103 301.28676033974625 10078.464239998488 466.22850664937869 283.49569598166272 81.917713862843812 19.380367329344153 27.225003315135837 587.33497713203542 137.54654913768172 52.649146011564881 188.65378174977377 20.224493141140556 233.47307089105016 50.765289058093913 2129.0253850015579 41.113785815425217 87.534924736246467 55.111013768764678 83.72973112098407 349.56305165030062 329.56343848007964 15.049509536242111 25.116396962170256 919.83864559012 49.487346920199343 60.28673695542966 9.3304678904823941 517.32662496878766 23.161535030580126 8.3931025583296996 47.341892843134701 308.60480405541603 579.37803092878312 355.30304321204312
leaf_count=10500 12199 6851 19961 604 8045 3704 472 17306 50661 164065 15560 44548 8579 23349 8181 12110 1095 134 3535 1523 113464 227 4410 22 6452 294 1472 115 3074 234589 2694 1510 344 105 114 3462 622 214 1210 6964 18268 816 24509 127 356 806 903 4090 3984 165 2058 84141 12633 4897 69 4216 391 49 186 5491 5565 2076
internal_value=0.000148583 -0.00223728 0.00453306 -0.0053571 -0.00624444 -0.00456541 0.00648814 -0.000673734 -0.000529162 -0.00256503 -0.0105313 -0.00942213 -0.0116941 -0.0101182 -0.00844595 0.00144147 0.00176241 0.0016804 0.00138433 0.00155409 0.00272898 0.00232939 0.00136553 0.0021464 0.00898343 0.0044205 0.0038363 0.0121073 0.00928856 -0.00198777 0.00726853 0.00528134 -0.00130545 -0.00386438 -0.0082457 0.0094972 0.00209514 0.00827369 -0.0164361 -0.0387998 -0.00611919 0.00179534 0.00354993 -0.00205454 -0.00304926 -0.0132781 -0.0206597 -0.00051952 0.00449613 0.0145101 -0.00299669 -0.00428375 -0.0266389 0.0123217 0.0105762 0.00560307 0.0357238 0.0246606 0.0101131 0.0131056 0.0175828 0.00887906
internal_weight=39764.4 25751.4 14012.9 8597.13 7953.24 6080 8584.32 17154.3 17057.4 4553.27 1526.73 1473.5 1873.24 1673.75 1458.22 5428.62 6634.36 5374.15 5275.64 5253.45 4175.45 4076.97 3561.13 3350.47 515.841 5466.33 5080.24 386.093 347.367 10423.1 1894.43 1428.2 557.374 507.373 372.806 870.831 164.772 134.567 208.034 22.1935 1122.13 3185.8 2188.42 997.381 956.267 189.606 138.841 766.661 417.098 151.752 1078 994.442 74.6037 83.5537 136.702 643.896 28.9415 50.001 3117.99 1290.63 626.72 663.908
internal_count=970136 622054 348082 305970 301150 254190 84621 316084 303885 172110 82080 78376 46960 38381 31530 263461 51990 252961 240851 233753 128501 124966 118287 113877 6679 51342 47859 3483 3368 251895 10796 8102 3130 2609 2051 4972 736 558 1315 7098 62816 37063 25981 11082 10955 2525 1709 8430 4340 1329 105252 98832 14691 6420 1164 4820 413 521 33279 13318 5751 7567
is_linear=0
shrinkage=0.05


Tree=52
num_leaves=63
num_cat=0
split_feature=6 7 6 5 9 4 6 1 7 5 2 4 9 9 5 13 12 9 0 2 12 9 12 5 0 2 4 5 1 0 8 6 9 0 0 7 5 9 9 9 7 4 1 9 9 0 13 13 9 5 9 1 4 5 8 9 7 4 0 6 8 12
split_gain=142.091 44.3703 35.4314 28.7774 27.1722 21.7084 19.129 17.8579 17.7456 24.7743 19.2064 19.0883 17.1596 17 12.027 13.5796 10.6003 10.5272 10.3329 10.2241 9.92875 9.87679 10.8296 10.773 11.5032 19.2951 9.87043 9.86758 9.68693 12.0337 11.7881 10.9011 11.6186 9.60278 11.042 9.84285 9.53752 9.43794 9.40777 9.37721 10.0971 9.34157 9.29525 9.24412 9.06621 14.7558 8.89032 13.4397 11.339 11.343 11.1523 10.3029 9.59037 11.7154 10.1484 9.93064 9.44161 9.41452 9.47349 10.2314 10.9296 9.1488
threshold=0.33609920740127569 0.23893107473850253 0.4146538525819779 2.1383330821990971 0.13116636127233508 0.54839965701103222 0.56033393740654003 0.23883192986249926 0.12872852385044101 2.8029010295867924 0.15016964077949527 0.28748559951782232 0.3777622133493424 0.31697301566600805 4.4829866886138925 1.2954229712486269 2.3420201539993291 0.08653349801898004 6.7062506675720224 0.14390365779399875 0.26561735570430761 0.44179719686508184 1.2369585633277895 3.5694335699081425 5.6542406082153329 0.74533575773239147 0.48932887613773351 3.0201274156570439 0.51505503058433544 8.8337740898132342 0.091293361037969603 0.047675048932433135 0.018642326816916469 7.8802359104156503 7.6953027248382577 0.23502396047115329 2.0126758217811589 0.28766645491123205 0.044061047956347472 0.48956896364688879 0.46081715822219854 0.47573676705360418 0.43498201668262487 0.19954100996255877 0.23989140987396243 8.599403381347658 0.23605478554964068 0.34087876975536352 0.33140519261360174 3.9415346384048466 0.094596564769744887 0.65258482098579418 0.56457635760307323 3.3140207529067998 0.23369482159614566 0.12834025174379352 0.14471155405044558 0.51209816336631786 7.7555530071258554 0.16716509312391284 0.077498830854892745 0.10328164324164392
decision_type=2 2 2 2 2 2 2 2 2 2 2 2 2 2 2 2 2 2 2 2 2 2 2 2 2 2 2 2 2 2 2 2 2 2 2 2 2 2 2 2 2 2 2 2 2 2 2 2 2 2 2 2 2 2 2 2 2 2 2 2 2 2
left_child=1 8 5 39 -3 13 12 36 14 10 -10 38 -5 42 15 17 18 -1 19 -15 41 23 -23 26 25 -25 -9 -8 29 31 -30 -16 -33 34 35 -12 37 -6 -11 -4 -41 -19 -2 -38 45 -26 -13 52 49 57 -51 61 53 54 55 -48 -54 58 59 60 -49 -52
right_child=2 4 3 6 7 -7 27 21 9 11 33 46 -14 16 28 -17 -18 20 -20 -21 -22 22 -24 24 44 -27 -28 -29 30 -31 -32 32 -34 -35 -36 -37 43 -39 -40 40 -42 -43 -44 -45 -46 -47 47 48 -50 50 51 -53 56 -55 -56 -57 -58 -59 -60 -61 -62 -63
leaf_value=0.0083923948738866428 -0.029812141461041098 -0.044227000632937524 -0.028542980730447365 -0.036026346235750732 0.0048995074048636652 0.002971382121367746 -0.029919961148285885 0.0013397187700871982 -0.0068775300768392986 -0.043390074301889202 0.01150057992646235 -0.00081985696414714135 -0.0035064680663647466 -0.011952132844880722 0.034180562839249487 0.040585973362332592 -0.0085805247852552297 0.0092667765364677895 -0.0066253355743529059 -0.001330174812914307 0.026591148464690545 0.014640301132118975 -0.0097287740593172065 0.0013949712960335404 -0.016766075636574135 0.064250538912598451 0.0048766701831042761 -0.011138688839032754 0.0044978581384643151 -0.12147582713424313 0.036846250391699198 -0.05388235419596718 0.0019178515501311955 0.027098108104002285 -0.028384258867239817 0.048331150549286522 -0.03179302815263408 -0.012718899052803516 -0.0047764122900821396 -0.010192903714191433 -0.02528616623743625 -0.070141857204121708 -0.00074872590398403964 -0.0087049853396383089 -0.0042869490910422059 -0.12015588805654334 0.005504244426340725 -0.061844244120306591 0.017055103265168122 -0.055238113647686708 0.0077542226954506206 0.031381465411736219 0.060475644642491659 0.0039657608374560642 -0.0055152049009851269 0.022008138119350682 0.017341272781354288 0.012981800453575623 -0.015419174770218229 -3.2568513181001651e-05 0.017398922882683378 -0.0080560595355585306
leaf_weight=283.51102157114656 88.195474452222697 32.728932895261096 114.37596356376889 41.010426648965222 252.54050211585127 2015.9250930675771 85.36408521750127 8742.732268711261 137.05164841096848 16.318578535254346 1121.7251323439414 654.96677355110296 3733.587449584782 231.84886302565428 25.518090456724167 56.400909693562426 663.63415046253067 14.72847443399951 1124.3508433411189 9902.6229379040597 192.11320051416988 266.19468063325621 55.012036370462738 709.55097653830308 89.970247969729826 12.423329343087969 2547.192195995478 386.95777516416274 63.176932818954811 1.9601472713984538 50.815347610041499 9.6294449474371486 298.71083249904041 107.84023485751823 17.09870067279553 18.438457569573075 50.046537846152205 108.74290365539491 472.77244221928413 572.20580794385751 137.4191303345433 4.9477597866207352 39.983177424815949 324.2106558009109 804.44986053009052 3.5886767278425387 134.17775734351017 4.4854175286600357 124.12012626277283 10.520652009494368 117.01325631211512 20.650142749771476 14.129804579541085 750.48941115611524 58.51795705978293 284.21719366614707 124.19204973406158 252.01399413472973 72.493818095885217 453.74732813384617 145.53622629516758 419.66992008069064
leaf_count=12450 11546 7372 4155 6272 9489 10504 5522 149125 8807 5331 12149 15881 144184 11900 2999 1449 23058 679 21621 201136 2467 3134 1180 29320 2730 55 12623 30563 468 16 245 4035 15353 427 135 112 5960 5286 52820 18346 6113 40 883 34566 19526 57 2801 147 1390 1526 1032 49 55 20447 873 3023 498 1076 739 9824 2976 11847
internal_value=-2.31525e-05 0.00286576 -0.00312274 -0.00670595 0.00127789 -0.00183101 -0.00504682 0.00138452 0.00626799 0.00515929 0.0109018 0.0032097 -0.00385979 -0.00263439 0.0123923 0.0173398 -0.00243967 0.0146927 -0.0020777 -0.00157318 0.0231265 0.00180607 0.0104667 0.00159059 -0.00222242 0.00247655 0.00213771 -0.0145331 0.00632411 0.00204914 0.0189181 0.00277438 0.000175215 0.0128279 0.0114981 0.0120962 -0.00619836 -0.000403467 -0.00606476 -0.0152571 -0.0131157 -0.0107012 -0.0207463 -0.0117924 -0.00600026 -0.0207318 0.00445554 0.00561269 0.00253296 0.00132819 -0.00423815 -0.00327543 0.00926638 0.00785982 0.0139877 0.0167154 0.0217475 0.00473329 0.00165942 0.00371003 0.0150297 -0.00460894
internal_weight=39670.6 20533.1 19137.5 5070.92 13999.4 14066.6 4246.92 13966.7 6533.7 5532.19 1402.15 4130.03 3774.6 12050.6 1001.51 551.701 11922.5 495.3 11258.8 10134.5 211.789 13231.1 321.207 12909.9 1619.98 721.974 11289.9 472.322 449.811 335.819 113.992 333.858 308.34 1265.1 1157.26 1140.16 735.541 361.283 489.091 824.001 709.625 19.6762 128.179 374.257 898.009 93.5589 3640.94 2985.98 1620.25 1496.13 567.854 557.333 1365.72 1227.4 476.913 418.395 138.322 928.277 676.263 603.769 150.022 536.683
internal_count=970392 474589 495803 215155 280423 280648 186541 273051 194166 153965 21630 132335 150456 270144 40201 17085 257715 15636 234657 213036 3186 217750 4314 213436 51688 29375 161748 36085 23116 22403 713 22387 19388 12823 12396 12261 55301 14775 58151 28614 24459 719 12429 40526 22313 2787 74184 58303 30606 29216 14454 12928 27697 27144 6697 5824 553 14762 13686 12947 3123 12879
is_linear=0
shrinkage=0.05


Tree=53
num_leaves=63
num_cat=0
split_feature=6 6 9 6 5 9 4 6 9 1 5 9 5 6 9 9 0 1 1 4 10 9 7 5 10 0 1 10 5 6 9 13 5 9 7 3 12 5 10 10 3 10 10 4 12 12 9 13 13 10 9 6 13 13 1 12 10 9 10 6 13 4
split_gain=159.633 34.6136 36.4372 28.9878 31.2516 20.7729 20.4009 18.8376 17.8299 16.6752 16.1679 14.6194 13.3377 15.6422 12.708 12.6705 11.6999 11.3489 10.2819 11.6473 10.0701 9.84709 10.6954 9.47311 9.3787 12.8924 8.93176 8.80501 8.70176 13.4364 10.82 9.0593 8.71541 20.6109 10.601 8.59362 10.5335 8.78299 8.57032 8.56806 15.5389 16.552 17.4062 11.9636 11.1776 10.2184 9.01031 10.0531 9.30674 9.35416 8.69612 8.55613 8.5467 16.9212 10.1954 8.28119 9.36338 9.19903 13.1255 12.3809 9.04583 11.0108
threshold=0.3357179611921311 0.25249001383781439 0.16940409690141681 0.4146538525819779 2.1383330821990971 0.3186356127262116 0.3937548696994782 0.54885500669479381 0.3777622133493424 0.55214822292327892 2.1383330821990971 0.50363564491271984 2.8617925643920903 0.16388350725173953 0.19217444956302646 0.34230823814868933 6.6457407474517831 0.34100976586341863 0.6297823190689088 0.49976402521133428 1.0000000180025095e-35 0.48103672266006475 0.48638045787811285 3.1984648704528813 12.00268602371216 1.8688347935676577 0.32216286659240728 12.130815505981447 4.4829866886138925 0.12253307178616525 0.21800297498703006 1.2954229712486269 3.4811217784881596 0.078748404979705824 0.14471155405044558 7.7566232681274423 0.16280217468738559 5.0906732082366952 9.2310247421264666 11.358625411987306 1.8688347935676577 11.63736152648926 11.725808620452883 0.61066952347755443 0.51320025324821483 0.86489665508270275 0.20400134474039081 0.30956567823886877 0.27558958530426031 11.535933971405031 0.28051759302616125 0.31404413282871252 1.3907248973846438 0.41880123317241674 0.63244789838790905 1.0914794802665713 12.41173839569092 0.26301880180835729 12.657095909118654 0.27407647669315344 0.19687554985284808 0.50957199931144725
decision_type=2 2 2 2 2 2 2 2 2 2 2 2 2 2 2 2 2 2 2 2 2 2 2 2 2 2 2 2 2 2 2 2 2 2 2 2 2 2 2 2 2 2 2 2 2 2 2 2 2 2 2 2 2 2 2 2 2 2 2 2 2 2
left_child=1 6 -3 5 21 18 20 8 -6 16 17 14 -8 -14 -12 24 27 -4 19 -2 -1 -5 -23 -9 25 -15 -16 -7 29 31 32 -22 34 -34 -31 37 -37 -28 -10 -19 -41 44 45 55 -42 50 -46 48 49 -48 -43 -47 53 -27 -55 -44 60 58 59 -58 -57 -62
right_child=3 2 10 4 7 9 12 23 38 -11 11 -13 13 15 26 -17 -18 39 -20 -21 28 22 -24 -25 -26 52 35 -29 -30 30 -32 -33 33 -35 -36 36 -38 -39 -40 40 41 42 43 -45 46 51 47 -49 -50 -51 -52 -53 -54 54 -56 56 57 -59 -60 -61 61 -63
leaf_value=-0.025363980008685633 -0.022999909318654338 -0.037008857850792456 0.0010307902863267982 -0.029750538431731047 -0.037067646255676941 -0.0014313229250004034 0.012762644854022606 -0.023452569350977587 0.0028353480399268207 0.0024232076216208782 -0.026740544403562508 0.016869683941598927 0.011098944170573511 0.042224455059784685 -0.0048805225266271507 0.016189979930331597 -0.0069896054312563634 0.0078374601645399902 -0.088672894652875159 0.0062277529239490523 0.012820023236001619 -0.011555316353016966 -0.034783839341506577 -0.009116458391154705 -0.0072194024442763533 0.0057657171128263187 0.0013583743210736484 -0.0055620386076876312 -0.0050747598025017516 0.01922626116902509 0.0095826730967906865 0.047469627578319649 -0.033118962216498612 -0.00063677155828862611 0.0024514900311169673 0.0086249718131186821 -0.010894878472874243 -0.02389462809251457 -0.0040520035928264834 -0.020641492530370578 -0.028538536320385867 0.014709415882101612 0.013462308793626258 0.062981526096409557 -0.037762953153204319 0.034526008278832454 0.00094884648723316206 -0.033118347248235078 0.0054191861843834819 -0.036315126992693687 -0.026767668096135136 0.013372850352243946 0.014719388762396085 -0.0067153716877942056 0.031622685027706925 -0.014499987301642946 -0.0071104357172648534 0.00033499474523641113 -0.0024297598733311566 0.054007772909406004 -0.0029126046796476984 0.022160525411740618
leaf_weight=31.209356449311599 148.61693206101336 61.247047514669248 2621.9235005915107 104.79732658760622 38.907574845114141 9666.2335820267908 1094.0887275105342 161.55915345181711 529.71388926004875 1989.5126190839801 46.089294510602485 122.44561280496418 1163.8230847821687 21.713595643697772 921.06968867019168 192.50313223316334 1303.0163037564635 1749.9458854761906 5.0351350707933298 44.230385602277238 177.61688126600347 650.98397447637399 53.638782830123091 401.84398947215232 210.67110707698157 1132.8317834222398 4266.1055665781023 1488.7858302162131 294.42396309631295 99.074914713040926 531.24143093367456 21.105770086229313 54.077155052655144 503.95237058703788 1907.6259605899686 89.040932411560789 308.81291920202784 34.711679914733395 3066.1879498006601 67.928807464195415 42.318728422746062 35.501625656615943 153.81207785010338 8.4204954206943494 16.534273117780685 99.617325990926474 39.681996954604983 21.821226511150599 314.45825258258265 29.257947724778205 19.621687781997025 91.910040099639446 154.04308578732889 476.47616703702079 17.996445924043655 129.09497516253032 10.774900071322916 101.48263360233977 30.170854251366109 35.87388798315078 268.79481769935228 52.307770315092057
leaf_count=7638 13325 9870 59498 3978 6106 200524 5378 10660 7593 9672 3320 1739 11139 469 59078 1423 26255 11369 34 501 10644 21922 2584 32605 3311 11884 73454 40010 42966 2955 22389 668 10008 35175 56463 517 4343 1280 129447 1008 286 167 902 26 106 439 384 133 1739 210 115 455 824 5837 57 1450 48 827 218 171 1715 193
internal_value=2.46172e-05 0.00318425 0.00145646 -0.00317074 -0.00645469 -0.00204787 0.00570415 -0.00472031 -0.00340169 -0.00182749 0.00165731 -0.000223399 0.00796605 0.00640883 -0.000592801 0.00393473 -0.00250631 0.00348959 -0.018138 -0.0162964 0.00291504 -0.0154504 -0.0133236 -0.0132274 0.00276318 0.00392956 -0.000378355 -0.00198262 0.00316094 0.00389691 0.00308795 0.0165001 0.00174267 -0.00378453 0.00327969 0.000504194 -0.00652628 0.00115456 -0.00303742 0.00543178 0.00274932 0.00380756 0.00731881 0.00370156 -0.00404145 0.0189153 -0.00158342 -0.000107174 0.00177167 -0.0148659 -5.47618e-05 0.024375 0.00346277 0.0023972 -0.00532005 0.00306349 0.000518603 0.010216 0.0232694 0.0398907 -0.0033221 0.00117182
internal_weight=39528.3 19875.3 11790.8 19653.1 5007.63 14645.4 8084.47 4198.21 3634.81 14447.5 11729.5 5788.28 4464.15 3370.06 5665.83 2206.24 12458 5941.25 197.882 192.847 3620.33 809.42 704.623 563.403 2013.73 1803.06 5619.74 11155 3589.12 3294.69 3095.97 198.723 2564.73 558.03 2006.7 4698.67 397.854 4300.82 3595.9 3319.33 1569.38 1501.46 1037.38 790.732 464.072 246.651 421.754 405.219 383.398 68.9399 55.1233 191.527 1781.35 1627.3 494.473 782.312 628.5 178.302 76.8196 46.6488 450.198 321.103
internal_count=969504 464288 235060 505216 214895 290321 229228 186411 143146 276461 225190 143731 40322 34944 141992 23805 266789 81459 13860 13826 188906 28484 24506 43265 22382 19071 138672 240534 181268 138302 126990 11312 104601 45183 59418 79594 4860 74734 137040 21961 10592 9584 6726 5550 2858 1176 2572 2466 2333 594 282 894 18602 17778 5894 5524 4622 1264 437 219 3358 1908
is_linear=0
shrinkage=0.05


Tree=54
num_leaves=63
num_cat=0
split_feature=7 6 7 9 9 9 4 5 10 10 4 7 10 4 7 5 5 13 3 9 1 6 9 6 10 0 12 2 9 5 6 9 9 1 7 3 0 9 2 9 4 1 9 7 1 13 4 6 5 1 5 1 0 3 5 7 9 6 10 3 3 10
split_gain=152.898 37.1271 32.0321 26.5663 21.3481 20.3224 19.9976 21.6115 19.8094 17.3825 17.08 16.4154 14.7646 12.9359 12.1829 21.5886 14.8114 16.1882 15.4712 12.1318 12.0128 11.7329 11.5175 14.653 12.8523 11.2456 10.7103 10.4668 10.2933 11.0649 14.1008 11.8336 10.2194 9.82591 23.2043 9.42752 12.3549 11.3105 9.02303 17.2293 8.65854 8.91533 8.52478 8.27511 8.23587 8.16258 7.89775 7.76497 7.65609 8.17365 7.48826 7.38766 7.24968 8.6313 7.88831 7.05511 9.19369 7.7377 7.04304 7.07546 7.03659 7.0136
threshold=0.29702274501323706 0.37065578997135168 0.1872346177697182 0.37809175252914434 0.078748404979705824 0.22328060120344165 0.55275359749794017 2.4414010047912602 12.199974060058596 1.0000000180025095e-35 0.38669966161251074 0.23893107473850253 8.8223190307617205 0.30077071487903601 0.50120311975479137 2.7403194904327397 1.8688347935676577 0.46779036521911627 5.1957268714904794 0.50363564491271984 0.34313996136188513 0.40200768411159521 0.018642326816916469 0.082435581833124175 9.6964015960693377 8.599403381347658 0.050942661240696914 0.14390365779399875 0.15933437645435336 4.4829866886138925 0.13718584924936297 0.07028070837259294 0.044061047956347472 0.56234845519065868 0.14471155405044558 4.863673448562623 4.8559212684631357 0.37809175252914434 0.70330616831779491 0.29702013731002813 0.3937548696994782 0.38662658631801611 0.19400765746831897 0.23282893747091296 0.49149402976036077 0.41274994611740118 0.10774196684360506 0.61218437552452099 4.7140145301818857 0.44592380523681646 3.1984648704528813 0.63244789838790905 7.8802359104156503 7.8460030555725107 3.6242519617080693 0.23893107473850253 0.17925535887479785 0.2709635347127915 8.7296881675720233 2.3502402305603032 6.6669559478759775 12.435929775238039
decision_type=2 2 2 2 2 2 2 2 2 2 2 2 2 2 2 2 2 2 2 2 2 2 2 2 2 2 2 2 2 2 2 2 2 2 2 2 2 2 2 2 2 2 2 2 2 2 2 2 2 2 2 2 2 2 2 2 2 2 2 2 2 2
left_child=2 5 22 20 -4 -2 7 11 9 -5 27 25 -11 -9 16 -16 17 21 -18 -17 -3 -14 24 -24 -1 43 -8 -7 29 30 -25 44 -32 40 45 36 42 -37 55 -40 41 -33 -13 -6 -31 -35 -29 -21 49 -30 -34 -22 53 -52 -54 57 -57 -15 59 -48 -23 -51
right_child=1 3 4 8 6 10 26 13 -10 12 -12 35 14 38 15 19 18 -19 -20 47 51 60 23 28 -26 -27 -28 46 48 31 32 33 50 34 -36 37 -38 -39 39 -41 -42 -43 -44 -45 -46 -47 58 -49 -50 61 52 -53 54 -55 -56 56 -58 -59 -60 -61 -62 -63
leaf_value=0.021576255010239132 -0.032683665762785745 -0.030024817832090385 -0.045541295341699345 -0.041504176408569148 0.010250612935596199 -0.011001454070544925 -0.015601102693681229 -0.0058809540927884513 -0.011852676462724117 0.005344752488872292 0.0010038674198926713 -0.0052989749723163209 -0.0013661274522045275 0.0037029812077713862 -0.0214056284428089 -0.036464474012394818 0.0023721656067171239 -0.016867303772354045 -0.0037092083974259327 -0.002690032599111884 -0.013134548821527049 -0.0089112865362699113 0.022525653769035762 0.01424988658417267 -0.044909846759569022 0.059597553752848934 0.0098538702566066047 -0.032381547248014418 0.0095731720919736592 -0.02304121941333093 -0.028672223194537268 -0.0037639354566659103 0.010194798100947575 0.022552832345873207 -0.088164258445462981 0.0056229845807771479 -0.069096636659637764 0.055546629011841209 -0.032559251073415701 0.018376402507340097 0.01064010372270424 -0.059226408021141631 0.0029896162333431665 0.038658496135640194 -0.10881158568772829 -0.037166529643815678 0.0034774041543824638 -0.01501035970389999 0.0042058788912468477 0.018629534065093652 0.002390434640071713 0.030036953526773293 0.00089916673545465677 0.045029962671541988 -0.044653051729119118 -0.02220193976480293 -8.2476608796540972e-05 -0.075689730493006785 -0.0023423633871283915 -0.015465943221464743 -0.02842090917657436 0.051701190515591501
leaf_weight=11.246652297384573 50.160899128313758 133.46629944434244 22.742550965267583 30.122999055995024 519.74190697108861 330.3191277152946 42.819775965064764 804.00955915029044 796.89728455182922 450.52365972247208 7202.2919140848971 394.74545747315278 928.82622076669941 1913.9602326672757 253.83070677868091 30.276558091631159 1622.8823229839618 334.07452854514122 2941.2368706229463 935.20245103441994 222.71720730306697 413.40336600865703 184.43898134553456 542.35794944062945 20.550887473655166 12.509674011729656 1182.501655816799 21.243058776293765 368.58129975441261 29.299436563087511 22.75816734986438 72.144364881154615 450.77429556602146 16.341800951398913 10.074087313376365 2036.0477113410889 6.269052190706133 11.408647987758739 51.24647512822412 24.558204513508826 167.71683658612892 8.0546263803262246 1448.6408211283269 26.965156175894663 3.0944110804703078 8.8047137656249088 835.58233700756682 148.14901942509459 223.14620865267352 340.20811675209552 654.59919914611964 10.370960975531487 21.614712438778952 12.087537448969668 16.962240854511037 48.005432148114778 2191.7214301655185 3.0738832843489936 7715.3893985803879 52.382715530809946 52.034631362126675 16.824094826355577
leaf_count=1901 8752 15185 7400 4036 8413 16635 189 69297 43381 2860 64127 11786 17400 38531 11575 2037 71203 6390 73726 45351 5118 13950 6724 16070 7878 36 4972 3316 11414 5631 3182 9473 9572 72 82 16634 46 79 523 173 2327 390 31386 182 112 76 4687 11949 7138 1933 23263 65 153 137 298 3233 47535 66 197146 1970 1038 84
internal_value=-5.1608e-05 -0.00235268 0.00415875 -0.00487018 0.0028503 -0.000907483 0.00295298 0.00217705 -0.0043291 -0.0035926 -0.000808832 0.0047133 -0.00345179 -6.7006e-05 -0.00396917 -0.00824663 -0.0030396 -0.00698165 -0.00154683 -0.00524728 -0.018063 -0.00461299 0.00854833 0.00884869 -0.021394 0.0127243 0.00896433 -0.00226676 0.00800373 0.00599991 0.00757786 -0.00260746 0.00450809 0.00066777 -0.0240445 0.00356375 0.000976378 0.00590116 0.0010374 -0.0160578 0.00417856 -0.0093342 0.00121469 0.0116518 -0.0312344 0.0016429 -0.00193222 -0.00437485 0.0123053 0.0147961 0.00516129 -0.0112137 0.00194409 0.00316352 -0.0191301 0.00134916 -0.000556577 0.00357568 -0.00185704 0.0023599 -0.0110924 0.0201879
internal_weight=39454 25511.4 13942.6 9304.02 10741 16207.4 10718.2 9492.9 8937.46 8140.56 16157.2 4456.33 8110.44 5036.58 7659.92 1367.46 6292.46 1728.34 4564.12 1113.63 366.554 1394.26 3201.68 3169.88 31.7975 559.217 1225.32 8954.92 2985.44 2036.68 1721.15 315.53 1178.8 283.136 35.2206 3897.11 1849.66 2047.46 4232.57 75.8047 247.916 80.199 1843.39 546.707 32.3938 25.1465 8624.6 1083.35 948.76 725.614 1156.04 233.088 705.264 666.687 38.577 4156.76 2239.73 1917.03 8603.35 887.965 465.438 357.032
internal_count=970288 621897 348391 325264 240481 296633 233081 227920 304896 261515 287881 68562 257479 159358 254619 70912 183707 38778 144929 59337 20368 32388 107910 98131 9779 8631 5161 223754 91407 70838 52675 18163 36605 12420 230 59931 43218 16713 90061 696 12190 9863 43172 8595 5743 148 207119 57300 20569 13431 33423 5183 23851 23400 451 89365 50768 38597 203803 6657 14988 2017
is_linear=0
shrinkage=0.05


Tree=55
num_leaves=63
num_cat=0
split_feature=6 6 9 9 1 10 6 5 1 4 6 5 4 6 5 9 9 12 5 9 9 8 3 5 3 1 13 3 4 3 4 8 0 2 13 2 1 5 8 5 3 2 1 0 3 9 5 8 3 3 0 13 1 12 6 9 10 0 3 6 12 10
split_gain=134.532 34.7007 33.7251 31.5889 28.3101 17.3265 15.7448 15.0777 16.0521 14.9171 13.4788 12.8698 15.3733 12.8526 12.5112 12.4297 11.895 11.7116 10.7232 10.6041 10.5128 16.2243 10.7493 10.307 13.1482 11.5983 10.1928 10.1424 9.61362 17.2309 12.1714 10.2193 9.77513 9.13805 8.87874 9.52631 8.68271 8.58664 8.77127 8.73984 8.69294 8.47739 8.35283 8.31939 11.0338 8.26287 10.8325 8.25995 8.92469 8.09828 8.0761 7.91812 7.9142 9.54796 7.70297 24.2267 9.26021 9.01382 9.01311 8.14395 8.26658 7.69351
threshold=0.3357179611921311 0.25249001383781439 0.3186356127262116 0.17542195320129397 0.33608491718769079 12.062208175659181 0.47045868635177618 1.7005987167358401 0.28342764079570776 0.26814158260822302 0.40200768411159521 0.89587974548339855 0.59411728382110607 0.13008482009172442 2.8029010295867924 0.44179719686508184 0.34015272557735449 0.66352757811546337 2.6735538244247441 0.53171762824058544 0.21800297498703006 0.20224847644567492 2.8617925643920903 4.5163240432739267 7.4112541675567636 0.56234845519065868 0.31531217694282537 5.6987686157226571 0.57175534963607799 8.054997920989992 0.56064805388450634 0.33539009094238287 7.0250937938690194 0.65137687325477611 1.2954229712486269 0.65137687325477611 0.072359357029199614 4.6491756439208993 0.42742840945720678 2.6020033359527592 7.2892689704895028 0.65893816947937023 0.42028005421161657 5.2755572795867929 5.4315338134765634 0.43061585724353796 3.6762205362319951 0.26575081050395971 6.8464114665985116 3.0201274156570439 6.08107614517212 0.28582702577114111 0.58438140153884899 0.82596629858016979 0.17203862965106967 0.094596564769744887 11.923470973968508 6.0075833797454843 6.0294818878173837 0.18078651279211047 0.3705324530601502 9.9924821853637713
decision_type=2 2 2 2 2 2 2 2 2 2 2 2 2 2 2 2 2 2 2 2 2 2 2 2 2 2 2 2 2 2 2 2 2 2 2 2 2 2 2 2 2 2 2 2 2 2 2 2 2 2 2 2 2 2 2 2 2 2 2 2 2 2
left_child=1 9 -2 -3 6 10 36 34 -9 18 11 17 -13 -11 20 23 54 -6 -1 -7 21 22 -15 28 -25 -26 -12 -22 29 30 31 -10 -32 -30 35 -5 -4 39 40 -28 -39 -35 -18 -43 -45 46 -14 -37 52 -24 -29 -48 -49 -54 -16 59 57 -57 -59 60 -56 -31
right_child=2 3 4 7 5 19 -8 8 15 13 26 12 45 14 16 -17 42 -19 -20 -21 27 -23 49 24 25 -27 37 50 33 61 32 -33 -34 41 -36 47 -38 38 -40 -41 -42 43 -44 44 -46 -47 51 48 -50 -51 -52 -53 53 -55 55 56 -58 58 -60 -61 -62 -63
leaf_value=0.0072894926057410214 -0.023122295748845841 -0.032805075737841111 -0.039538700459043327 0.0028969279446448698 -0.012186914225985661 -0.0047978353359533496 -0.017758492181652662 -0.0072613306970040177 -0.0002762183194549227 0.011894589808424484 -0.007816167232382808 0.0005110622732676011 0.010414269516334781 -0.0014293692899533458 0.0067557130455846636 0.010580241713032306 -0.0070434504820279234 -0.0014906197980358686 -0.0047014589098630672 -0.015131950599467243 0.007673913684369863 0.0023402859176593432 0.061734724012211951 -0.00682068730252004 -0.016614982259473162 -0.099823537114294508 -0.0062342748787032783 0.042175498768823982 0.013759594224314718 0.012124800784354042 -0.02428548740574149 0.0052566362554766792 0.014197070581538776 -0.039164424475516782 0.019507191184410289 0.041013947661450618 -0.0057624571879249823 -0.050846674484210985 -0.005674576721957883 -0.00035563122740478968 0.018876040655429843 0.017586534463331225 0.017962005845891481 -0.043682584158972027 0.0011946746250765449 0.017882929978391467 0.026955002986211847 0.013054955058827759 0.037418890388146442 0.014144169118018045 0.018378753840800958 -0.013463048620844111 -0.043608632846055415 0.006844539067261993 -0.074827151171590625 0.006478642985234347 -0.0038607590571767356 -0.048667298335625934 0.00070916743228331247 -0.055294102935540539 0.0037759547088734263 -0.018620027800304136
leaf_weight=276.57292548962869 204.22990849089547 67.871087521620211 19.183127826974669 4159.1925373851554 269.73688418968231 1690.7834205758409 326.11791836719203 689.38149293584866 4025.926078203076 874.87199348947615 1091.8113604943501 4317.9628405501717 268.75824293820187 120.92116274818545 1110.7322613797442 307.14966252795421 39.288799771573395 4992.9657531910925 572.16059512541688 290.95545523997862 182.63826934905956 890.588551017805 9.0659378529526276 201.33497396466555 9.7045327024534362 7.367151452228426 849.94216805550968 46.771939286030829 257.71380852069706 23.195483797229826 81.869858960155398 1052.8169827738893 20.66778782941401 12.418335980270056 87.107844982063398 25.484346624463797 2339.2289990590216 26.077769381459806 53.902582958922721 2468.522258102661 5.3954682463081545 75.320761215407401 222.69179652514867 14.464136030524967 258.10659520630725 186.93100504344329 13.894242581911383 90.745345211122185 25.358260767534375 638.66849897825159 149.99002510821447 94.756336182821542 15.951529592275618 22.752285197377205 4.1960021674167391 1314.1911856357474 486.05634025088511 9.3246366041712445 1045.2622943116585 23.248196354266838 16.49125829472905 165.75045573315583
leaf_count=9667 17348 10606 3695 55816 4290 42999 36636 50551 75258 20665 49393 71688 1049 5925 24929 3892 2012 65853 79556 17582 2800 12230 103 7799 713 57 20041 234 1037 262 516 22530 75 73 911 91 114463 642 2200 56189 138 317 1435 81 1109 818 93 389 114 4084 727 513 55 82 290 32200 13575 116 13603 4427 880 2478
internal_value=3.33994e-05 0.00294456 -0.00291062 0.00120688 -0.00269682 -0.00192739 -0.0074611 0.00140537 -5.94144e-06 0.00547474 -0.00133348 -0.00032356 0.00152538 0.00621524 0.00542783 0.000761925 0.00388974 -0.00203885 -0.000794022 -0.00631507 0.00865051 0.00693358 0.0122555 0.000276044 -0.010393 -0.052523 -0.00361248 0.0161592 0.000665171 -1.44544e-05 0.000526398 0.000870735 -0.0165288 0.00657068 0.00370194 0.00338468 -0.00603719 -0.00226411 -0.0179207 -0.0018613 -0.0388941 0.00142876 0.014212 0.00287778 -0.00118677 0.00928626 0.00502832 0.0146367 0.0102945 0.0148103 0.0240354 -0.00829439 0.00498096 -0.0139494 0.00321528 0.00185868 0.00242574 0.00371569 0.000272582 -0.0349875 -0.0121671 -0.0148457
internal_weight=39242.5 19731.4 19511.2 11697.7 19306.9 16622.4 2684.53 11629.8 7203.19 8033.73 14640.7 10145 4882.3 7185 6310.13 6513.81 4271.48 5262.7 848.734 1981.74 2038.64 1659.24 768.656 6206.66 218.407 17.0717 4495.65 379.4 5988.25 5370.23 5181.28 5078.74 102.538 618.024 4426.59 4339.48 2358.41 3403.84 85.3758 3318.46 31.4732 360.31 261.981 347.891 272.571 564.34 377.409 180.292 154.807 647.734 196.762 108.651 129.449 38.7038 4009.5 2898.77 2854.83 2368.78 1054.59 43.9355 20.6873 188.946
internal_count=969900 464270 505630 234812 488282 333488 154794 224206 166748 229458 272907 144304 74161 140235 119570 116197 93467 70143 89223 60581 26103 22342 10112 112305 8569 770 128603 3761 103736 101119 98379 97788 591 2617 57458 56547 118158 79210 2980 76230 780 1580 3447 1507 1190 2473 1655 731 640 4187 961 606 526 137 90020 65091 59494 45919 13719 5597 1170 2740
is_linear=0
shrinkage=0.05


Tree=56
num_leaves=63
num_cat=0
split_feature=7 7 5 9 4 7 5 7 9 4 7 4 5 4 4 9 10 13 9 12 5 13 12 8 13 5 12 2 5 8 9 2 2 13 4 10 12 0 2 2 5 4 9 8 3 8 3 0 13 5 5 5 12 0 0 10 2 13 2 2 4 10
split_gain=143.348 38.1652 34.2222 33.137 19.8071 19.7939 21.5358 15.9177 15.8627 15.3164 12.4346 11.9746 11.5253 16.8314 12.0428 10.8539 10.4367 10.7292 10.2204 10.8027 10.1367 10.3028 10.7865 9.48265 9.24074 9.04388 9.56655 8.97425 9.92322 9.60708 8.8994 9.20334 8.85944 11.7336 8.89771 8.67519 8.52604 11.5434 8.46391 8.40773 8.39577 8.36533 8.51203 13.814 8.27758 8.24834 10.712 8.15868 10.6575 8.59899 8.92826 8.1844 8.11707 8.05026 15.5576 7.92412 9.44665 8.64829 8.82637 8.43246 10.5486 7.57811
threshold=0.2819961160421372 0.37707960605621343 1.8688347935676577 0.23435231298208239 0.28497314453125006 0.48042127490043646 2.5249279737472539 0.17072947323322299 0.54099115729331981 0.42332686483860021 0.59210664033889782 0.53870505094528209 4.3107767105102548 0.48932887613773351 0.60228624939918529 0.2727614045143128 10.878688335418703 0.40958805382251745 0.28051759302616125 0.096319317817688002 3.3140207529067998 1.1811852455139162 0.44246275722980505 0.47583316266536718 0.25943198800086981 2.6735538244247441 5.8360764980316171 0.58719706535339367 3.0201274156570439 0.1964862868189812 0.098035763949155821 0.41206875443458563 0.62423995137214672 0.23534385859966281 0.48242683708667761 9.3032836914062518 0.079371079802513136 7.7863438129425058 0.47982618212699896 0.6193075180053712 1.2424533367156985 0.42436505854129797 0.5069728195667268 0.449978917837143 5.349482774734498 0.29280105233192449 8.3297462463378924 5.1619205474853525 0.27558958530426031 3.6762205362319951 5.3156630992889413 3.5408543348312382 0.69795650243759166 8.5394430160522479 7.7863438129425058 11.675503253936769 0.50084221363067638 0.5012301802635194 0.59263893961906444 0.44645428657531744 0.3833122998476029 10.162673473358156
decision_type=2 2 2 2 2 2 2 2 2 2 2 2 2 2 2 2 2 2 2 2 2 2 2 2 2 2 2 2 2 2 2 2 2 2 2 2 2 2 2 2 2 2 2 2 2 2 2 2 2 2 2 2 2 2 2 2 2 2 2 2 2 2
left_child=4 3 23 -2 25 11 -7 53 61 18 -10 -4 13 20 -14 -15 17 -13 45 -20 21 22 27 40 -17 26 -1 -9 -29 -30 -22 -32 34 -34 39 -23 -26 -38 -19 -24 44 -11 47 -44 -3 46 -5 -43 -49 51 -51 -50 -36 54 -6 57 -57 58 -21 -59 -61 -8
right_child=1 2 5 9 7 6 8 12 10 41 -12 16 14 15 -16 24 -18 38 19 55 30 35 32 -25 36 -27 -28 28 29 -31 31 -33 33 -35 52 -37 37 -39 -40 -41 -42 42 43 -45 -46 -47 -48 48 49 50 -52 -53 -54 -55 -56 56 -58 59 -60 60 -62 -63
leaf_value=0.0047024296056445737 -0.025459872382990419 -0.0091191895378538602 -0.0027468189479195144 -0.0027677967573472208 0.0098330139162872334 -0.023046105758182608 -0.031020826086718314 -0.0022941234183227201 -0.0017550807792287148 0.010451747548960902 -0.013628423117134284 0.026589953317233274 -0.0042911184858779282 0.0071557646620571489 0.01289802563068989 0.032661998773996295 -0.0022743813382135199 0.027597104391681906 -0.012147019671126575 -0.0001022915866866608 -0.045037192647213696 0.018495692863919996 0.0063029154553883556 -0.02117254236834119 0.037156463317125105 -0.0039422307377669601 -0.040054762697487249 0.024429067804478642 0.022812703433567175 -0.05888113628592774 0.0068272005988176138 -0.0029682066261335852 0.019932484217870989 -0.026389795339669099 -0.060637700456843469 -0.0067146532353338411 0.014479506037610296 -0.011046971487859582 0.0036302226159547063 0.05035954337477011 -0.0052037258622378976 0.0029726203808666052 0.0077720045291289315 0.059007550632558074 -0.018737715142661888 0.0034559322789261453 -0.063238319230620968 -0.0060952774685250968 0.0011184511691538532 -0.0043418082853770232 -0.078147195938286049 0.014835498890857125 -0.0059535380452432046 0.023358911515585508 -0.011670822368508922 -0.0033127036368142113 -0.014190686986257507 -0.0092249703859692434 -0.018884139245718301 -0.0085916492269845057 0.014749451628150868 -0.011399060194283474
leaf_weight=645.47161662919098 133.20885823099525 681.78405974482303 3070.03141119668 567.79172221904446 1850.748908747948 188.79862203547964 73.271967751483317 777.74742656509625 1389.6744755227119 243.5057931431802 262.09674387658015 62.00392987485975 603.24407606243767 1472.6573802130588 122.60668606474064 70.492597011616454 566.45168116816785 38.930229393328773 268.09013097124989 5600.1720372924319 11.063569836725945 218.82296702289023 2856.0861562197097 188.01692360741436 33.155056789517403 846.10385720347404 12.164046163670717 61.716840461362153 6.6293723722919804 7.8721759982872754 345.34666952426778 784.56886843871325 19.500368075910956 45.729087173007429 7.9456095686182371 40.4287232743809 292.02569191646762 52.206034740898758 685.21238065487705 10.870411932468413 716.00069147220347 2627.31988815777 152.06219258764759 14.401767126750199 332.89635786044528 1561.8789717885084 7.4192801010794929 723.45996257651132 2968.5968264152762 615.83928180253133 4.1250582728534928 112.87904823524877 46.499011234147474 100.64733086246997 88.115179409505799 2764.4041067295475 215.11239285569172 547.80939956640941 63.259225785848685 98.203496200323571 95.456541102845222 149.82136036024895
leaf_count=19686 14873 16111 143772 14201 40657 9305 2909 16267 61184 1272 20521 390 22158 7924 493 366 6557 281 11384 127721 2876 1896 43888 7322 106 104289 349 363 58 106 16426 18980 135 345 65 684 1519 333 3642 46 19203 19496 1277 151 4791 29929 84 8281 17930 8034 141 945 399 483 1344 71268 6144 22036 1379 3619 1797 9614
internal_value=0.000110734 -0.0018279 -0.0046419 -0.000607805 0.00482399 -0.00290666 -0.00695017 0.00563408 -0.00532931 -0.000435846 -0.0036391 -0.0010199 0.00461593 0.00522443 -0.00138762 0.00922868 0.00289974 0.00662792 -0.00155785 -0.00225056 0.00375705 0.00491709 0.00426588 -0.010508 0.0160445 -0.000523681 0.00387457 -0.00068955 0.0156838 -0.0215349 -0.000411299 2.56554e-05 0.00568278 -0.0125417 0.0060897 0.0145643 0.0129406 0.0106082 0.00491869 0.00646996 -0.00934944 0.00133683 0.00102936 0.0122047 -0.0122748 0.00157084 -0.00354777 0.00076557 -0.000544884 0.00053996 -0.00483289 0.00162093 -0.0139341 0.00957145 0.00885573 -0.00196784 -0.00409806 -0.000976872 -0.000312081 -0.00605463 0.00291336 -0.0178436
internal_weight=39220.5 27790 8404.99 19385 11430.5 6486.29 2063.66 9926.73 1874.86 19251.8 1651.77 4422.63 7887.21 7161.36 725.851 1920.54 1352.6 786.147 11789.6 9652.51 5240.83 4099.85 3840.6 1918.7 447.879 1503.74 657.636 853.966 76.2184 14.5015 1140.98 1129.92 2986.63 65.2295 2921.4 259.252 377.387 344.232 724.143 2866.96 1730.68 7462.19 7218.68 166.464 1014.68 2137.09 575.211 7052.22 4424.9 3701.44 619.964 3081.48 54.4446 2039.51 1938.86 9384.42 2979.52 6404.9 5663.43 741.469 193.66 223.093
internal_count=969805 667564 305602 361962 302241 258175 103533 177917 94228 347089 81705 154642 135433 112782 22651 10248 10870 4313 289562 245348 102534 64252 61672 47427 2324 124324 20035 16794 527 164 38282 35406 44878 480 44398 2580 1958 1852 3923 43934 40105 57527 56255 1428 20902 44214 14285 54827 35331 27050 8175 18875 464 42484 42001 233964 77412 156552 129100 27452 5416 12523
is_linear=0
shrinkage=0.05


Tree=57
num_leaves=63
num_cat=0
split_feature=6 7 6 9 1 9 4 1 9 6 6 10 7 9 8 12 6 6 12 2 13 9 6 6 2 10 10 13 9 2 0 2 1 0 12 12 3 12 8 13 13 8 7 0 8 1 1 9 1 4 12 1 9 12 12 10 1 1 13 10 12 9
split_gain=141.995 41.2599 29.217 21.3146 18.8499 18.5833 17.1485 16.1555 15.9495 11.2922 13.7197 11.011 10.2105 9.88928 10.347 9.45331 9.56075 10.9188 10.7382 9.21615 8.87484 8.69205 8.64941 8.63163 8.60462 8.4178 8.25386 8.23555 9.46587 8.18443 12.0415 11.0579 8.6904 8.60405 8.67759 12.3192 9.04045 10.9727 8.69477 8.38003 9.05851 8.80091 7.90469 7.81847 7.78963 12.568 8.31296 7.78758 7.75658 8.06011 7.66714 7.57187 10.3835 12.5049 9.33481 12.6243 8.48233 7.54909 7.49349 7.45372 7.51775 7.40066
threshold=0.31716768443584448 0.18036716431379321 0.44622917473316198 0.28766645491123205 0.50076606869697582 0.074274059385061278 0.34337897598743444 0.55214822292327892 0.47844186425209051 0.37711146473884588 0.37811204791069036 10.140120029449465 0.11221974343061449 0.14920332282781604 0.24198469519615176 0.19885819405317309 0.53976181149482738 0.54272818565368663 0.19018665701150897 0.45003062486648565 1.4803261160850527 0.40549814701080328 0.61986771225929271 0.26882018148899084 0.58207994699478161 12.185788631439211 12.501635551452638 0.50398144125938427 0.54521426558494579 0.40731377899646765 4.1190040111541757 0.45436924695968633 0.34530206024646765 2.6020033359527592 0.060705231502652175 0.050942661240696914 8.3297462463378924 0.70708641409873974 0.16758179664611819 0.14087471365928653 0.23727313429117206 0.082086700946092619 0.1848636940121651 8.0115184783935565 0.1203100122511387 0.52123701572418224 0.45163878798484808 0.028990741819143299 0.50161772966384899 0.6513611674308778 0.95843830704689037 0.50161772966384899 0.094596564769744887 2.0693944692611699 1.3948642611503603 9.0489382743835467 0.49855451285839086 0.53272977471351635 1.4720080494880678 9.586616516113283 2.5264433622360234 0.18241413682699206
decision_type=2 2 2 2 2 2 2 2 2 2 2 2 2 2 2 2 2 2 2 2 2 2 2 2 2 2 2 2 2 2 2 2 2 2 2 2 2 2 2 2 2 2 2 2 2 2 2 2 2 2 2 2 2 2 2 2 2 2 2 2 2 2
left_child=1 12 3 19 8 -3 11 9 -4 26 25 59 -1 47 -15 16 18 -18 58 -2 -16 -12 -10 29 -19 -11 -5 48 -29 30 42 32 50 -34 35 -35 37 -36 -39 -33 44 -42 -8 -23 45 46 -41 -14 -17 -50 -31 56 53 54 55 -53 -49 -57 -6 -7 -61 -25
right_child=2 5 4 7 15 6 23 -9 22 10 21 -13 13 14 20 27 17 24 -20 -21 -22 43 -24 61 -26 -27 -28 28 -30 31 -32 39 33 34 36 -37 -38 38 -40 40 41 -43 -44 -45 -46 -47 -48 51 49 -51 -52 52 -54 -55 -56 57 -58 -59 -60 60 -62 -63
leaf_value=0.014335888219361839 -0.030900190858982025 -0.043975029970982682 -0.030843914779815573 -0.0014160560065972988 0.0072886750467457823 -0.0013026530635342557 0.040988007734064393 0.0017349301799782617 -0.0087876412548942087 -0.0087432088291961915 -0.012550119171643104 0.0010357877549426148 -0.03445374087334762 0.01255116729743863 -0.027986973727743017 0.016755749454096382 -0.061821032093707755 0.0046706665550238901 0.044995408477607635 -0.0067172374133156925 0.060395548189875171 -0.0021240456729506008 -0.024596091782814581 -0.037256924154351473 -0.021678439470204397 -0.023747505711719661 -0.0076350135862333843 -0.044612698259846553 -0.010256386157945802 -0.012148522175610412 0.021775764557535875 0.056687728200951373 0.032470064945822365 -0.015713491371928491 -0.021929294012957404 0.04763206440877512 0.029240219942536644 -0.034247906629469825 0.0027247195931946002 -0.045182261152464542 -0.054648528600075241 0.0062606454210648423 0.0045457078315613445 -0.015462507973212787 0.00066969603995716454 -0.091068563906469946 0.030388635891400052 0.0059732146669833376 -0.0065551168748828534 0.019821033228145976 0.061593277621380338 -0.093190717985725438 0.0017733500778189552 0.040161554782723839 -0.097719456743100536 -0.039519426401776483 0.039866436237791777 0.015220076069690303 -0.0082286270813959513 -0.011098911271165525 0.04335304466711723 0.002137009263442527
leaf_weight=638.37120896836859 89.174996488211036 21.777930053263844 95.046855231594236 11188.212236942651 335.66217488632537 586.42184659036866 15.471351496875284 2652.4470834818203 1441.3956803091569 615.37745863539749 239.74885451016598 4057.8347649162461 12.674839750907266 794.21382027812069 25.352367022220282 40.01886483177077 9.4189226347953063 76.170432975864969 16.324120773002505 70.580216387461405 3.1986860584001979 2804.7300349661091 92.052113936049864 11.951058240956625 52.230020750430413 110.22039217836573 560.25050747617206 27.898847467498854 71.252252688980661 5.7315774289891115 170.54336466529639 7.8463081361260256 14.055447218473999 14.523747188039126 140.79133509437088 16.276775263715535 13.890024849446489 18.308111647376791 120.96818153181812 6.9120354640763271 5.9424765333533278 2979.5821497019497 389.54994272705517 114.34152705245651 650.13675115501974 6.0570716354995957 7.6850481079891324 1129.9221009180183 913.59343185741454 29.912280360003933 9.1554403778864053 5.7624958483502295 170.78288447926752 6.1399754406884304 5.3887586423661551 12.159914762480186 18.766500310506672 13.066422207397407 101.27675724308938 386.073830768888 6.4445196380256666 4915.0241699151229
leaf_count=28016 14087 7760 10817 217484 1856 33819 251 14527 108499 12689 15084 146066 4441 17127 976 657 54 607 124 2407 35 105879 9031 905 1003 2904 15334 294 1041 149 1485 87 99 68 1858 73 126 449 1822 257 121 27715 8398 2374 8105 39 70 45347 20162 634 90 54 1053 26 45 176 128 140 515 25908 182 48489
internal_value=-0.000113253 0.00325123 -0.00280745 -0.00203201 -0.00713877 0.00217786 0.0022469 -0.00187314 -0.0109685 -0.00248532 -0.00482237 -0.000112464 0.00876947 0.00715238 0.011488 -0.00341257 0.00167301 -0.00985918 0.0051795 -0.0202161 -0.0180851 -0.00339819 -0.00973661 0.00349513 -0.00604748 -0.0110224 -0.00171262 -0.00618902 -0.0199235 0.00505436 0.0106307 0.00425555 -0.00418709 -0.00582993 -0.00748754 0.017762 -0.0101332 -0.0120859 -0.0021354 0.00507051 0.00495974 0.00613941 0.00593776 -0.00264652 -0.000290669 -0.0305204 -0.00539582 0.0045574 -0.00480443 -0.0057189 0.0332023 0.00492044 -0.00373103 -0.0258408 -0.036981 -0.0264189 0.00652694 -0.0111661 0.00369197 -0.00487212 -0.0102049 0.00204145
internal_weight=39162.1 17414.8 21747.3 18445.1 3302.25 14579 14557.2 18285.3 1628.49 15632.9 3884.42 5036.77 2835.8 2197.43 822.765 1673.76 591.082 137.819 453.263 159.755 28.5511 3158.82 1533.45 9520.4 128.4 725.598 11748.5 1082.68 99.1511 4593.43 575.565 4017.86 353.701 338.814 324.758 30.8005 293.958 280.068 139.276 3664.16 3656.32 2985.52 405.021 2919.07 670.791 20.6542 14.5971 1374.66 983.525 943.506 14.887 1361.99 213.3 42.5176 36.3776 30.9888 1148.69 25.2263 436.939 978.94 392.518 4926.98
internal_count=970018 411955 558063 402769 155294 314391 306631 386275 128347 371748 138930 205975 97564 69548 18138 26947 4159 1664 2495 16494 1011 123337 117530 100656 1610 15593 232818 22788 1335 51262 10134 41128 4734 4495 4396 141 4255 4129 2271 36394 36307 27836 8649 108253 8471 366 327 51410 21453 20796 239 46969 1494 441 415 370 45475 316 2371 59909 26090 49394
is_linear=0
shrinkage=0.05


Tree=58
num_leaves=63
num_cat=0
split_feature=6 6 6 9 5 9 5 9 12 1 1 0 5 7 2 5 3 7 1 0 2 2 2 7 9 6 3 2 1 2 2 8 1 6 9 12 2 1 1 2 2 9 13 3 8 13 11 1 5 5 8 8 9 7 13 13 3 7 5 9 1 7
split_gain=146.277 30.8805 29.1171 22.7096 22.19 20.6939 36.375 18.0314 15.7208 14.5186 12.4015 12.3449 11.801 20.4213 13.8979 11.6727 13.2568 14.1529 11.6166 12.7704 18.8306 11.0632 11.0535 10.7277 14.3238 10.2412 10.0055 9.98423 10.7315 9.92684 10.6873 9.46034 9.83554 9.32041 9.26963 9.06182 8.83328 12.8689 17.5645 8.75265 15.8187 8.58667 8.44326 8.41806 9.27132 8.38208 11.0981 8.15463 8.06523 10.9581 19.4624 8.0592 7.97458 7.44477 7.22869 7.18731 10.2517 16.2542 9.87596 9.24832 12.5875 10.4203
threshold=0.32199369370937353 0.2161563262343407 0.47045868635177618 0.31697301566600805 2.5249279737472539 0.14318896830081942 2.6735538244247441 0.48103672266006475 1.0000000180025095e-35 0.49612575769424444 0.37808622419834143 6.588238239288331 2.5249279737472539 0.24046788364648822 0.17190404236316684 3.4811217784881596 3.8176519870758061 0.14471155405044558 0.33010335266590124 5.6681537628173837 0.74533575773239147 0.43535533547401434 0.57933011651039135 0.10824050381779672 0.048475053161382682 0.59400209784507763 7.2892689704895028 0.73364958167076122 0.6109130084514619 0.63270419836044323 0.61707618832588207 0.11724570393562318 0.55214822292327892 0.24046788364648822 0.26301880180835729 0.60399547219276439 0.58959981799125682 0.48921379446983343 0.46832606196403509 0.4722339808940888 0.40997311472892767 0.018642326816916469 0.14229624718427661 3.9019216299057011 0.16997316479682925 0.5027308762073518 6.5000000000000009 0.37102721631526953 3.7726949453353886 1.7005987167358401 0.37722758948802954 0.25643806159496313 0.10099299624562265 0.1848636940121651 1.4867877364158633 1.4471865892410281 5.6076369285583505 0.11221974343061449 5.427147865295411 0.08653349801898004 0.39493331313133245 0.15953581035137179
decision_type=2 2 2 2 2 2 2 2 2 2 2 2 2 2 2 2 2 2 2 2 2 2 2 2 2 2 2 2 2 2 2 2 2 2 2 2 2 2 2 2 2 2 2 2 2 2 2 2 2 2 2 2 2 2 2 2 2 2 2 2 2 2
left_child=1 10 3 34 -4 6 29 -6 -5 11 15 45 13 22 -15 16 -1 -18 -14 20 -20 53 42 41 -25 27 43 -9 -29 30 33 32 -21 36 -2 -30 37 38 -3 40 -11 -17 -7 -19 -45 46 -10 -43 49 50 -41 -51 -28 -12 -44 58 57 -57 -23 60 -60 -61
right_child=2 5 4 8 7 12 -8 25 9 39 21 -13 18 14 -16 23 17 26 19 31 -22 55 -24 24 -26 -27 52 28 35 -31 -32 -33 -34 -35 -36 -37 -38 -39 -40 48 -42 47 54 44 -46 -47 -48 -49 -50 51 -52 -53 -54 -55 -56 56 -58 -59 59 61 -62 -63
leaf_value=-0.00150565110682638 -0.035443113781485687 0.00028438420875885292 -0.020455982121906274 -0.029663998165428147 -0.033869244152312995 0.080950356841500523 -0.045176900369842628 -0.0033160199070625474 -0.00061860794717510578 -0.028096205441025576 0.025000707276759983 -0.0073438201293930085 -0.0046208457536503159 -0.0013072984007011128 0.0040866955076444521 -0.025948635642898333 0.030844463392805901 0.056582347715756681 0.0039301430787200596 -0.015544559588406979 0.044476457309458442 0.0075183985931268392 0.029342500995632188 -0.037575358023345655 -0.0021090506950506775 -0.014696646368413738 -0.067379098829813008 -0.04174604321493916 0.03741167823783554 -0.046976360451410959 0.046472345260066883 -0.00065118873498707036 -0.12039743413497782 -0.049009806976937555 -0.011553104340118234 -0.029683713708363799 -0.047426970436309231 0.047242186602660087 -0.08610705397583289 0.0012506622800419183 0.015957391814409732 0.015278364589479568 0.0082573483631490242 0.0031995092427140937 0.016261072241461717 -0.0061526829362701521 -0.0041191679324975158 -0.044381508141052295 -0.0042987516932592529 -0.018589156258989551 -0.011525524998013991 0.0032715293158008399 -0.0059940558004619119 0.0079773963313753103 0.064001653136771627 0.040181239415253311 0.021138697467286749 -0.062582714516262281 0.062425969967355624 0.0056248741943278838 -0.10106764196207861 -0.061863195170390031
leaf_weight=298.03677978613996 46.818356551535544 238.91517209034646 312.79010412565549 50.891477728015161 57.090365232317708 4.1431023562327018 60.252415958420897 1688.7727494382707 7006.8944828700769 23.093606413342059 165.35671961467597 1302.7015497261891 891.01202770037344 1495.5601325685857 5925.8274180170265 15.287141655571757 80.433985956129618 9.5680341275001393 2051.8746955501265 7.118008802761322 29.040506140328944 2461.3344529544702 92.209852576255798 29.790704866856686 641.47679309200612 256.64249297467177 6.5752684321487314 34.866980278748088 10.137124547734858 12.119875865057109 11.48773332312703 2385.003650408762 3.2612613514065742 10.473880034405736 305.91082133825694 9.9932719867210817 9.8420464769005758 14.122947693336753 6.0320210680365554 1001.2361737096217 173.25175077561289 163.05484919378068 356.73440384445712 292.12195766725927 253.98154180130223 1206.9998858569597 3345.1229276071244 5.9362166221253565 889.02454771124758 42.872368277981877 424.44224719458725 2538.6912220004015 27.084337419248186 105.01150822982891 5.9120371254393822 6.4797214849386355 164.27638549800031 9.4737279837718216 1.479996696289162 32.754676109179854 5.7555518225708511 6.9296567691490045
leaf_count=18161 10537 5153 15426 6464 5368 17 12392 76228 172722 110 2233 37930 69287 47330 58702 6809 1725 281 45902 214 89 23891 298 10432 57742 19972 216 665 120 66 40 32500 22 525 12307 301 47 54 39 5748 951 13880 6069 7395 5175 39826 102249 230 10536 275 3328 18422 475 1250 31 27 699 106 65 622 395 232
internal_value=4.69918e-05 0.00329266 -0.00283304 -0.00215967 -0.00804828 0.00207828 -0.00969552 -0.00616201 -0.00191353 -0.00183487 0.00674898 -0.00272955 0.00240111 0.00363269 0.0029997 0.00350544 0.00726684 0.0111705 0.00059288 0.00163068 0.00449599 0.00874777 0.0138674 -0.000749499 -0.00368304 -0.00537126 0.00848531 -0.00399878 -0.0249639 -0.0026398 -0.000792427 -0.000858477 -0.0484903 -0.00273585 -0.0147241 0.00410372 -0.000933522 0.000832759 -0.00184307 0.000424701 0.0107759 0.00993646 0.00997696 0.0100888 0.00927417 -0.00220952 -0.00174977 0.0131827 9.60618e-06 0.000965435 -0.00255297 0.00290849 -0.0179854 0.0183888 0.00916612 0.00777821 0.0174225 -0.0208437 0.00708522 -0.0156386 -0.0676258 -0.00615986
internal_weight=39121.4 18393.1 20728.2 18358 2370.29 13610.9 363.246 2057.5 18005.2 17954.3 4782.2 12861.7 13247.7 7880.39 7421.39 1823.35 967.802 669.765 5367.31 4476.3 2080.92 2958.85 458.999 855.546 671.267 2000.41 589.331 1743.77 54.9974 302.994 290.874 2395.38 10.3793 279.386 352.729 20.1304 268.912 259.07 244.947 5092.61 196.345 184.278 366.79 555.672 546.103 11559 10352 168.991 4896.27 4007.24 1425.68 2581.56 33.6596 270.368 362.646 2688.48 180.23 15.9534 2508.25 46.9199 7.23555 39.6843
internal_count=970303 430818 539485 421405 118080 278777 18316 102654 398561 392097 152041 352727 260461 112447 106032 122521 33428 15267 148014 78727 45991 29520 6415 89093 68174 97286 13542 77314 1086 5924 5858 32736 236 5818 22844 421 5293 5246 5192 39370 1061 20919 6117 12851 12570 314797 274971 14110 38309 27773 9076 18697 691 3483 6100 26037 832 133 25205 1314 460 854
is_linear=0
shrinkage=0.05


Tree=59
num_leaves=63
num_cat=0
split_feature=7 6 9 1 7 4 1 9 6 9 6 9 13 2 7 6 2 9 12 2 12 3 1 13 4 10 0 3 2 9 6 4 0 9 6 8 2 10 12 12 10 9 10 0 4 7 3 0 4 9 0 12 7 0 2 1 1 4 7 0 10 9
split_gain=150.16 37.3456 30.4893 23.4786 18.7962 15.5571 14.7267 13.847 11.7336 11.6092 10.9679 10.789 10.9791 10.7085 10.4556 10.4476 9.98577 9.74786 9.63892 9.63822 12.657 10.4036 10.2135 10.4264 9.58745 8.7741 8.24544 8.21173 8.16611 8.34741 21.4739 9.26095 8.14136 8.12024 7.85928 7.85605 7.57223 7.48917 8.13962 7.44915 7.42817 7.26609 7.13452 7.41257 7.0261 9.21037 8.01325 12.9864 12.1997 10.3772 10.991 9.98752 11.2623 10.2266 11.8801 9.81688 8.79501 8.11846 7.39748 7.3432 11.5779 10.4439
threshold=0.28054267168045049 0.37711146473884588 0.22734941542148593 0.43374226987361914 0.11221974343061449 0.38653172552585607 0.43374226987361914 0.41596378386020666 0.46832606196403509 0.039986019954085357 0.13391261547803882 0.28051759302616125 0.5012301802635194 0.49468632042407995 0.40197297930717474 0.31563769280910497 0.32176479697227484 0.50363564491271984 0.096319317817688002 0.46279951930046087 0.4059648215770722 7.3359596729278573 0.63244789838790905 0.4203601479530335 0.057706220075488097 9.6837129592895526 6.1147871017456064 8.0096955299377459 0.51352807879447948 0.36813701689243322 0.35224922001361852 0.37808622419834143 2.3502402305603032 0.48429270088672643 0.27756406366825109 0.24934988468885425 0.14390365779399875 11.300400257110597 3.6048977375030522 0.31757545471191412 9.586616516113283 0.0068241020198911437 1.0000000180025095e-35 4.3241107463836679 0.58086121082305919 0.28050477802753454 6.2314648628234872 6.7280302047729501 0.56457635760307323 0.24934934079647067 5.7698810100555429 1.4847240447998049 0.18036716431379321 7.0540175437927255 0.62169596552848827 0.58954831957817089 0.55438220500946056 0.5510709583759309 0.20509669184684756 6.4512596130371103 12.228328227996828 0.098035763949155821
decision_type=2 2 2 2 2 2 2 2 2 2 2 2 2 2 2 2 2 2 2 2 2 2 2 2 2 2 2 2 2 2 2 2 2 2 2 2 2 2 2 2 2 2 2 2 2 2 2 2 2 2 2 2 2 2 2 2 2 2 2 2 2 2
left_child=4 2 34 7 27 11 9 14 42 10 26 15 18 37 -3 -4 35 -10 -13 21 -21 -5 -22 -24 -11 33 -6 41 29 30 31 36 -27 -18 -2 -7 -20 -8 -39 -26 -14 -1 -9 -44 46 -46 49 55 51 -15 -51 -49 53 -53 -55 56 57 59 -54 60 61 -48
right_child=1 3 5 19 6 16 13 8 17 24 -12 12 40 44 -16 -17 25 -19 28 20 22 -23 23 -25 39 32 -28 -29 -30 -31 -32 -33 -34 -35 -36 -37 -38 38 -40 -41 -42 -43 43 -45 45 -47 47 48 -50 50 -52 52 58 54 -56 -57 -58 -59 -60 -61 -62 -63
leaf_value=-0.042502561569777116 0.047346105778518943 -0.012064846481705084 0.0021101196459440341 0.0066326118407213355 -0.024528037678049522 -0.028802634244300941 0.0094626228934614129 -0.038576210570402905 -0.033384267251028915 -0.039446411733250752 -0.057284893923281378 -0.034816741318357672 -0.0050515120412672979 -0.0006886414093598785 -0.03213080057836739 -0.023165501923566704 0.0032960522726464708 -0.010676066104527942 -0.011450421290046389 -0.00037530265851152872 -0.0065892128998653243 -0.071802720445435481 0.0084767160609495653 -0.049214233670373468 -0.00014089559697401762 -0.017497912200476178 0.03540380151650243 0.032124798369667487 -0.013299757010292654 0.0023368952402473379 -0.022077323233344257 -0.016355844817256229 -4.4272878301533572e-05 0.025093264168894527 -0.029308752672829994 0.0088450376394786142 -0.0014213552096097063 0.025041953716599254 -0.022498138504805785 0.0040597233272867657 -0.015620660972432003 0.012097219330783148 -0.00205577146688393 -0.0078290771266597645 0.011011126601805261 -0.01563489648669562 -0.044792318356463565 0.0018498680713610388 -0.060828031905391815 0.012639624912497361 -0.0050765289582516433 0.021932930765392291 0.054542290786191439 -0.0048531680347494686 -0.098357824133735283 0.061404474241254892 -0.0090853195256922065 0.039144741110830147 0.018859926158485321 0.017108561368061641 -0.039856595255062188 0.01023502795632876
leaf_weight=6.1568770856247275 3.4518011433392521 221.53068705309124 1830.9814221885172 333.70729891562951 16.439234884150213 14.259359843796117 425.25193876193953 15.760618137443087 50.443532713979948 13.261440672999013 15.268619475718877 22.408786388346925 541.84255166516232 1069.2581505674461 91.828311514189409 41.817636920735822 1551.4550819377182 748.56707962034852 194.37206920945755 2192.5573001560406 2186.0841885778354 4.2819010699167839 170.84095706813969 8.2079938463866693 1362.2264039385191 67.463766367873177 8.8171467254578584 52.694731585914269 155.94663778229733 1074.9743437561556 136.05109395633917 110.31911666807719 6933.2675907440134 43.937525094253942 106.89626564572245 491.03922261536354 5936.7926428009523 149.51712001737906 9.580708662979303 4685.8265645451174 239.82193558409926 590.92150670214323 1162.6000476441695 1065.5494164261909 759.45595335750841 33.877032414078712 8.9529267118778062 812.22384359472198 7.3579259696416548 352.09445332339965 116.51869066688232 13.061423543374987 18.342138509498909 9.3311366732232255 5.3415811425074926 10.089026939589528 47.187368082115427 28.991488072555512 69.795868579531088 317.23612244578544 13.212241343571803 233.81853743013926
leaf_count=3246 415 17843 38920 5549 2795 314 2965 2243 4895 4868 5744 1083 22317 8895 12723 4847 9151 70543 8229 25725 52583 50 2077 66 64942 640 353 423 4612 41128 7569 1724 66570 297 13719 5035 126740 1177 121 157568 12680 24345 58875 52530 2962 131 143 7706 43 2827 1158 83 128 86 62 62 263 131 620 2287 198 2060
internal_value=7.96878e-05 -0.00189655 -0.000703221 -0.00471605 0.004949 -0.000554048 0.00444355 -0.00793716 -0.00690654 0.00284216 -0.0238303 -0.00188643 -0.0026505 0.00660994 -0.0179451 0.00154574 0.000951646 -0.0121097 -0.00207239 -0.00250779 -0.00311193 0.00563893 -0.00564888 0.00583204 0.00302049 0.000550106 -0.00360549 0.013204 -0.00197594 -0.00173899 -0.00242601 -0.00199765 -0.000212468 0.00389635 -0.0269109 0.00778263 -0.0017393 0.0129249 0.0221791 0.0031136 -0.00829423 0.0115342 -0.00505381 -0.00481669 0.00567005 0.00987328 0.00460565 0.00708875 0.00330055 0.0020304 0.00823458 0.00380896 0.0175415 -0.0102472 -0.0388934 0.0124622 0.0117018 0.0133306 0.0262857 0.012025 0.00572506 0.00820573
internal_weight=39011.2 27749.1 19497.1 8251.96 11262.1 19386.8 10612.3 3356.28 3042.92 6101.84 40.525 10285.3 8412.53 4510.5 313.359 1872.8 9101.42 799.011 7630.86 4895.68 4557.69 337.989 2365.13 179.049 6061.31 8596.12 25.2564 649.773 7608.46 7452.51 6377.53 6241.48 7000.73 1595.39 110.348 505.299 6131.16 584.35 159.098 6048.05 781.664 597.078 2243.91 2228.15 3926.15 793.333 3132.81 1594.94 935.454 1537.87 468.613 928.096 115.872 27.7341 14.6727 659.488 649.399 602.211 88.138 573.22 255.984 242.771
internal_count=970084 671692 365990 305702 298392 351856 270378 219652 189086 236270 8892 269849 226082 34108 30566 43767 82007 75438 191085 86050 80451 5599 54726 2143 227378 76658 3148 28014 190002 185390 144262 136693 67210 9448 14134 5349 134969 4263 1298 222510 34997 27591 113648 111405 29845 3093 26752 13872 8728 12880 3985 8685 979 231 148 5144 5082 4819 748 4688 2401 2203
is_linear=0
shrinkage=0.05


Tree=60
num_leaves=63
num_cat=0
split_feature=7 1 6 5 7 4 4 9 10 10 9 5 7 9 6 5 0 5 9 7 2 5 6 9 5 0 13 9 1 6 5 10 4 10 0 7 1 5 4 0 7 10 12 5 9 10 10 0 1 1 10 5 5 13 9 10 10 5 2 5 6 13
split_gain=132.627 33.89 25.9001 24.4098 23.561 16.2775 14.9714 14.7883 13.1573 15.7294 12.8921 11.7116 14.2361 11.6054 11.9187 15.0445 11.9763 11.4846 12.4716 26.9869 17.562 11.2097 12.0288 10.9673 13.9972 10.6174 10.358 10.2761 10.8997 10.0985 9.84477 9.54952 9.54711 9.25519 9.91164 9.23194 9.21942 9.03352 8.72297 8.60394 8.53169 8.48307 8.47079 8.36515 8.32129 7.95662 8.76894 12.7327 8.79881 13.2366 10.3878 10.1271 9.39143 9.21754 7.83386 7.78005 14.9553 7.61983 7.29412 9.09335 9.88583 10.4309
threshold=0.29702274501323706 0.30458468198776251 0.40200768411159521 1.8688347935676577 0.16267645359039309 0.095312628895044341 0.34694387018680578 0.5069728195667268 11.665178775787355 11.65768337249756 0.26039023697376257 3.3140207529067998 0.24199707061052325 0.34997659921646124 0.50104936957359325 2.6735538244247441 5.3821961879730233 3.5114340782165532 0.053262718021869666 0.073609501123428359 0.5204979181289674 4.182021141052247 0.10904029011726381 0.08653349801898004 3.1567740440368657 5.3821961879730233 1.3392080068588259 0.14025881141424182 0.6297823190689088 0.089957650750875487 1.4978661537170412 10.140120029449465 0.49976402521133428 11.85598659515381 3.0201274156570439 0.50120311975479137 0.65258482098579418 4.863673448562623 0.48044863343238836 7.0540175437927255 0.20109672844409945 9.778717517852785 0.11712741851806642 5.625819444656373 0.31222327053546911 11.602254390716555 11.555755138397219 0.89587974548339855 0.4762252420186997 0.46023599803447729 11.396212100982668 2.0126758217811589 2.5249279737472539 1.3907248973846438 0.5635681450366975 12.568574428558351 12.228328227996828 2.8029010295867924 0.66372647881507885 4.5163240432739267 0.17640253156423572 0.41880123317241674
decision_type=2 2 2 2 2 2 2 2 2 2 2 2 2 2 2 2 2 2 2 2 2 2 2 2 2 2 2 2 2 2 2 2 2 2 2 2 2 2 2 2 2 2 2 2 2 2 2 2 2 2 2 2 2 2 2 2 2 2 2 2 2 2
left_child=4 5 7 36 17 -2 23 8 9 10 -3 12 27 -5 16 -16 42 57 19 43 21 22 33 24 -6 30 37 28 41 -20 -10 -25 38 34 -21 -7 -4 -9 -29 -23 -34 -8 -15 -19 -13 46 48 -48 49 -12 -51 -52 -53 -50 -17 56 -43 -1 59 60 -31 -62
right_child=1 2 3 13 6 35 11 26 25 -11 45 44 -14 14 15 54 -18 18 29 20 -22 39 -24 31 -26 -27 -28 32 -30 58 -32 -33 40 -35 -36 -37 -38 -39 -40 -41 -42 55 -44 -45 -46 -47 47 -49 53 50 51 52 -54 -55 -56 -57 -58 -59 -60 -61 61 -63
leaf_value=0.050203635312085361 -0.033115349533180044 -0.022562131390184564 -0.014089870016841193 -0.04435376256372562 -0.0040863928132761247 -0.0061617535401049459 0.018196408797293558 0.0083283002109381769 -0.0033483720594145098 0.010642971142740818 -0.00072096516929711545 0.00044268704133819479 0.0039602323718254491 0.013893627677301682 -0.01945577958313665 -0.016756213741348773 -0.0038524948629275867 0.022538800969102865 0.020411421277129208 -0.031895127719478202 -0.062430744881366587 -0.043965094738078747 -0.030806180915437398 -0.0038498820090598889 -0.044740764683120784 -0.0070966435209238775 0.038170466985648216 0.010997862562316118 -0.060669187108401273 0.0097892588121804899 0.0027380972427454011 0.0023580597963149697 0.038201257592431592 -0.050032718692344297 0.037482080801109131 -0.019014502682851459 0.059868702722122649 -0.048752554240542492 -0.0072081546226557798 0.034250717593208607 0.015994252505988373 0.0025445297468461789 0.00098239626965757661 -0.05391933509227536 0.0071809554756478173 -0.0071381266964413133 0.015704989222951615 0.0011513775417285545 0.0010642814595725012 -0.0065194082503520854 -0.044199395926703224 0.037254267104292964 -0.025945483624105592 0.010617179374220251 -0.0034111404708201593 0.02701658761959827 -0.035749552438292219 0.01503067115517432 0.019133516193981983 -0.00056852389185529136 -0.0044251030162948011 -0.10547477543178724
leaf_weight=16.003647648030892 60.855826559462002 64.197258374246303 648.31490655092057 17.116536340923631 78.464028288552072 2312.0126486457375 95.403704250173178 311.5429929321399 2305.5694560658303 342.91296625154791 6951.1755746166455 2192.3080407209491 3274.0781957292929 144.44332799490076 204.82768566883169 122.59534429444466 1887.4914082427276 69.501176275400212 162.86233270404045 6.2145459671737617 20.327790857874788 29.077952676976565 19.275880442088237 771.50347024507937 28.996385014870611 1202.2252851056401 29.203844643896446 809.0282691156026 6.4600263815373173 739.85719923808938 933.32612425080151 3143.7591625395726 52.012568376027048 4.5565335244173175 30.001631528371945 148.70015713541943 4.2412957539781919 7.0890408183913669 71.616196402348578 3.9996151752711731 256.75346187967807 390.14442448574118 1054.1557182783727 3.7715177081845459 579.23403243208304 388.41387217771262 214.08043605322018 504.32919702446088 3479.0160805698251 317.05239776836243 39.807563475798815 8.9914085855707544 16.976730025839061 272.27603376749903 1067.8354301158106 28.559746330138296 27.278708239318803 406.94675491622183 115.32231117645279 363.46754369116388 8.100963215576483 3.729555243626236
leaf_count=95 13535 4669 18745 2022 3501 133946 610 5314 38024 2374 135604 40592 24479 2618 9018 4818 43745 6283 4399 984 799 9237 3180 51757 11138 22362 195 5881 32 20673 27472 122951 188 620 1255 18009 46 185 434 233 999 3366 44740 1149 7724 5348 3720 5480 23397 3865 279 64 366 1344 50280 180 294 9292 696 14907 188 90
internal_value=9.50184e-05 -0.00207299 -0.00145799 -0.00457208 0.00402966 -0.0075702 0.00317893 -0.000535479 -0.000743808 8.10667e-05 -0.000214439 0.00445904 0.00590146 -0.00326114 -0.00310419 -0.00693911 -0.00137038 0.00904377 0.00708495 -0.00504947 -0.0203253 -0.0111344 0.00174055 0.000702265 -0.0150563 -0.00308394 0.00967048 0.00955995 0.00389379 0.00871113 -0.00159448 0.00113478 0.0121698 0.0171275 0.0255772 -0.00693844 -0.0136092 0.00705834 0.0095173 -0.0345075 0.0197351 0.00466418 0.00253833 0.0186033 0.00185094 -9.67681e-05 0.000134936 0.00548824 -0.000211998 -0.00121946 -0.0102708 -0.0283535 -0.00406271 0.00175765 -0.00478547 0.00176939 4.20017e-05 0.0163615 0.00716251 0.00592455 0.00906418 -0.0362809
internal_weight=38869.4 25060.8 22539.2 5151.02 13808.6 2521.57 11805.6 17388.2 17040.4 12599.2 12256.3 7782.88 5011.34 4498.47 4481.35 1395.26 3086.09 2003.02 1580.07 186.727 113.454 93.1262 60.0486 4022.72 107.46 4441.12 347.836 1737.26 547.847 1393.34 3238.9 3915.26 1189.41 40.7727 36.2162 2460.71 652.556 318.632 880.644 33.0776 308.766 541.387 1198.6 73.2727 2771.54 12192.1 11803.7 718.41 11085.3 7334 382.828 65.7757 25.9681 3751.29 1190.43 445.983 417.423 422.95 1230.48 1115.16 751.688 11.8305
internal_count=969790 621584 456094 176032 348206 165490 274126 280062 274368 186510 184136 84779 36463 157241 155219 64116 91103 74080 64693 23740 16308 15509 6039 189347 14639 87858 5694 11984 4482 40953 65496 174708 7502 2859 2239 151955 18791 5499 6315 9470 1187 4450 47358 7432 48316 179467 174119 9200 164919 140178 4574 709 430 24741 55098 3840 3660 9387 36554 35858 20951 278
is_linear=0
shrinkage=0.05


Tree=61
num_leaves=63
num_cat=0
split_feature=7 6 7 9 5 4 9 5 1 9 9 2 5 6 9 3 2 6 8 7 7 2 1 8 5 1 5 9 9 7 0 9 6 6 12 7 0 4 5 1 4 5 4 9 11 2 5 9 2 1 0 3 12 5 9 5 6 8 4 2 5 3
split_gain=143.114 32.0745 29.9283 21.7912 21.3163 16.6706 15.8424 14.4631 17.7179 13.6344 13.4733 13.4704 15.3288 12.913 12.561 12.3296 14.6886 12.0373 12.0124 11.9829 11.4566 11.1581 11.0468 12.0915 13.844 10.4964 10.421 10.2199 10.1328 10.003 9.41159 12.9586 11.4397 9.01887 9.00952 9.00561 8.85254 8.77255 8.69763 8.64063 9.166 8.58158 11.0394 8.44192 8.20805 10.3817 8.68818 7.87931 7.63771 9.97662 9.29213 7.54728 7.40176 7.28915 11.1192 8.29929 7.25445 10.6045 11.6835 7.89904 7.24361 8.91838
threshold=0.3007198721170426 0.44622917473316198 0.20509669184684756 0.098035763949155821 2.5249279737472539 0.39164464175701147 0.24719034880399707 2.4414010047912602 0.43107315897941595 0.41596378386020666 0.11913395673036577 0.30697365105152136 2.8617925643920903 0.57286626100540172 0.3654570877552033 5.0657496452331552 0.67684611678123485 0.33609920740127569 0.20224847644567492 0.1363976672291756 0.23893107473850253 0.35972702503204351 0.63244789838790905 0.44717417657375341 3.7494349479675297 0.62213659286499035 4.7833075523376474 0.24719034880399707 0.039986019954085357 0.52464145421981823 5.478551149368287 0.098035763949155821 0.19434465467929843 0.31563769280910497 0.050942661240696914 0.1848636940121651 1.2424533367156985 0.58781954646110546 2.5249279737472539 0.43374226987361914 0.44146122038364416 4.4601275920867929 0.62705692648887645 0.10099299624562265 3.5000000000000004 0.38656108081340795 3.0677825212478642 0.53729623556137096 0.48647108674049383 0.46832606196403509 8.599403381347658 5.7153801918029794 1.2664610743522646 3.2769666910171513 0.24210239201784137 3.5408543348312382 0.21049564331769946 0.24198469519615176 0.61066952347755443 0.66372647881507885 3.4175922870635991 6.4289124011993417
decision_type=2 2 2 2 2 2 2 2 2 2 2 2 2 2 2 2 2 2 2 2 2 2 2 2 2 2 2 2 2 2 2 2 2 2 2 2 2 2 2 2 2 2 2 2 2 2 2 2 2 2 2 2 2 2 2 2 2 2 2 2 2 2
left_child=2 5 11 -4 29 6 -2 20 10 -6 -9 -1 18 -11 15 16 53 -8 30 26 -5 -7 -23 24 -24 60 27 -14 -21 47 -13 32 -32 -26 -31 -33 -19 51 -37 44 43 -17 56 -41 45 -30 -47 -3 49 50 -22 -28 -46 -10 55 -55 59 58 -58 -43 61 -16
right_child=1 4 3 7 9 21 17 8 14 13 -12 12 19 -15 25 41 -18 36 -20 28 48 22 23 -25 33 -27 37 -29 39 34 31 35 -34 -35 -36 38 -38 -39 -40 40 -42 42 -44 -45 52 46 -48 -49 -50 -51 -52 -53 -54 54 -56 -57 57 -59 -60 -61 -62 -63
leaf_value=0.0010157525403495463 -0.027339031431112173 -0.028096545438760015 -0.04657390274095638 0.012055611172790741 -0.038085175475797782 0.0054266470997782392 -6.2363905437186603e-06 -0.039638204495516978 0.01136305129540845 -0.003265302421782669 -0.001776795312298098 0.024260162200164345 0.013710669809679294 -0.01367196176265943 0.036491282473284516 0.0016008539711056095 0.032986864848971051 -0.0024175970021876659 0.053603454629180605 -0.050718853554877846 0.0015880976776984073 -0.00092163703817032541 0.010024139989752575 0.024345021187110252 -0.057538036471857935 0.035801297103423703 0.011098622776638423 0.042734279552328759 0.009325380484586596 -0.12522759211108342 -0.0014780057038274767 0.036000427919111476 -0.064391661671909323 -0.0073588632210615512 -0.031021758092552826 0.025228780331819068 -0.0058390518271818764 0.032482646743776156 -0.0043123441895517155 -0.023356239393974479 0.0069379929055889472 -0.0016365845096866648 -0.043487278958542208 0.024662488426777634 0.010605355774298197 -0.045061477298746738 -0.0083191140563910349 -0.010750672859473087 0.0066560036376156848 0.021432217796895827 0.068768981151771255 -0.0073693016527307479 -0.00040087571127947165 -0.041040621382431634 0.0076949650610592668 -0.0054605087305790619 -0.016206546167519553 0.003064915944136415 -0.084091950957039224 0.066322058861287017 0.004864069535142985 0.0011006863665987737
leaf_weight=640.99158244316641 65.73885526410595 77.642969316773815 22.46095000742207 482.77804342907621 30.791792057680141 844.94121670516324 2976.839246466363 23.724838672758779 293.39983609993942 2290.1349317760032 2451.8277356654289 181.36729615647346 757.90452767908573 342.69420389260631 46.008652281481773 1608.4238764544716 56.498224950395525 4924.8752262422931 22.264423384796828 7.9951703067199551 2493.6904581520066 9231.9542680521263 223.43515475094318 84.349454678129405 9.9371726713143271 42.826900732237846 93.883540566806914 31.595086319604889 84.31150363618508 2.6580624640919259 62.495603774674237 44.785145647823811 8.1700314546469581 90.559298129752278 56.172955829882994 45.484183748718351 3068.4426501774142 23.203646413981915 55.101276762317866 9.9056416485691425 1025.8983738388633 10.99896219535731 21.194431143580005 120.45128472754732 309.67822056979639 17.765156057663262 170.54720329516567 417.54865789719042 1576.0020406149561 65.926444291137159 5.1577610280364743 134.68665849167155 301.45537756496924 22.659104346996173 146.64153191028163 59.233846596558578 66.970825576223433 87.817356265382841 7.0006524729542425 6.9953206931240848 225.45074840937741 29.035314315464348
leaf_count=73292 12980 3441 7803 7058 4820 9659 84967 3219 1584 96351 116564 1352 11420 28088 229 13105 244 115355 109 1319 52165 102843 985 434 55 147 3736 231 4026 62 559 223 117 461 3443 286 132424 112 409 183 8027 189 89 1139 7757 317 6293 19198 8581 262 28 4257 9503 250 1911 972 1503 1670 44 40 1789 168
internal_value=7.97143e-05 -0.00220663 0.00411903 0.00261883 -0.00686275 -0.00151048 -0.00286691 0.00273123 0.000923954 -0.00500672 -0.00213965 0.00768077 0.00889829 -0.00461985 0.00370084 0.00241509 0.00876961 -0.00272026 0.0178645 0.00768026 0.00476645 -8.28081e-05 -0.000565697 0.00748273 0.00309191 0.0126434 0.0120475 0.0148722 0.00545982 -0.0157861 0.0158623 0.00881208 -0.00875179 -0.0123206 -0.0352781 0.01735 -0.00373101 0.00318995 0.00904599 0.00567999 0.00852489 0.00038366 -0.00935754 0.0210136 0.0019579 -0.00525665 -0.0117853 -0.0134704 0.00391659 0.00223328 0.00172676 0.000216263 0.00517628 0.00614815 -0.000546916 -0.0153052 -0.00533403 -0.00868361 -0.0226312 0.0247825 0.00934287 0.0227983
internal_weight=38741.4 24738.7 14002.7 9852.72 3217.64 21521.1 11035.9 9830.26 5206.71 2663.62 2475.55 4149.94 3508.95 2632.83 2731.16 2387.83 578.433 10970.2 419.668 3089.28 4623.55 10485.2 9640.24 408.281 323.932 343.322 1041.27 789.5 2048.01 554.023 397.404 216.036 70.6656 100.496 58.831 145.371 7993.32 251.774 100.585 2040.01 1156.26 1809.4 200.978 130.357 883.757 272.624 188.312 495.192 4140.78 2564.77 2498.85 228.57 611.134 521.934 228.534 81.893 179.783 161.789 73.9715 17.9943 300.495 75.044
internal_count=969847 615566 354281 219614 155403 460163 345726 211811 143717 129259 119783 134667 61375 124439 23934 21601 4961 332746 3055 58320 68094 114437 104778 1935 1501 2333 19756 11651 38564 26144 2946 1594 676 516 3505 918 247779 8105 695 37245 9349 16640 3535 1322 27896 10636 6610 22639 61036 52455 52193 7993 17260 4717 3133 1222 3446 3217 1547 229 2186 397
is_linear=0
shrinkage=0.05


Tree=62
num_leaves=63
num_cat=0
split_feature=7 7 5 7 7 9 5 9 1 1 5 1 13 5 7 9 9 9 5 7 3 3 8 9 4 8 12 5 5 0 12 5 9 13 0 13 0 8 4 8 9 7 9 3 10 10 9 3 1 7 5 0 10 10 13 8 0 5 9 13 13 8
split_gain=141.968 32.7315 29.1543 27.5553 21.0434 18.1447 16.7576 15.5284 13.8844 13.6915 14.2094 12.7104 11.9905 10.7893 10.4451 10.3597 10.133 10.0743 9.8893 14.1686 10.8313 11.3035 9.41294 9.4105 8.69626 8.74803 10.7014 9.26079 8.67484 8.56281 7.94054 8.82537 9.06176 9.03194 7.86014 9.93393 10.4339 8.53651 8.49756 10.0876 7.9954 7.77687 7.74871 7.74813 8.2021 9.69074 7.54607 9.37562 7.50736 7.48177 7.47073 11.2292 8.3431 8.07454 9.81524 7.3425 9.66832 8.48293 7.2348 8.38323 7.64233 7.11765
threshold=0.29702274501323706 0.37707960605621343 1.8688347935676577 0.20509669184684756 0.5007586181163789 0.098035763949155821 2.6735538244247441 0.50363564491271984 0.49612575769424444 0.43374226987361914 2.2499048709869389 0.33860847353935247 0.14363770186901095 3.3842465877532963 0.1363976672291756 0.24719034880399707 0.36813701689243322 0.07028070837259294 3.8815106153488164 0.089220777153968825 6.9221508502960214 3.8176519870758061 0.47583316266536718 0.50363564491271984 0.61066952347755443 0.5897052288055421 0.060705231502652175 3.7726949453353886 2.8029010295867924 6.6457407474517831 0.15194498002529147 3.65057384967804 0.41596378386020666 0.28324224054813391 4.7578821182250985 0.14453563839197162 6.77136254310608 0.34357498586177831 0.39164464175701147 0.22406403720378879 0.11523582786321641 0.53799960017204296 0.28766645491123205 4.4716224670410165 11.412690639495851 11.65768337249756 0.16191840916872027 8.1012215614318865 0.58954831957817089 0.17072947323322299 1.2424533367156985 5.3254430294036874 8.9376769065856951 11.453610420227053 0.30845297873020178 0.27497014403343206 4.0163424015045175 4.6001451015472421 0.45052036643028265 1.4867877364158633 1.4935592412948611 0.32829277217388159
decision_type=2 2 2 2 2 2 2 2 2 2 2 2 2 2 2 2 2 2 2 2 2 2 2 2 2 2 2 2 2 2 2 2 2 2 2 2 2 2 2 2 2 2 2 2 2 2 2 2 2 2 2 2 2 2 2 2 2 2 2 2 2 2
left_child=3 8 22 11 42 -5 41 -8 15 10 12 18 -7 46 -15 -2 28 -16 19 -1 21 -21 50 -10 -9 27 -27 -26 -11 -17 -18 32 -32 -34 37 -36 -37 40 39 -38 -14 -6 -4 -25 -45 -46 49 -48 55 -13 51 52 -3 54 -54 57 -57 -33 59 -19 -61 -35
right_child=1 2 4 5 6 9 7 24 23 16 -12 13 34 14 17 29 30 58 -20 20 -22 -23 -24 43 25 26 -28 -29 -30 -31 31 48 33 61 35 36 38 -39 -40 -41 -42 -43 -44 44 45 -47 47 -49 -50 -51 -52 -53 53 -55 -56 56 -58 -59 -60 60 -62 -63
leaf_value=0.061221528450166311 -0.019808215265582338 -0.031435847060037443 -0.032411925943620738 -0.044936024826559312 -0.014945195713124899 0.032251704577911322 -0.035955361237922381 -0.0063894871899992326 0.0012560554466430698 0.0066896118840767743 -0.001329236997180619 0.018175592380923127 0.031731799002164801 0.011637357229082547 -0.048903515271135539 -0.0012397305351047406 0.029450302695904297 0.0034593550958197401 -0.0035247522866115192 -0.0011248068530889165 -0.016090411113318975 0.011721316013035879 -0.021237505581914326 0.060703678263846844 0.033363542072312527 -0.08046998110937556 -0.0006554426561792005 -0.0050673905871580459 0.0018089070168297459 -0.0056166305834946468 0.035624930443091965 0.013411234583223096 -0.028240202839857273 0.0047041167340103416 -0.057369031907722572 0.0092111165171137148 -0.036615525797839187 0.034707808164221143 0.012675747037383656 -0.0027929537420996516 2.992715395711039e-05 -0.035309921869592878 -0.0014412805599171095 0.018919078232982202 -0.044363052440179927 0.020922427446049982 0.018312047332996833 0.051198484691957862 0.022609999404351218 0.0067317186695002367 -0.0052117620039424176 -0.019840938227973455 0.015374888009310653 -0.012874086290907895 -0.005966172644780986 0.051448210186022317 -0.026086669870964814 -0.031572604313243033 0.031032957752737695 0.035361954335177394 -0.0057246361674484526 0.056722563365900938
leaf_weight=11.544301462126894 79.075755187266623 37.154887907905504 20.282810557873745 20.050166760076536 170.28593847804586 36.223265226697549 42.142706000740873 1190.8779605737072 3530.398893115489 1772.717290020315 2917.5216424939572 232.13910084124655 20.162027381826192 848.07394748291699 8.7709371692471887 11761.654581159295 62.460471945349127 1207.4626921155723 384.1297012201976 270.23134984716307 54.46359945909353 467.46528700817726 179.12470995212789 8.7957578762434405 43.424891836708412 4.6550721125677219 42.930970020126551 24.530939901247621 1871.6019311101409 1234.7462698881282 52.271250712219626 64.563520605210215 14.03625100571662 22.484206237830225 6.1003139357781029 921.22628436810919 24.910489978967234 18.419688200403471 76.781659531407058 191.66573585534934 1468.0533217361371 64.689026711974293 4728.1132475330669 87.473135300679132 12.501600795425476 10.423306274227796 199.62871135119349 24.311739413067698 35.58786815404892 371.20769118424505 696.74264120703447 311.03547296156466 67.248755621025339 312.16945298656356 270.97300973432721 4.4335568218957624 43.172139836475253 12.511158829322083 25.882708051009104 38.979198134038597 15.948732142336665 9.2943322937935573
leaf_count=219 12326 609 5224 7643 7320 206 3642 68427 22500 8454 126818 1803 382 10896 1300 256247 250 18069 57451 20565 1714 18120 7420 52 596 21 1304 414 18404 24340 279 488 81 134 54 8837 326 424 386 1791 37656 4390 167093 438 78 92 1173 76 142 2896 19130 4558 1613 7299 6808 50 454 155 176 199 119 47
internal_value=-1.97219e-05 -0.00227327 -0.00485962 0.0040438 -0.00323813 0.00257945 -0.00822949 -0.00608247 -0.00100424 0.00267821 0.00110448 0.00744621 0.00367379 0.0091933 0.00732256 -0.00176535 0.00493299 0.00450132 0.00307434 0.00622837 0.00542694 0.00701555 -0.0103371 0.00172257 -0.00511882 0.00797778 -0.00846325 0.0194906 0.00418304 -0.00165557 0.013452 0.00958424 0.0213969 0.00516384 0.00329423 0.00627631 0.00659597 0.000878128 -0.00161632 -0.00668321 0.000459417 -0.0205516 -0.00157357 0.0155404 0.0119421 -0.0146796 0.0140441 0.0218823 0.00235474 0.0111348 -0.00918533 -0.0119578 -0.00839161 -0.00707517 -0.00172292 -0.00342678 -0.0188658 0.00610923 0.00486491 0.00432839 0.0234322 0.0199181
internal_weight=38757.9 24931.5 8206.38 13826.5 6331.93 9666.25 1583.54 1348.56 16725.1 9646.2 5681.06 4160.24 2763.54 2972.41 2145.12 13075.5 3965.13 1297.04 1187.83 803.705 792.16 737.697 1874.45 3649.59 1306.42 115.542 47.586 67.9558 3644.32 12996.4 320.815 258.354 98.086 45.8148 2727.32 1220.68 1214.58 1506.64 293.358 216.576 1488.22 234.975 4748.4 119.194 110.398 22.9249 827.287 223.94 160.268 603.347 1695.32 998.582 687.546 650.391 338.222 124.68 47.6057 77.0747 1288.27 1262.39 54.9279 31.7785
internal_count=970178 621941 305868 348237 258431 213461 86114 74404 316073 205818 176880 134776 50062 36707 30759 292913 28938 19863 98069 40618 40399 38685 47437 23160 70762 2335 1325 1010 26858 280587 2080 1830 541 262 49856 11394 11340 38462 2503 2117 38038 11710 172317 660 608 170 5948 1249 1289 4699 40017 20887 16329 15720 8421 1147 504 643 18563 18387 318 181
is_linear=0
shrinkage=0.05


Tree=63
num_leaves=63
num_cat=0
split_feature=6 6 9 1 6 9 4 0 1 1 9 6 9 9 13 4 9 4 10 0 9 13 1 9 10 0 2 12 0 12 6 2 10 6 12 4 8 2 4 7 10 7 6 7 8 6 0 8 8 8 9 10 9 4 2 6 2 6 4 9 10 10
split_gain=127.915 39.3194 27.1144 21.7993 17.865 12.4307 12.279 12.0856 11.4506 13.2633 12.0834 11.3956 11.2483 10.3537 9.63388 9.59863 8.33894 7.85651 7.84477 8.20075 7.87777 7.91684 8.96114 7.7826 8.61723 8.77836 10.7294 8.55835 8.2324 7.74777 7.61145 7.4064 7.15646 7.51317 8.18766 7.02737 6.97246 6.82322 7.68498 6.57369 6.54496 6.47254 6.46365 6.45904 7.95933 12.2805 8.62441 6.44353 6.40436 10.4963 8.02757 9.89999 9.75549 6.3774 6.3705 6.24959 7.4722 7.16418 6.24517 6.8852 6.87273 11.2321
threshold=0.26882018148899084 0.37711146473884588 0.19954100996255877 0.4762252420186997 0.13718584924936297 0.37809175252914434 0.26575297117233282 2.5249279737472539 0.35156591236591345 0.34997659921646124 0.5069728195667268 0.47045868635177618 0.50363564491271984 0.065732736140489592 0.14453563839197162 0.55542856454849254 0.11523582786321641 0.34997659921646124 11.045327186584474 8.9315090179443377 0.40197506546974188 0.34661790728569036 0.6297823190689088 0.18241413682699206 8.7296881675720233 5.2600927352905282 0.68799352645874035 1.7002460360527041 8.599403381347658 1.0063453912734988 0.37811204791069036 0.50084221363067638 10.97793483734131 0.43586421012878424 0.48101025819778448 0.56064805388450634 0.14962227642536166 0.68799352645874035 0.48242683708667761 0.59210664033889782 1.0000000180025095e-35 0.26445811986923223 0.39351575076580053 0.2104606777429581 0.21668749302625659 0.21988319605588916 5.8902609348297128 0.28241777420043951 0.35945497453212744 0.35586716234683996 0.49472659826278692 8.8768234252929705 0.48429270088672643 0.26197771728038793 0.42227676510810858 0.37811204791069036 0.34337848424911505 0.38652917742729193 0.26429198682308203 0.20401369035243991 8.7296881675720233 9.9924821853637713
decision_type=2 2 2 2 2 2 2 2 2 2 2 2 2 2 2 2 2 2 2 2 2 2 2 2 2 2 2 2 2 2 2 2 2 2 2 2 2 2 2 2 2 2 2 2 2 2 2 2 2 2 2 2 2 2 2 2 2 2 2 2 2 2
left_child=4 2 -2 5 7 -3 13 16 9 31 14 40 -13 -6 -10 -8 -1 41 19 30 37 47 -23 24 28 36 27 -27 -17 -28 -5 35 42 34 -34 58 -26 38 -20 -14 -7 -16 -32 -25 45 46 -45 -22 49 50 52 -52 -44 -33 -11 56 -42 -57 59 -4 -60 -62
right_child=1 3 8 18 6 11 15 -9 10 54 -12 12 39 -15 17 23 -18 -19 20 -21 21 22 -24 43 25 26 29 -29 -30 -31 32 53 33 -35 -36 -37 -38 -39 -40 -41 55 -43 48 44 -46 -47 -48 -49 -50 -51 51 -53 -54 -55 -56 57 -58 -59 60 -61 61 -63
leaf_value=-0.018924178149533261 -0.030520733679843565 -0.021531577039867411 0.017086901375532228 -0.013631183644456552 -0.027908081862217937 -0.037144004961979192 0.0041883095742400031 0.012042293785180678 -0.014666488764471592 -0.056417810036146057 0.012492575796482823 -0.032948776493996218 -0.0082559850167097226 -0.0003341482559292532 -0.043194877024043572 -0.052603174297147441 0.023221713392526523 0.00041115712638669906 0.036045922319596573 -0.04880845750776263 -0.046031174253241998 -0.036212201162318242 0.049915136856916224 0.020864105074588662 0.0080121549295728133 0.026602803276682283 -0.017928517468788298 -0.018711817963440045 -0.0021528652472854043 0.015849846338026111 0.0068540949865932739 0.0097866523401136836 -0.043396996042464067 0.027525071439718732 0.010078038086179306 0.05487859985972994 -0.031075086502588674 -0.0008410440380559154 -0.038271779631769032 -0.020199456519497755 -0.0050066806124268544 0.014521774615382531 -0.0094272180699705044 -0.062612499524185738 0.015067375412435552 0.0069090557482041322 -0.0053065910060145936 -0.0032313223940752 -0.00037720038828529422 -0.043826388533772603 0.064059041551147222 0.0010823494743200308 -0.064449423344059037 -0.017393905603689364 -0.01199488398924467 0.0035954331407897855 -0.017423912360901354 -0.0049042285524788344 0.0033537382462945787 -0.005356585886445389 -0.007100930081425468 -0.0007531860865823385
leaf_weight=53.231814693412161 75.116185185237555 145.82505896859948 35.153642790159211 102.21564520942047 35.517102654557675 15.897064620687159 6569.611699527537 1105.9182922717737 104.85648893786129 15.777642325963823 211.10353653552011 56.988005538281868 768.79997956464649 820.63806636437221 5.0416136733256272 12.813992297276853 15.056125560891813 10950.006417546829 3.7805441283853716 8.7255006777122599 8.8549824364017677 31.048899819958024 3.3455144283361724 176.23677766928449 20.860742102726363 91.481602971092798 40.940804545534775 11.75898699229583 21.91567924618721 29.001800948753953 284.42942204169231 26.156129900133237 9.0667771152220649 48.430872971075587 34.003084257012233 5.539121060864999 25.181612132349983 27.014003483287524 43.546522841847036 135.51766785568907 297.443406823033 133.01065871695755 83.413555089791771 11.438429408706726 266.54651431809179 154.88505509961396 15.41171219665557 1273.9260620380519 1985.3638989239698 20.791998170316219 7.2279196940362445 45.677117686718702 8.9170703189447504 123.37128007854335 16.521380984107964 279.4184126535838 204.41760851198342 2198.9031492451031 833.92846727819415 1224.2905453692729 781.49160402457346 6437.170796152117
leaf_count=8957 12646 15624 1214 692 8859 2538 137264 36211 2217 362 2293 6014 66954 68596 83 59 983 110529 121 112 161 531 43 652 112 372 233 61 94 121 2121 1556 62 933 373 75 189 253 837 14371 7980 2984 749 61 1157 632 62 28767 21633 140 28 401 81 3599 537 13428 3441 117575 5189 73354 28550 154303
internal_value=-3.5893e-05 -0.00167849 -0.000534348 -0.00462972 0.00500907 -0.00719506 0.00419281 0.0107818 -0.000426592 -0.0017088 0.000641467 -0.00666678 -0.0114035 -0.00147804 0.00041795 0.00484468 -0.00963185 0.000560599 -0.00201763 -0.000415478 -0.00505526 -0.0041615 -0.0278347 0.00975328 0.00237318 0.00603908 0.011198 0.0214415 -0.0207672 -0.00392227 -0.000254897 -0.00159967 0.000286097 0.0140138 -0.00117917 -0.00142251 -0.0133655 -0.0208909 -0.0323352 -0.0100458 -0.00514697 0.012414 -0.000229581 0.0127543 0.00956607 0.00149744 -0.0297195 -0.00352677 -0.00116609 -0.0105997 -0.00584296 0.00968627 -0.0147411 -0.0126393 -0.0336949 -0.00497629 -0.0100645 -0.00394593 -0.001456 -0.00473014 -0.000943911 -0.00144039
internal_weight=38590 29111.5 20978.5 8132.99 9478.45 4103.21 8304.24 1174.21 20903.4 9499.4 11404 3957.39 961.306 856.155 11192.9 7448.09 68.2879 11088.1 4029.78 2638.26 1391.52 1317.18 34.3944 878.474 253.955 219.226 173.183 103.241 34.7297 69.9426 2629.54 9467.1 2527.32 91.5007 43.0699 9317.57 46.0424 74.3411 47.3271 904.318 2996.08 138.052 2435.82 624.518 448.282 181.735 26.8501 1282.78 2151.39 166.028 145.236 52.905 92.3306 149.527 32.299 2980.18 501.861 2478.32 9312.04 1259.44 8052.59 7218.66
internal_count=970129 705454 399491 305963 264675 247925 218524 46151 386845 268739 118106 232301 87339 77455 115813 141069 9940 113596 58038 27325 30713 29502 574 3805 1241 1088 787 433 153 354 27213 267840 26521 1368 435 262685 301 1211 958 81325 144962 3067 25153 2564 1912 755 123 28928 23032 1399 1259 429 830 5155 899 142424 11421 131003 262610 74568 188042 182853
is_linear=0
shrinkage=0.05


Tree=64
num_leaves=63
num_cat=0
split_feature=7 7 9 7 1 4 7 10 9 12 13 9 13 10 9 9 9 9 10 1 12 7 9 9 4 2 1 1 1 9 0 2 4 3 0 2 2 7 1 10 2 2 12 1 9 9 12 12 8 12 3 0 9 8 2 8 9 10 2 9 8 2
split_gain=130.76 40.0165 22.0026 16.9618 15.93 14.9267 13.7288 13.6071 10.8968 10.5216 11.7911 8.79848 15.2382 8.74924 8.43727 8.03687 8.02585 7.65005 7.03899 7.03442 6.91477 7.28988 11.7514 7.6931 9.08963 8.3067 6.91306 10.0321 8.87997 8.46208 7.04755 6.74454 6.60221 11.1776 16.5224 8.21677 14.1915 6.8065 6.74752 8.4078 7.64947 6.85638 6.62043 11.5167 8.49861 10.0378 7.81892 9.93724 10.594 7.75351 8.82037 11.6996 10.2773 9.26143 8.38288 8.19736 7.35709 7.00757 7.00643 7.50193 9.0127 6.95869
threshold=0.26778851449489599 0.37707960605621343 0.20200094580650332 0.10824050381779672 0.20411912351846698 0.52626618742942821 0.3357179611921311 11.602254390716555 0.50363564491271984 0.99990403652191173 0.41274994611740118 0.023774610832333568 1.2954229712486269 1.0000000180025095e-35 0.31697301566600805 0.40549814701080328 0.64848908782005321 0.39047344028949743 13.147902488708498 0.58954831957817089 0.060705231502652175 0.1872346177697182 0.078748404979705824 0.061210911720991142 0.50123339891433727 0.19125863164663318 0.55438220500946056 0.60190600156784069 0.52813622355461132 0.33661496639251715 4.2696731090545663 0.73364958167076122 0.54318663477897655 6.5574882030487069 6.5154528617858896 0.59263893961906444 0.64024758338928234 0.56736728549003612 0.36700704693794256 9.9175872802734393 0.34337848424911505 0.43703302741050726 0.46551689505577093 0.58954831957817089 0.40549814701080328 0.39270804822444921 0.21620938926935199 0.13053187727928164 0.3087535053491593 0.24544087797403338 5.1957268714904794 5.5073599815368661 0.45604032278060919 0.34961596131324774 0.64468553662300121 0.46128441393375402 0.37809175252914434 10.671104431152346 0.62423995137214672 0.46904975175857549 0.41465629637241369 0.65893816947937023
decision_type=2 2 2 2 2 2 2 2 2 2 2 2 2 2 2 2 2 2 2 2 2 2 2 2 2 2 2 2 2 2 2 2 2 2 2 2 2 2 2 2 2 2 2 2 2 2 2 2 2 2 2 2 2 2 2 2 2 2 2 2 2 2
left_child=3 2 31 11 -3 13 8 32 18 10 -8 12 -1 -5 -11 17 -9 -7 -4 20 -15 23 -23 24 25 -22 28 29 -12 -28 -29 -2 33 34 35 38 -37 42 39 -6 -41 -40 43 44 45 56 47 48 -45 -48 52 55 -51 -53 -54 -52 -34 -44 -50 -60 -61 -55
right_child=1 4 6 5 7 15 9 16 -10 14 26 -13 -14 19 -16 -17 -18 -19 -20 -21 21 22 -24 -25 -26 -27 27 30 -30 -31 -32 -33 37 -35 -36 36 -38 -39 41 40 -42 -43 57 46 -46 -47 49 -49 58 50 51 53 54 61 -56 -57 -58 -59 59 60 -62 -63
leaf_value=-0.025766467569881005 -0.027101062332752359 -0.018752056457815428 0.00084538126399529663 -0.022011361955983803 -0.012089534988812184 0.0087611220718665696 0.0026784992670712579 -0.0069994604650976599 0.016328747644238219 -0.022286154543722337 -0.0034598575532321357 0.015382541366591566 0.038428346844184412 0.015205035303960579 -0.0027177444241827291 0.026407405428893527 -0.018304853433040415 -0.032127882921009848 -0.022454391806008389 0.046083963645116195 -0.023939154092515236 -0.041238363781682059 0.002634744491555748 0.0068671107508573755 -0.091420148679261987 0.002790253555883459 -0.029179729241130714 0.039551381784857148 -0.021642432531521337 0.016055053926766347 -0.0036454090662647425 0.082629293770736689 -0.024553296199718654 -0.0085891394279429874 0.02105191356347651 -0.017059479111005138 0.00016592390260877933 -0.015746120361064285 0.0051619544297049659 0.00075943382674738139 -0.0094875786047383583 -0.0022278728746929796 -0.021790196785929986 -0.052398287135044547 0.0099446628083637422 -0.056692518434501987 -0.030824261733893743 0.014531746299820535 -0.025754089275494125 0.061894361187298547 -0.083995911685250085 0.038717069200827126 -0.020711939748111821 -0.0321312620718247 0.025515843281214451 -0.016959203087001461 0.041368887085185484 -0.0024911780030389009 -0.010459127864912154 0.032943360236206969 0.0023770041806084811 -0.0035279458926317448
leaf_weight=32.588094547914807 87.335468466852035 194.89988629877917 9810.4387692321325 33.019622767809778 309.27298106142553 1359.3227419696632 2352.5720284340496 1651.9011170244776 113.8130316741881 55.555119902841398 1361.2989033609774 515.33103516939445 12.905092406348556 128.96986113046296 6505.0063024127085 65.023841068614274 173.47106115228962 11.53616587910801 32.522545355896 9.8151215543039125 35.816235147576663 15.307920959960027 5170.0410785012937 1996.711964812057 2.9013454123632973 154.23091812003986 11.119852546136825 9.7242090776562673 70.633355263620615 147.20353235886432 325.63020633300766 1.4231774108484376 9.392732493754016 1098.3967884256272 71.350137430825271 264.68035389020224 218.10090826253872 72.077765619731508 456.22417727841821 580.48794398456812 265.3957692047843 1006.0283266088227 50.744577627629042 10.392201006412504 442.2794842380099 10.647642606636508 35.712312381481752 115.38674465264194 25.875256487168372 8.8166907979175431 8.7344661988317984 10.516599421389399 19.827443248126656 27.789339479524642 19.404315766412765 9.5422362005338055 7.7036002152599385 643.73438290733611 85.556937272194773 29.277417910285294 136.79862193833105 90.547273700824007
leaf_count=8628 13607 32044 187403 7335 20755 6870 31290 77672 1698 3118 38389 15377 979 1156 121299 217 14422 63 817 48 9085 6421 139025 60318 132 8210 66 37 428 672 1626 11 103 33579 1311 6812 5089 3373 12070 38638 17939 27040 437 43 2941 65 211 653 111 43 43 57 115 167 117 69 52 8112 405 135 623 656
internal_value=8.06903e-06 -0.0016603 -0.000500157 0.00508568 -0.00462917 0.00455898 -0.000394129 -0.00428364 0.000946261 -0.00162545 0.000303685 0.0135218 -0.00755627 0.00366993 -0.00288345 0.00923172 -0.00807385 0.00841703 0.000768395 0.00378279 0.00372746 0.00352675 0.00250522 0.00594582 -0.00358805 -0.00224716 -0.00259769 0.00250454 -0.00435675 0.012878 -0.00239284 -0.0253416 -0.00315697 -0.00424215 -0.00273667 -0.00328415 -0.00927774 -0.000680071 -0.00217864 -0.00503489 -0.00245556 7.77603e-05 -7.63359e-05 0.00232936 0.00826075 -0.0185833 -0.0020667 0.00213411 -0.0028347 -0.0094041 -0.00548479 -0.011559 0.013115 -0.00624882 0.00215266 -0.0489962 0.00515121 -0.00390133 -0.000978628 0.00156902 0.00776552 -0.0102449
internal_weight=38588.8 29045.2 20884.3 9543.52 8160.97 8982.7 20795.5 7966.07 9956.77 10838.7 4278.18 560.824 45.4932 7546.81 6560.56 1435.88 1825.37 1370.86 9842.96 7513.79 7503.98 7375.01 5185.35 2189.66 192.948 190.047 1925.61 493.678 1431.93 158.323 335.354 88.7586 6140.7 4269.94 3171.54 3100.19 482.781 1870.76 2617.41 1155.16 845.884 1462.25 1798.68 1104.2 470.023 27.744 634.178 403.287 287.9 230.891 195.178 147.13 48.0484 128.853 39.2318 18.2767 17.0963 694.479 277.508 251.633 166.076 118.337
internal_count=970227 706363 400461 263864 305902 238880 386843 273858 189918 196925 72508 24984 9607 231730 124417 7150 92094 6933 188220 224395 224347 223191 145446 77745 17427 17295 41218 2401 38817 738 1663 13618 181764 163233 129654 128343 11901 18531 116442 77332 56577 39110 15158 6609 3161 220 3448 1970 1317 1478 1267 992 275 880 232 112 155 8549 1274 1163 758 823
is_linear=0
shrinkage=0.05


Tree=65
num_leaves=63
num_cat=0
split_feature=6 6 9 5 1 9 5 6 9 7 6 5 9 1 6 7 7 9 2 2 9 12 1 9 9 9 2 6 12 4 10 4 7 9 1 4 3 4 10 10 12 6 5 9 9 2 12 2 12 2 5 12 9 1 5 9 2 12 2 0 0 12
split_gain=120.546 36.9708 25.2527 20.9746 17.2285 17.1607 13.9426 15.4146 17.0063 13.9609 13.7442 15.7536 13.0457 12.1073 13.1901 11.3428 11.1287 10.2907 9.86438 14.0109 9.01182 8.90649 8.59125 10.3141 8.42105 8.14612 9.2535 7.71468 7.59113 9.02971 7.55465 7.25761 7.00102 7.52073 6.98628 6.78628 6.75683 8.7493 14.0889 13.1672 12.7988 11.6611 13.2969 13.8132 9.82462 8.64706 8.03376 7.87555 7.95066 7.97255 7.45805 11.8702 9.3911 7.73727 7.03658 6.78902 6.78082 12.9194 9.60196 9.04345 8.33574 6.74386
threshold=0.26882018148899084 0.40200768411159521 0.19954100996255877 1.8688347935676577 0.49612575769424444 0.5069728195667268 3.9415346384048466 0.21988319605588916 0.11913395673036577 0.11221974343061449 0.53976181149482738 2.9174053668975835 0.34997659921646124 0.30649603903293615 0.32329930365085607 0.24478444457054141 0.42367811501026159 0.053262718021869666 0.3644657582044602 0.41513054072856909 0.27764984965324407 0.050942661240696914 0.32216286659240728 0.11913395673036577 0.31697301566600805 0.15512134879827502 0.55561751127243053 0.24046788364648822 1.3130153417587282 0.5150875747203828 9.5645465850830096 0.40615101158618933 0.089220777153968825 0.1727147921919823 0.20165821164846423 0.1440241485834122 5.8449916839599618 0.53483298420906078 12.016508579254152 11.772778987884523 1.5042868256568911 0.13008482009172442 2.7403194904327397 0.15662613511085513 0.15933437645435336 0.73364958167076122 1.3612250685691836 0.43846489489078527 0.20729269832372668 0.56437939405441295 2.7403194904327397 0.050942661240696914 0.21800297498703006 0.65258482098579418 2.2499048709869389 0.24719034880399707 0.58959981799125682 0.33014382421970373 0.6429714858531953 5.0657496452331552 5.0466406345367441 0.092310994863510146
decision_type=2 2 2 2 2 2 2 2 2 2 2 2 2 2 2 2 2 2 2 2 2 2 2 2 2 2 2 2 2 2 2 2 2 2 2 2 2 2 2 2 2 2 2 2 2 2 2 2 2 2 2 2 2 2 2 2 2 2 2 2 2 2
left_child=4 2 -2 -3 6 13 7 18 -9 -8 12 21 -5 -4 15 -15 24 -11 32 22 36 -12 -20 -24 -16 26 27 -10 -22 -30 -17 -7 -1 34 -34 -14 37 39 45 47 -41 -40 -43 -44 54 56 50 -6 55 -50 51 -38 53 -52 -42 -49 -39 58 60 -60 -58 -54
right_child=1 3 5 10 20 31 9 8 25 17 11 -13 35 14 16 30 -18 -19 19 -21 28 -23 23 -25 -26 -27 -28 -29 29 -31 -32 -33 33 -35 -36 -37 46 38 41 40 44 42 43 -45 -46 -47 -48 48 49 -51 52 -53 61 -55 -56 -57 57 -59 59 -61 -62 -63
leaf_value=0.060637097210023055 -0.030636251390038595 -0.013252851693851923 -0.004016138266057386 -0.03720532825774344 0.015294994447027069 -0.0035090954169291117 0.0074466208634705287 -0.046805105170222433 -0.0056439562562079259 -0.043725135529230581 -0.10958870511753781 -0.0074512558290127096 -0.024882240017269883 -0.034632994369160203 -0.011331159469364999 0.0053805033586079489 0.031348924735244026 -0.0028168450299009915 0.011205024771462596 0.0078850577168846185 0.012286058584876029 -0.026068161295160177 0.042801889100031361 0.015930590530063224 -0.0012712537913155174 0.0035655957907307478 0.017321501683067272 -0.033826896973891761 -0.0067588186011687777 0.039429969158571831 0.00074435719916480115 0.012786404143233896 0.011742812525008361 0.012099835059096717 -0.0016970384186169914 -0.0026373964982214812 -0.023682272455208417 0.023468135213524387 0.037796706505053096 0.037319540280861367 0.0037131417534776385 0.023815344038335958 -0.091891969812403426 -0.021641115064867319 0.0099221903533608085 0.037539770873578876 0.018898650952854892 -0.0080219974663918222 -0.046744704302582887 -0.015234446159084748 0.0076488546508389852 0.019517288832677265 -0.02653497315016469 0.035752903408373157 -0.079755402672036166 0.038078764488498631 -0.026980757718926114 0.010566830617434643 0.0036558670727051146 -0.06306543206406276 0.034102465129143437 0.00012134630064002072
leaf_weight=5.3024395698448634 70.370085459275288 716.15426812751684 2626.093715748495 27.770112589205382 24.227201500441879 86.135247684069327 403.57349255259032 17.438313001970528 230.25878398393979 15.586691483673347 3.2962171295657745 531.76484355870343 34.571876032219734 21.917737020878121 211.49814286954643 1020.876492257521 25.935747155890567 1122.3319706028269 137.81512389687123 1402.9274015148985 349.38528664060868 100.93662453681463 68.013320530066267 75.187749759061262 12672.89637990584 2740.8849010596168 39.688687057234347 27.14458919459139 13.104096136055885 54.963126396061853 6309.2905449473765 330.50665929564275 116.68533922018833 179.90510868633282 564.36597873212304 4142.1846654481196 17.301376938819885 65.186185742728412 8.9461167221888882 32.312238762155175 4.199955362826584 11.271387059241532 9.076373494579455 30.547342455014586 28.980941609945148 29.00662047159858 186.28824311099015 44.652881821850315 27.007846130640246 78.189359643380158 605.85353455320001 196.53409109544009 26.741677775047719 25.52170924609527 6.3312490188982338 9.7253879271447641 10.805132176261397 214.48367424821481 7.5288559037726399 15.605034797452388 11.561300738714634 210.49231746420264
leaf_count=351 13472 24111 125130 6074 169 4753 24177 3060 6389 9704 98 42440 7370 270 7354 10563 624 73178 2778 14696 1871 7360 631 858 207609 62372 286 2236 120 245 94349 3321 13264 8135 28361 150904 75 351 29 170 25 38 65 163 283 93 1137 247 328 738 4006 714 110 64 107 39 56 1121 51 109 50 1701
internal_value=4.27562e-06 -0.00160052 -0.000729084 -0.00526643 0.00489016 -0.000638779 0.00366788 0.00482595 0.00243056 -0.000543439 -0.00408484 -0.0109352 -0.00304862 -0.000821834 -0.000407839 0.00128265 -0.00137052 -0.00337719 0.00769589 0.00992626 0.00859831 -0.0287094 0.0201167 0.0286931 -0.00143639 0.00271318 -0.005151 -0.008616 0.0152621 0.0305378 0.00139004 0.00941752 0.00336021 0.00300745 0.000605627 -0.00282152 0.00716319 0.00309984 0.00759068 -0.00417362 0.0139796 -0.0148486 -0.0241024 -0.0377331 -0.00510734 0.011382 0.00930786 -0.0112673 -0.0153001 -0.0233242 0.00765729 0.016022 0.00559804 0.00878489 -0.0464673 0.000222983 0.0090486 0.00543317 -0.0187664 -0.0413512 0.00459341 -0.00288343
internal_weight=38435.1 28932.2 23375.5 5556.68 9502.94 23305.2 7147.11 5605.62 3055.42 1541.49 4840.52 635.998 4204.53 22888.5 20262.4 7352.08 12910.3 1137.92 2550.2 1683.94 2355.83 104.233 281.016 143.201 12884.4 3037.98 297.092 257.403 417.453 68.0672 7330.17 416.642 866.259 860.956 681.051 4176.76 1938.38 669.645 414.018 255.627 71.8244 59.8412 50.8951 39.6237 39.5121 354.177 1268.73 183.803 159.575 105.197 1082.44 213.835 868.609 631.375 10.5312 54.3783 325.17 259.984 45.5003 23.1339 22.3664 237.234
internal_count=970553 705802 467445 238357 264751 453973 250476 143417 74343 107059 214246 49898 164348 445899 320769 105182 215587 82882 69074 18963 14275 7458 4267 1489 214963 71283 8911 8625 2236 365 104912 8074 50111 49760 41625 158274 12039 4232 2126 2106 585 295 266 228 415 1831 7807 1521 1352 1066 6670 789 5881 4070 132 286 1738 1387 266 160 106 1811
is_linear=0
shrinkage=0.05


Tree=66
num_leaves=63
num_cat=0
split_feature=6 7 9 9 11 12 7 5 13 13 9 6 5 1 1 2 5 9 1 9 12 3 6 7 3 3 6 9 5 2 13 2 8 8 8 8 6 4 1 9 9 2 9 1 1 3 12 5 12 3 9 3 1 8 7 4 4 2 7 4 7 12
split_gain=110.306 32.0148 16.9647 16.9149 16.6598 15.8108 13.0543 15.1081 12.1244 12.4415 11.9791 11.3481 13.76 11.3031 10.4527 10.2487 9.75805 12.7173 12.7255 9.70778 9.67235 9.57079 9.38269 9.32882 9.17442 14.4544 8.20956 11.7571 8.06265 10.1034 9.52982 8.61841 8.43649 8.10824 9.3739 11.3589 9.97012 8.07888 7.90206 7.78519 7.75393 7.60268 7.58247 12.3693 14.4011 8.84682 7.90984 7.54543 7.3804 7.08872 8.34172 7.00437 8.39993 6.89361 6.88607 12.7657 7.49355 6.86043 6.82092 6.74051 6.6256 6.55677
threshold=0.33609920740127569 0.20509669184684756 0.098035763949155821 0.31697301566600805 6.5000000000000009 1.0000000180025095e-35 0.081275444477796568 3.1984648704528813 0.54873874783515941 0.41924388706684118 0.64848908782005321 0.40200768411159521 2.4414010047912602 0.37808622419834143 0.41737200319767004 0.10626265406608583 2.4414010047912602 0.36813701689243322 0.51832541823387157 0.11913395673036577 0.10328164324164392 8.1012215614318865 0.21497888118028644 0.24046788364648822 5.6542406082153329 5.6076369285583505 0.26882018148899084 0.21800297498703006 4.3241107463836679 0.5102694332599641 0.50398144125938427 0.5204979181289674 0.38775232434272772 0.66804036498069774 0.44718402624130255 0.41712661087512976 0.4337878972291947 0.51719680428504955 0.49149402976036077 0.10099299624562265 0.18724904954433444 0.5191103219985963 0.24210239201784137 0.53272977471351635 0.52813622355461132 7.2892689704895028 0.10673087462782861 4.3502571582794198 1.5042868256568911 5.7317204475402841 0.12190329656004907 2.7403194904327397 0.43498201668262487 0.45494559407234197 0.29816405475139623 0.59411728382110607 0.51719680428504955 0.53754729032516491 0.41466477513313299 0.51964622735977184 0.52464145421981823 0.050942661240696914
decision_type=2 2 2 2 2 2 2 2 2 2 2 2 2 2 2 2 2 2 2 2 2 2 2 2 2 2 2 2 2 2 2 2 2 2 2 2 2 2 2 2 2 2 2 2 2 2 2 2 2 2 2 2 2 2 2 2 2 2 2 2 2 2
left_child=1 6 -3 -2 5 -5 14 8 9 51 -6 58 60 41 -1 -4 23 19 48 22 -20 39 -18 24 25 40 42 -28 -14 38 32 -32 -31 34 35 57 -36 -37 -30 -11 -17 -9 -21 44 -44 47 -47 -45 61 -26 -51 52 -8 -25 -22 56 -56 -33 -7 -35 -13 -19
right_child=3 2 15 4 10 11 7 13 -10 21 -12 12 28 -15 -16 16 17 18 20 26 54 -23 -24 53 49 -27 27 -29 29 30 31 33 -34 59 36 37 -38 -39 -40 -41 -42 -43 43 45 -46 46 -48 -49 -50 50 -52 -53 -54 -55 55 -57 -58 -59 -60 -61 -62 -63
leaf_value=0.0059749302713637759 -0.020286226148371275 -0.045010677875664887 -0.022701623131766109 -0.029568924624383541 -0.0049221293315414548 -0.00088351532434608404 -0.00029159036524020071 0.00030323715819275548 0.023885988502971602 -0.023666241579554943 -0.018686063990412276 -0.0083434838740546712 -0.0016491799906686129 0.006080238093527081 0.027860112403094633 0.00023096545567492978 0.0070603042233460438 -0.069615960140151686 0.036273204966327313 -0.00030563564248697786 0.01779155073967198 0.032868679557723428 -0.0526418243552512 0.0021653714195021055 0.048114901363955097 -0.062793990407090314 -0.023875505135220111 -0.0018366497912198705 -0.0056734145135066624 -0.042269757446933162 -0.085509595596550414 0.056279471551865412 -0.0011925928161191609 -0.0022234820027589321 0.048735294691594294 -0.012662111155580986 -0.015287990058040067 -0.10843639145106856 0.029240986031010347 0.00071370756704699015 0.017287197309641251 -0.023445749314180097 0.0022985234082999301 0.023570625090477207 -0.068575615169432044 -0.049279131516008455 0.0049127694958873164 0.0036874696708888315 -0.012127168510382336 0.030618598490203472 0.0089901176404838939 0.013300320465330898 -0.10942654292117214 0.04444209229112446 0.060682753210744171 -0.018194929852146154 0.0091188267154070114 -0.0296487703245314 0.022655315555922807 -0.11531714410192173 -0.034393351489281923 0.0042194092633050925
leaf_weight=97.616442975937389 138.83624436234822 19.624041861156002 43.599738053366309 51.46868676134909 4274.2087831489625 9214.4253254339055 72.556456881808117 918.26196590992913 154.65920824959176 51.439700409362558 164.1518554672657 992.34592169741518 3167.3027487045038 1940.8371313893294 123.69262894336134 273.56760081462562 10.607074923405891 3.0271182563155881 41.200593917164952 2180.5923978085339 150.22190053481609 15.812022727914153 17.337853353121318 8032.4092424083792 14.908096435014157 8.1882649173494411 61.745641793429968 3036.2795149622689 53.306587655853946 14.363728597178122 6.1496133365435517 2.6240630828542661 96.321294094494078 1.9227466885931779 7.2404626077041021 3.0536365576554072 37.968046351219527 7.8939405824057758 23.284638535697013 90.099402654916048 88.090609064442106 34.982795430463739 718.92329981469084 163.10728012677282 7.2395261717028907 9.1230145413428527 25.707669866038486 67.44498042576015 87.747361998190172 54.138650611042976 252.50529567792546 616.8488282575272 1.8070560563355673 9.6539631354389694 7.7092203442007294 48.956367464736104 81.887227163650095 20.235063029802404 30.879212527594063 4.1856116813141853 25.024793979828246 447.42672346980544
leaf_count=10848 16026 8187 7558 6992 133783 162951 4348 80047 3079 2224 14195 31571 110921 20970 1262 6590 445 359 136 58618 694 86 3060 117257 112 71 7715 82844 8311 596 130 52 5393 114 119 122 892 59 201 2165 1594 1819 25451 713 76 42 147 468 3368 331 1750 7528 15 162 64 225 583 496 673 66 1631 11579
internal_value=-9.64287e-05 0.00246372 0.00144966 -0.00290012 -0.00276748 -0.00190829 0.00639404 0.00572324 0.0110107 0.00866409 -0.00543119 -0.00180444 -0.00387493 0.00389035 0.0182069 0.00150684 0.00157323 0.000205804 0.00587893 -0.00057622 0.0136099 -0.00402513 -0.0299806 0.00269527 0.00826854 0.0028981 -0.00044517 -0.0022759 -0.00236642 -0.010522 -0.0163862 -0.0283469 -0.00652323 -0.0242172 -0.0199267 -0.0398418 -0.00503421 -0.0817218 0.00494098 -0.00814672 0.00438542 -0.000568319 0.00134279 0.00496797 0.00159194 0.0142057 -0.00928142 0.0177541 0.001139 0.0144456 0.0128087 0.0115527 -0.0029436 0.00221612 0.0103764 0.00233683 0.0135556 -0.0197848 -0.000804896 -0.0797183 -0.00898425 0.00372322
internal_weight=38418.8 20081.6 15963 18337.2 18198.4 13760 4118.61 3897.3 1003.22 848.563 4438.36 13708.5 4463.22 2894.08 221.309 15943.3 15899.7 7166.28 868.177 6298.11 329.975 157.351 27.9449 8733.46 691.399 369.846 6270.16 3098.03 3445.85 278.549 201.958 91.2732 110.685 85.1236 79.0152 33.8067 45.2085 10.9476 76.5912 141.539 361.658 953.245 3172.14 991.546 726.163 265.383 34.8307 230.552 538.201 321.552 306.644 691.212 74.3635 8042.06 288.775 138.553 89.5964 22.8591 9245.3 6.10836 1017.37 450.454
internal_count=969884 474590 340199 495294 479268 331290 134391 122281 19445 16366 147978 324298 160674 102836 12110 332012 324454 196587 17008 179579 1702 4475 3505 127867 10448 8255 176074 90559 127472 16551 8039 2050 5989 1920 1740 729 1011 181 8512 4389 8184 81866 85515 26897 25527 1370 189 1181 15306 2193 2081 11891 4363 117419 1566 872 647 548 163624 180 33202 11938
is_linear=0
shrinkage=0.05


Tree=67
num_leaves=63
num_cat=0
split_feature=6 6 7 1 9 9 9 1 13 2 4 0 1 10 10 2 10 6 9 0 8 1 10 12 13 2 0 8 9 9 12 2 13 8 6 12 0 2 6 9 8 8 13 13 10 13 13 1 2 9 13 12 9 0 1 9 13 12 4 1 0 8
split_gain=109.662 24.7261 24.712 16.9503 15.1357 15.0253 11.7483 11.6809 11.3839 10.2788 15.0142 9.91495 9.30486 8.86878 9.60907 9.52175 8.83442 8.29142 10.4051 9.22764 10.481 8.13008 8.96805 8.10637 9.47457 8.70261 9.90426 9.55477 8.16238 7.99659 10.5877 9.38336 8.28402 14.1507 8.72027 7.76401 7.66198 7.66042 7.43759 8.45984 7.36068 8.7737 7.26927 7.76761 11.7648 9.26033 9.00292 8.48562 8.01915 7.79893 8.25582 8.47092 7.26397 7.0597 7.48849 8.83034 14.7901 9.96038 8.82103 9.2056 7.46977 7.25282
threshold=0.29702274501323706 0.40200768411159521 0.1872346177697182 0.36478771269321447 0.424973875284195 0.24719034880399707 0.078748404979705824 0.50076606869697582 1.3907248973846438 0.7198392152786256 0.61066952347755443 6.5659687519073495 0.37979020178318029 12.501635551452638 12.435929775238039 0.12516578286886218 9.5645465850830096 0.089957650750875487 0.15933437645435336 8.599403381347658 0.23850990086793902 0.58438140153884899 11.474709510803224 0.079371079802513136 1.4720080494880678 0.55240729451179515 8.7641501426696795 0.69393038749694835 0.50363564491271984 0.21552958339452746 0.074341304600238814 0.55426257848739635 0.41065651178359991 0.13860223442316058 0.16716509312391284 0.06827466189861299 0.89587974548339855 0.62169596552848827 0.33609920740127569 0.33661496639251715 0.63279500603675853 0.56617209315299999 0.5012301802635194 0.3101449608802796 10.72174644470215 0.34087876975536352 0.28582702577114111 0.44372870028018957 0.56044232845306408 0.11913395673036577 0.19749954342842105 1.8243314027786257 0.5069728195667268 2.1383330821990971 0.42994327843189245 0.074274059385061278 0.28290329873561865 0.68936580419540416 0.4620081633329392 0.50161772966384899 4.2413008213043222 0.15537236630916598
decision_type=2 2 2 2 2 2 2 2 2 2 2 2 2 2 2 2 2 2 2 2 2 2 2 2 2 2 2 2 2 2 2 2 2 2 2 2 2 2 2 2 2 2 2 2 2 2 2 2 2 2 2 2 2 2 2 2 2 2 2 2 2 2
left_child=2 5 12 4 -3 -2 -4 11 52 -8 -11 13 -1 14 15 -7 23 42 53 20 29 22 -22 24 40 -25 27 -27 35 30 -20 -31 -33 34 -34 -26 -6 -24 -17 -40 41 -5 43 46 -45 47 48 -46 49 50 51 -14 -9 -19 -55 56 58 60 -56 -60 -58 -57
right_child=1 3 6 16 36 7 9 8 -10 10 -12 -13 17 -15 -16 38 -18 18 19 -21 21 -23 37 25 28 26 -28 -29 -30 31 -32 32 33 -35 -36 -37 -38 -39 39 -41 -42 -43 -44 44 45 -47 -48 -49 -50 -51 -52 -53 -54 54 55 61 57 -59 59 -61 -62 -63
leaf_value=0.0039256141246908445 -0.022104209554807873 -0.030590339794649882 -0.040897511005523711 0.00079640476008806184 -0.0023690134196903104 -0.016334296429751812 0.0021882291754425072 5.3111783602591018e-05 0.011461206022224002 0.0026884018843608025 0.029963105191765989 -0.0055873455735151057 0.085622955604376078 -0.0067084351640133676 0.0083549591776994527 0.00071025037818519003 -0.0046598973984178357 -0.050350742995072251 -0.02406882779568606 0.036452095806102702 0.018959120454487929 -0.075601052466307717 -0.076017671530868497 0.010883344373360039 -0.07104704242968124 -0.0014673154866027263 0.050575477380166357 -0.064448524943599678 -0.010485170623577298 0.017980372135207316 0.019579437356461903 0.0061325052353447809 -0.030704764184749642 0.0051396308372763221 -0.10497015461549242 -0.012008681719297476 -0.010958763077730943 0.017304308370181175 -0.017151018202599427 -0.0017915876355192734 0.034578332141000638 -0.031594221315726485 0.031057617316019605 0.01716276682998821 -0.073527136311930183 -0.084805457304212087 0.046677938094919331 0.035158492908156529 0.022207890710391125 0.034482393842287483 -0.082574658215750538 -0.058105721731885142 0.010078375777422717 0.011816399913399542 0.029621597576188638 0.007853362282689234 -0.090409960465743941 -0.060383962808173069 0.0032505673111966555 -0.087428136130249842 -0.0082960882937947126 -0.0049627260068299903
leaf_weight=1204.8461974028032 85.705939200204739 82.698952919869043 15.680635531374717 202.51470028795302 362.67940991965588 103.66508650968171 10248.432826789576 3978.0786661369493 251.55947717139497 129.62829569587484 82.614379176869988 1546.100145236298 1.9155509136617164 730.55771722248028 266.3437504285248 3812.6056696376181 3239.1782776171895 5.6446670403820454 14.456787551753221 40.348851811140776 14.787624506279831 4.9780377242714158 6.2252118811011297 274.73941295529949 12.836002317490058 308.23215271241497 8.9735934399068338 6.1419588350690892 63.497677609324455 103.96565120574087 356.48732948326506 106.75645544659346 14.523458413314076 25.833078012568876 5.4307785574346772 9.8359719563741219 913.50035437980841 3.4000229085795581 90.64730711444281 8151.3350516100909 14.189667151775209 23.313402927014977 79.260964700486511 18.912593509186991 2.8477094286936318 6.8727036201162264 22.210148936836049 4.8621990613173693 31.073578544484917 4.2229860522784284 6.2104703499935567 2.2054037791676819 189.28245139215142 343.27208846117719 25.877259740722366 500.24657712830231 2.9874937929562284 16.413654499105178 11.964519499568267 3.6535348420729852 37.969883421028499 141.65005698869936
leaf_count=88331 13665 13083 7505 1371 27169 9066 231233 26162 1104 691 274 34037 8 21211 5889 85071 105128 221 65 167 261 29 146 4077 76 3248 42 182 469 1159 2979 764 160 243 63 71 82554 31 6854 180382 117 197 602 310 122 205 203 69 307 33 297 135 1145 4507 201 3513 124 390 110 113 601 1404
internal_value=-7.7911e-05 -0.0020636 0.0035197 -0.00501215 -0.00986094 -0.0012158 0.00234896 -0.00112217 0.00113198 0.00241378 0.0133049 -0.00179972 0.007386 -0.00135457 -0.00103976 -0.00124557 -0.00342959 0.00950509 0.0084732 0.0132432 0.0118175 -0.0173651 -0.00549017 0.000882121 -0.00545849 0.00434019 -0.00121934 -0.00269779 -0.0196805 0.0131845 0.0178783 0.0063966 -0.00149827 -0.01929 -0.050917 -0.0454339 -0.00851763 -0.0430526 -0.00111581 -0.00196051 -0.000352599 -0.00254745 0.0197151 0.0108432 -0.00885759 -0.0426041 0.0205705 -0.00498532 0.00786224 -0.0227656 -0.0461658 0.00870394 0.000508461 0.00542127 0.00571168 0.00288273 -0.0110273 -0.0274742 0.0117121 -0.0179619 -0.0142856 0.00502518
internal_weight=38376.9 24728.2 13648.7 5522.33 1358.88 19205.9 10476.4 19120.2 4418.92 10460.7 212.243 14701.3 3172.31 13155.2 12424.6 12158.3 4163.45 1967.47 1786.87 697.193 656.844 29.3909 24.4129 924.275 326.187 598.087 323.348 314.374 86.1697 627.454 370.944 256.509 152.544 45.7873 19.9542 22.672 1276.18 9.62523 12054.6 8241.98 240.018 225.828 180.594 101.333 33.4952 14.5826 67.8381 7.70991 45.628 14.5544 10.3314 4.12095 4167.36 1089.68 1084.04 740.763 98.8663 57.371 41.4953 15.6181 40.9574 641.897
internal_count=969946 622370 347576 237784 122806 384586 239703 370921 28411 232198 965 342510 107873 308473 287262 281373 114978 19542 17251 6067 5900 467 438 9850 2301 7549 3472 3430 616 5433 3044 2389 1230 466 223 147 109723 177 272307 187236 1685 1568 2291 1689 706 396 983 191 780 473 440 143 27307 11184 10963 6456 1539 1115 424 223 725 4917
is_linear=0
shrinkage=0.05


Tree=68
num_leaves=63
num_cat=0
split_feature=7 6 9 1 9 2 6 6 12 8 10 9 1 0 2 1 8 1 4 12 12 9 9 10 10 3 9 6 2 10 10 7 10 8 9 3 9 1 10 10 3 9 9 3 1 9 9 6 2 7 12 9 9 2 12 9 1 2 4 6 10 3
split_gain=112.546 32.3414 16.1725 14.3295 13.9051 13.8987 12.8191 11.9125 11.5 11.1402 14.0683 10.9513 9.64351 9.0553 9.02303 8.48696 14.1441 7.99209 10.8667 8.73651 8.54951 7.84834 7.47201 7.46882 8.74284 7.46614 7.60359 6.97033 6.64978 6.59755 11.5845 6.63811 6.43741 6.40268 7.31213 10.694 8.81146 7.22958 7.80883 9.79446 9.21962 9.08191 13.8816 8.61182 8.49834 8.47899 7.3147 6.84643 6.59653 7.42104 6.33901 6.83612 10.9181 10.046 9.3192 7.68596 7.20622 6.98672 6.51995 6.04314 6.49835 7.0584
threshold=0.26778851449489599 0.40200768411159521 0.20200094580650332 0.47839723527431494 0.41596378386020666 0.24429211765527728 0.2161563262343407 0.33609920740127569 0.19885819405317309 0.21858798712491992 9.0030698776245135 0.31697301566600805 0.30458468198776251 5.3254430294036874 0.52447485923767101 0.63244789838790905 0.44717417657375341 0.32386364042758947 0.33355544507503515 3.6048977375030522 1.0063453912734988 0.16758801043033603 0.10829129815101625 1.0000000180025095e-35 8.7296881675720233 6.7906594276428232 0.07028070837259294 0.57286626100540172 0.4722339808940888 9.6007256507873553 9.8790659904479998 0.34997659921646124 10.163811206817629 0.18676832318305972 0.28499121963977819 8.751869201660158 0.23989140987396243 0.6109130084514619 11.12258291244507 12.465131282806398 6.8227417469024667 0.15194101631641391 0.17717922478914264 4.4716224670410165 0.37041097879409796 0.22734941542148593 0.14634659141302112 0.23712783306837085 0.59514522552490245 0.25968259572982794 2.2170859575271611 0.44718426465988165 0.4467270970344544 0.34547378122806555 2.1033823490142827 0.40861029922962194 0.62213659286499035 0.14390365779399875 0.55275359749794017 0.36595837771892553 8.8223190307617205 1.4978661537170412
decision_type=2 2 2 2 2 2 2 2 2 2 2 2 2 2 2 2 2 2 2 2 2 2 2 2 2 2 2 2 2 2 2 2 2 2 2 2 2 2 2 2 2 2 2 2 2 2 2 2 2 2 2 2 2 2 2 2 2 2 2 2 2 2
left_child=5 2 -2 4 -3 21 17 9 -5 10 14 -9 32 27 -4 23 -17 25 19 20 -19 -1 -8 -13 -25 -7 -27 -6 -10 -14 -31 -32 -11 34 35 36 37 38 41 46 45 43 44 -24 -43 -41 -40 -48 -38 -50 51 52 55 -54 -55 56 57 58 -26 60 61 -59
right_child=1 3 7 8 13 6 22 11 28 12 -12 15 29 -15 -16 16 -18 18 -20 -21 -22 -23 33 24 50 26 -28 -29 -30 30 31 -33 -34 -35 -36 -37 48 -39 39 40 -42 42 -44 -45 -46 -47 47 -49 49 -51 -52 -53 53 54 -56 -57 -58 59 -60 -61 -62 -63
leaf_value=-0.0043274012709624823 -0.022821880061633437 -0.026762532328086921 0.0028000863981242543 0.0019071954724672636 -0.0034676612424867472 0.0045058664150300146 -0.049803885118020266 -0.017537665850676211 0.013900808622389375 -0.0093277718046920963 -0.010881846088591678 -0.02619973984384516 0.0048631321948802734 -0.0105156110070276 0.048327227255354571 0.0017860556819683994 0.033622782354122097 0.029084385831297573 0.0077880052197772665 0.075768049098663359 0.0029852109362126728 0.0035144027781863815 -0.056936515771518231 0.0024940060492255997 -0.013827836605757796 -0.050225601504571449 -0.0055016367989088608 -0.017630872119123783 -0.0052601234778659241 -0.010193728160392108 0.0012225516212708036 0.027851207087793685 -0.001146182274056854 0.004407114207416101 0.010752023037208083 -0.077603698183305536 -0.0070036950643558322 0.028713113609698804 -0.016742563432716611 -0.049190376612417833 0.027895768132318189 -0.0044502168969707779 -0.007722579395534202 0.026028806034282162 -0.07285442108479305 0.037398916096244149 0.018089549315016495 -0.0033458800030452874 -0.045603558288409188 0.012447486451350506 -0.0066998114010082465 0.0020002189211628225 -0.0016044561377540076 -0.018586607041752846 0.044638430318882351 0.0017931255544555728 0.024022656384963634 -0.052659191792220318 0.069304705443173922 -0.0070356993097651548 -0.0017465191702085881 -0.0091072194620640933
leaf_weight=597.4024182471112 82.681735051599389 92.642140799507615 33.874399650638225 947.08375381212682 1315.6602479149151 643.26005698319932 6.5820847547001895 108.2167935841062 46.381080305320211 307.19986681442242 363.73831452292507 31.117096436486463 1267.2695153758978 1063.0521023913025 16.034649724140763 170.50627549458295 43.860674187541008 82.030421913324972 3387.5455576559471 7.1687162025482385 50.816361818026053 684.83986216552148 3.5443198800785494 1142.3763774984982 164.64655308522924 10.793993535407933 79.4811316721607 93.01127957002609 1908.7570044163731 225.73675305745564 7164.8195062927552 23.480491043301299 1106.0383944002242 3334.0255507014517 111.02540212270105 4.8010414727032176 70.643392188532744 21.473996191285551 24.864564963034354 19.952236857730902 7.1811280890833578 6.6150567644508582 132.09709563967772 26.616999029414728 14.478610542602835 3.2939407736994317 134.10742659983225 51.578047080663964 27.093195443972945 6.9093190988060078 701.41347412386676 1068.4172367293359 194.32277555949986 228.69383516453672 5.9806975107640019 1248.1435516782221 25.652136333752424 12.328287227777762 2.3928114948794237 618.27458990289597 6893.7203429283109 37.913183474913239
leaf_count=70981 14428 13306 799 7495 94521 36098 2010 8902 962 19849 11375 4127 13731 71210 55 739 153 1843 40385 85 1462 44509 118 4992 7546 1107 3782 10860 39667 5885 106887 603 40200 48999 1981 51 2312 65 374 545 118 277 3253 313 148 107 1905 902 304 61 23389 23421 5054 2739 65 29917 120 120 12 20023 123045 237
internal_value=1.6167e-06 -0.00156028 -0.000747868 -0.00502131 -0.00774465 0.00470443 0.00545559 -0.00066922 -0.00261499 0.000576077 -0.00746622 -0.00169976 0.000905629 -0.00703184 0.0174269 -0.00156363 0.00830003 0.00736475 0.0083522 0.0220023 0.019101 -0.000139129 0.00342531 -0.00173449 -0.00167281 0.00261614 -0.0108492 -0.00440282 -0.00480558 0.00152916 0.000959292 0.00130953 -0.00292464 0.00351289 -0.00096179 -0.00330403 -0.00265599 0.000408971 -0.00102341 0.0048931 -0.0216235 -0.00879942 -0.0137371 0.0162794 -0.0514026 -0.0369208 0.00872511 0.0121354 -0.0157131 -0.0338076 -0.00209775 -0.00179034 -0.00221972 -0.0100128 -0.0169753 -0.00184837 -0.00243447 -0.00252228 -0.012637 -0.00229886 -0.0018771 -0.019794
internal_weight=38305.7 28755.4 23288.9 5466.59 2564.37 9550.22 8267.98 23206.2 2902.22 10508.2 413.647 12698 10094.5 2471.72 49.909 12589.8 214.367 4261.1 3527.56 140.015 132.847 1282.24 4006.88 12375.4 12344.3 733.535 90.2751 1408.67 1955.14 8681.31 7414.04 7188.3 1413.24 4000.3 666.276 555.25 550.449 445.803 424.329 240.977 30.4273 183.352 153.191 30.1613 21.0937 23.2462 210.55 185.685 104.646 34.0025 11201.9 10500.5 9432.07 428.997 234.675 9003.07 7754.93 7729.28 167.039 7562.24 6943.96 50.2415
internal_count=970529 706434 468413 238021 189897 264095 148605 453985 48124 199384 12229 254601 187155 176591 854 245699 892 84762 43775 3390 3305 115490 63843 244807 240680 40987 4889 105381 40629 127106 113375 107490 60049 61833 12834 10853 10802 8125 8060 3951 770 4109 3678 431 425 652 3181 2807 2677 365 235688 212299 188878 7858 2804 181020 151103 150983 7558 143425 123402 357
is_linear=0
shrinkage=0.05


Tree=69
num_leaves=63
num_cat=0
split_feature=7 6 6 5 9 9 6 5 2 4 5 10 9 4 0 7 13 5 6 5 4 3 5 2 7 9 2 9 5 3 9 4 3 5 0 9 13 0 13 2 13 0 3 4 2 3 4 9 6 12 10 5 7 9 9 10 4 0 7 7 12 10
split_gain=118.703 37.0563 16.0459 20.0922 14.2621 13.8702 12.7275 18.9409 18.7052 11.6309 12.3835 11.5914 11.3736 10.047 10.0375 9.88263 9.58518 9.0517 17.4786 8.85409 9.19923 18.2175 8.78417 8.2303 8.1986 7.84328 7.76887 7.5734 8.50805 10.5019 7.45963 7.7466 8.21496 9.34467 9.09567 7.5119 7.75646 7.39444 7.99798 9.55622 7.64867 7.32496 7.37997 7.97259 9.3206 8.35176 10.0524 7.98671 7.12761 8.18549 8.02249 7.52076 6.96758 7.92754 6.94136 8.47013 8.85057 8.77751 8.3499 6.88289 8.54912 6.84016
threshold=0.25247138738632208 0.33609920740127569 0.47045868635177618 2.5249279737472539 0.17542195320129397 0.33461612462997442 0.13008482009172442 2.8029010295867924 0.15016964077949527 0.44577214121818548 4.3107767105102548 12.130815505981447 0.48103672266006475 0.44146122038364416 2.5249279737472539 0.1872346177697182 1.3907248973846438 1.4978661537170412 0.37711146473884588 3.7256208658218388 0.53870505094528209 6.6247289180755624 3.5694335699081425 0.14390365779399875 0.56328803300857555 0.16464009135961535 0.63270419836044323 0.50363564491271984 2.1383330821990971 4.3107767105102548 0.21800297498703006 0.62705692648887645 7.8460030555725107 2.6020033359527592 7.2086000442504892 0.20400134474039081 0.19687554985284808 8.635775566101076 0.23727313429117206 0.46279951930046087 0.19687554985284808 5.3254430294036874 5.9571309089660653 0.53483298420906078 0.60351046919822704 5.4445774555206308 0.44724337756633764 0.27764984965324407 0.36595837771892553 0.21620938926935199 10.140120029449465 3.1984648704528813 0.41325548291206365 0.39047344028949743 0.46411965787410742 11.570826530456545 0.6513611674308778 8.0632195472717303 0.1363976672291756 0.52464145421981823 0.050942661240696914 12.016508579254152
decision_type=2 2 2 2 2 2 2 2 2 2 2 2 2 2 2 2 2 2 2 2 2 2 2 2 2 2 2 2 2 2 2 2 2 2 2 2 2 2 2 2 2 2 2 2 2 2 2 2 2 2 2 2 2 2 2 2 2 2 2 2 2 2
left_child=6 4 5 59 -2 -3 14 8 -8 10 -9 17 26 -12 -1 -10 54 18 23 20 21 -19 -16 -7 -14 -24 -5 28 29 -6 31 32 34 -34 -17 36 -36 38 40 -40 -32 42 43 44 -30 -46 -47 -45 61 51 -51 -50 53 -20 55 56 -11 58 -57 -4 -61 -22
right_child=1 2 3 12 27 11 7 9 15 16 13 -13 24 -15 22 30 -18 19 52 -21 48 -23 25 -25 -26 -27 -28 -29 41 -31 37 -33 33 -35 35 -37 -38 -39 39 -41 -42 -43 -44 47 45 46 -48 -49 49 50 -52 -53 -54 -55 -56 57 -58 -59 -60 60 -62 -63
leaf_value=-0.010837905161004418 -0.024463397877855238 -0.015841314165877404 -0.015595035538749786 -0.038228096210856911 -0.00040854146250200106 -0.014913142775377501 -0.0042120035655815492 0.0019380766849793167 0.01962589497835434 0.0011438233538514785 -0.0065341817485998783 -0.0058682713595761002 -0.0027938189826504146 -0.055093182573124344 0.027510699756231313 0.0073069950915861069 0.01626342124430305 0.0010859051734555581 -0.019878598816271173 -0.0039902330634239529 0.0092405200265926208 -0.0072183417356723473 0.008087732682767754 -0.0015277856816019461 -0.010914633070072103 0.020411057214504022 0.014252259878115703 0.01312796029284365 0.0002509042455437465 0.003699345927927246 0.013067772712544204 -0.024292934110777833 0.027406091772478814 -0.0036306404130515462 0.035788846321206068 -0.058593362994007858 -0.010665745778707745 -0.031206983595574542 0.0079551823972128805 0.025275028358454577 -0.019659026238946564 -0.0024420204899352638 0.014472654706088835 -0.0065519546333709412 -0.01173353600908182 0.0073841953160698418 -0.10608349856792119 0.013066512301272974 0.0038381185485350296 -0.022943681200681659 0.00078609409661422453 0.022182167424955809 -0.015514175983332313 -0.0048213608611435742 0.026035577142774526 0.035526438798177983 0.027346862963263264 -0.039260575580991684 0.0085269702301747196 -0.12239296691390439 -0.030984398245206404 0.047202940560758515
leaf_weight=51.785504781128111 56.075518727800954 187.80014062806731 232.01005653946777 39.937244705783087 2737.838905605895 117.14842896122718 267.678308064671 2303.6122989100259 228.99935310147703 1243.8822585496819 351.27907671480352 1869.0284465003933 1528.8385669263662 10.985289777629076 81.050963242654689 1220.0575863969279 190.78698719962267 3150.2379967548331 97.402362486027414 1337.0754615973347 298.96983416983858 835.61308384407312 717.65654638227716 5829.474685395835 390.10436974954791 157.44263667511404 8.5640571763506141 123.52507895629969 1985.4195892937714 3603.8837517848879 47.556167421163991 19.601693525910378 94.866145866923034 32.5816677629482 10.249615717912091 7.0784900137223294 72.860854161670431 8.6796600576490146 128.17407049296889 210.33076810697094 28.584312151186168 2969.1020954064006 101.18248599837534 67.787907202262431 67.913690510205925 3.0789324864745122 5.3327029214706272 221.0269851826597 164.97435682732612 37.349964679218829 767.81611179630272 84.489392477087677 266.48050620523281 852.55684941928484 36.68043885845691 30.309321428183466 33.083234192337841 9.1877549178898317 518.65925159686594 2.6981628857320166 49.213762236817274 12.356240462511776
leaf_count=8621 10716 17975 11954 5150 59629 3709 15711 96275 2215 11672 38277 59591 64124 332 1385 15132 846 105993 2709 52895 1385 18603 27924 82926 33197 2319 244 1722 77262 31437 540 69 452 157 71 85 644 45 2042 973 232 57432 2491 448 946 84 56 1283 800 228 5538 367 8219 16172 188 124 100 89 4315 62 3430 63
internal_value=-2.32946e-05 -0.00147003 -0.00289263 -0.00684345 0.000693284 -0.00233352 0.00534417 0.00459833 0.00823902 0.00276793 0.000586689 -0.00217216 -0.00504909 -0.00800668 0.0106022 0.00981886 0.00558716 -0.00167344 -0.00290856 -0.00035077 0.0005585 -0.000655037 0.0117634 -0.00179148 -0.00444471 0.0103049 -0.0289614 0.000811967 0.00068263 0.0019259 0.00862468 0.00692745 0.00735311 0.0194716 0.00617434 -0.00914797 -0.00493672 0.0144674 0.0154235 0.0187169 0.000781627 -0.000771838 0.00125078 0.000681631 -0.000408243 -0.0175544 -0.0645506 0.00846185 0.0040996 0.00213722 -0.00031468 0.010051 -0.00836945 -0.00636523 0.00449896 0.00406848 0.00182268 0.00920648 0.0100176 -0.0192775 -0.0357354 0.0107472
internal_weight=38216 30102.3 18160.1 2251.37 11942.2 15908.8 8113.7 7105.76 2377.3 4728.47 2665.88 15721 1967.44 362.264 1007.94 2109.62 2062.59 13851.9 7163.06 6688.88 5351.81 3985.85 956.15 5946.62 1918.94 875.099 48.5013 11886.1 11762.6 6341.72 1880.62 1457.3 1437.69 127.448 1310.25 90.189 83.1105 423.325 414.645 338.505 76.1405 5420.84 2451.74 2350.56 2061.74 76.3253 8.41164 288.815 1365.96 1054.63 805.166 249.464 1216.44 949.959 1871.8 1835.12 1276.97 558.156 548.969 283.922 51.9119 311.326
internal_count=969675 738840 495334 118161 243506 377173 230835 190586 38368 152218 134884 359198 102715 38609 40249 22657 17334 299607 113735 185872 132977 124596 31628 86635 97321 30243 5394 232790 231068 91066 20442 16610 16541 609 15932 800 715 3832 3787 3015 772 140002 82570 80079 78348 1086 140 1731 8381 6933 5766 1167 27100 18881 16488 16300 11772 4528 4439 15446 3492 1448
is_linear=0
shrinkage=0.05


Tree=70
num_leaves=63
num_cat=0
split_feature=6 6 9 6 1 10 0 10 10 1 6 5 6 5 1 3 9 6 5 12 0 9 10 6 10 5 4 0 12 2 5 13 13 13 10 9 3 3 1 0 0 2 6 4 13 4 13 4 10 9 5 9 4 0 9 10 3 0 13 4 10 9
split_gain=104.438 23.6872 21.853 16.5375 14.1175 10.5584 17.9344 10.9629 12.7694 10.4819 12.5901 12.0852 10.935 10.1447 10.0175 9.62582 9.43673 12.1328 9.83213 10.9837 13.5881 13.8041 10.6955 11.4912 13.5526 9.527 10.1296 15.8264 9.97511 9.38957 9.30831 17.838 15.9541 21.0521 18.0025 13.3671 11.845 11.1206 9.24517 9.21348 9.49262 9.03807 8.93608 10.862 8.6517 8.41408 8.23368 10.2796 15.641 9.58796 8.18654 8.81843 8.02931 7.99526 7.98508 7.92358 14.0922 7.86313 7.77782 15.5144 7.55406 9.5049
threshold=0.31563769280910497 0.22954047471284869 0.13476385921239856 0.56033393740654003 0.33608491718769079 11.665178775787355 6.0075833797454843 11.65768337249756 11.602254390716555 0.37808622419834143 0.089957650750875487 3.4811217784881596 0.14687307178974154 2.4414010047912602 0.072359357029199614 3.4498615264892583 0.16191840916872027 0.1833189278841019 4.388237953186036 0.39203828573226934 7.4082274436950692 0.14634659141302112 11.825478076934816 0.11376158893108369 12.062208175659181 3.113268375396729 0.55542856454849254 4.3757371902465829 0.060705231502652175 0.62736389040946972 2.0126758217811589 0.14987912774086001 0.19575417041778567 0.24826586991548541 11.725808620452883 0.14920332282781604 7.4419062137603769 6.974010944366456 0.28342764079570776 5.7853612899780282 5.800605535507203 0.68250790238380443 0.14687307178974154 0.6210572123527528 0.19724496454000476 0.5510709583759309 0.25943198800086981 0.45349876582622534 11.570826530456545 0.20400134474039081 3.3842465877532963 0.61803168058395397 0.58781954646110546 8.9315090179443377 0.28499121963977819 11.555755138397219 1.7005987167358401 7.8802359104156503 0.31531217694282537 0.61066952347755443 12.130815505981447 0.12834025174379352
decision_type=2 2 2 2 2 2 2 2 2 2 2 2 2 2 2 2 2 2 2 2 2 2 2 2 2 2 2 2 2 2 2 2 2 2 2 2 2 2 2 2 2 2 2 2 2 2 2 2 2 2 2 2 2 2 2 2 2 2 2 2 2 2
left_child=1 9 -3 4 14 7 52 8 55 11 -11 12 15 46 -2 -1 18 -18 41 20 21 -20 58 29 -25 -19 28 -28 -27 -24 31 -4 36 37 39 -32 -33 -34 -37 -35 -41 -15 -43 -44 -14 53 -12 48 49 -48 51 -5 -7 -30 -16 -6 -57 -9 -21 -60 -46 -62
right_child=3 2 30 50 5 6 -8 57 -10 10 13 -13 44 16 54 -17 17 25 19 22 -22 -23 23 24 -26 26 27 -29 45 -31 35 32 33 34 -36 38 -38 -39 -40 40 -42 42 43 -45 60 -47 47 -49 -50 -51 -52 -53 -54 -55 -56 56 -58 -59 59 -61 61 -63
leaf_value=-0.01244868460092363 -0.035541702860193272 -0.035723771580590688 0.01991938153147851 -0.057099951468770817 -0.0011682226787821477 -0.0028054185029789962 -0.01080032418373425 0.010960185784351255 -0.010679860962487908 0.02010616500683687 0.032055159842846861 -0.0015172672686533367 -0.0051305537149538621 0.0058806176806200199 -0.026210796999654059 0.029789596277975967 0.01422552046531945 0.014745574196498116 -0.027683653041081658 0.015823698841046167 -0.0680900588549819 0.02818970133684999 -0.098348420027211308 -0.057079087516391604 0.011535973918966502 0.034159396093580756 -0.040670126858319278 0.015440415532969889 2.2336715346823759e-06 0.0025775354379005216 -0.036322153459646588 -0.0052720629418236738 0.020479641424282869 0.0023170259410093823 -0.0072617446386915099 -0.005268812127024184 0.025502448711687969 -0.0070111025848958279 0.0012285161975151785 0.061489806315259604 0.0073645465376102615 0.018843447897809812 -0.036779457026594291 0.0097815764918015718 0.0056416186434800637 -0.028735504392433022 -0.00088457946887403316 0.022395465138350709 -0.062603302122767018 0.049400751847333002 -0.0066696791318094709 -0.01722671137315181 0.0086398846996555007 -0.080481725568551737 -0.0047143645844507712 0.01615964172829595 -4.3052027370233054e-05 -0.029345371949900563 -0.0021667746100281745 -0.12750303439330532 0.049374054878370516 0.00096068891586164034
leaf_weight=16.335543239372782 27.159053837480315 39.047438842208066 156.96571538795251 15.339268749987239 12475.990051282279 3067.0962753665954 753.53571683942573 256.53670747764409 341.2274476851162 181.00765155209228 62.088087314274162 918.59546993655385 188.79061587955221 1136.6171409467206 43.854987502963922 77.39474882860668 577.95723946788348 207.25351574923843 39.649873711052351 91.062996921740705 13.499934951774774 15.327962110284714 7.2380706179537793 9.8792796252528188 26.501717976789223 19.957722071092576 13.390752034261821 204.28857018565759 550.98545360646676 3.3809838835150003 24.623710211890284 715.72347901115427 262.85355745512061 2345.3562054223148 384.8482091241749 607.11987814042368 32.69586281105876 42.773317583138123 5575.4235415623407 8.1573537364602071 1167.7623265281436 17.851012059603818 38.628812596667558 18.536276022903621 972.95248694028123 27.598353400127962 69.74533177819103 96.158361743669957 9.2767586112022382 10.97052559070289 259.61024048160471 144.42797349471948 161.29549786727875 3.1030800240114322 2893.6693177550478 184.81153531532618 490.00718928102287 12.699588416377081 48.590360119414981 2.6011745892465106 22.503244949271902 18.450288559077308
leaf_count=1704 6872 9102 998 909 217372 81188 23987 2501 6538 2333 278 97455 6707 9940 10536 1760 5003 1132 774 1151 307 195 214 213 493 83 81 731 9285 25 2317 12445 1773 40673 5236 49440 218 345 101751 49 7909 119 291 67 33788 192 402 371 56 53 24043 11107 1438 54 162055 3765 8413 165 1021 33 304 377
internal_value=3.04635e-05 0.00293767 0.00161687 -0.00232003 -0.00212096 -0.00158731 -0.00385475 -0.000931207 -0.00113056 0.00556242 0.00726467 0.00287025 0.00597907 0.00656499 -0.00531475 0.0224282 0.00577981 0.00843091 0.00288483 -0.00598325 -0.0231429 -0.012106 0.000225601 -0.0204535 -0.00709648 0.00516858 0.00274602 0.0119887 -0.00059806 -0.0662148 0.00174562 0.00332444 0.00279929 0.00399465 0.00300585 0.000444053 -0.00392763 0.0166322 0.000590485 0.00412802 0.00774001 0.00477121 -0.0120382 -0.0216816 0.00469713 -0.00179059 0.0162878 0.0110287 -0.00111674 0.00594997 -0.0121499 -0.0210549 -0.00223359 -0.000448503 -0.00503529 -0.000882785 0.00439435 0.00905902 0.00705785 -0.00853543 0.00652706 0.027563
internal_weight=38208.8 17081.5 11363.4 21127.3 20707.9 17743.2 3981.93 13761.3 13492 5718.17 3503.15 2215.02 1296.43 3322.14 2964.68 93.7303 3073.9 1604.53 1469.37 257.732 68.4778 54.9778 189.255 47.0001 36.381 1026.58 819.324 217.679 601.645 10.6191 11324.3 5117.14 4960.17 4211.75 3906.12 6207.17 748.419 305.627 6182.54 3521.28 1175.92 1211.63 75.0161 57.1651 1202.7 581.687 248.239 186.151 89.9926 80.7159 419.377 159.767 3228.39 554.089 2937.52 13150.8 674.819 269.236 142.255 51.1915 1013.91 40.9535
internal_count=970137 409248 232256 560889 524830 345367 106613 238754 236088 176992 34897 142095 44640 32564 179463 3464 31404 16561 14843 4426 1276 969 3150 945 706 11558 10426 812 9614 239 223154 69646 68648 55985 53867 153508 12663 2118 151191 48631 7958 10417 477 358 41176 9531 1160 882 511 455 36059 12016 82626 9339 172591 229550 12178 2666 2205 1054 34469 681
is_linear=0
shrinkage=0.05


Tree=71
num_leaves=63
num_cat=0
split_feature=6 7 6 5 5 5 7 1 1 0 2 1 13 13 13 6 6 1 12 1 1 6 2 7 12 0 5 3 2 0 1 8 10 10 6 5 8 5 8 6 3 3 8 6 13 5 12 12 5 8 2 2 1 13 8 2 13 3 7 5 12 3
split_gain=107.781 19.7144 19.1088 18.4576 16.3465 16.0511 15.8385 11.9458 11.1608 11.5539 11.0711 10.7739 8.66829 9.05211 10.4924 12.6411 8.77674 8.68828 8.36653 7.96819 7.90536 7.82984 7.82926 7.8239 8.15899 9.73224 7.67221 9.70016 11.3655 8.35765 7.54804 7.91536 13.2705 7.35907 7.11751 6.87744 10.2269 8.78586 11.3066 10.6991 10.4861 10.0347 8.47501 11.0915 9.75175 12.7457 9.19327 7.02541 6.81256 6.63726 9.03574 8.16516 6.77699 8.9997 7.09109 6.5808 6.57017 6.56582 6.55031 7.23783 9.42135 9.23145
threshold=0.29702274501323706 0.20509669184684756 0.44622917473316198 2.5249279737472539 3.4811217784881596 2.8029010295867924 0.10824050381779672 0.41043496131896978 0.49612575769424444 6.588238239288331 0.26466865837574011 0.62213659286499035 0.14363770186901095 0.28290329873561865 0.28632171452045446 0.20510912686586383 0.1436005309224129 0.51209816336631786 0.61247190833091747 0.16291408985853198 0.40220972895622259 0.10904029011726381 0.13710960000753405 0.32040852308273321 0.11357812955975534 8.0632195472717303 5.0271592140197763 5.9202361106872567 0.45436924695968633 6.1279597282409677 0.52813622355461132 0.1412480175495148 11.474709510803224 12.657095909118654 0.45408903062343603 1.7005987167358401 0.35945497453212744 3.7012257575988774 0.17755992710590365 0.30868691205978399 3.8606742620468144 4.2268071174621591 0.43849916756153112 0.40200768411159521 1.3907248973846438 4.3630783557891855 1.0670150518417361 1.544001638889313 4.5695295333862314 0.12369550764560701 0.5475524663925172 0.4722339808940888 0.30285933613777166 0.28301364183425909 0.19915479421615603 0.48318532109260565 1.2954229712486269 8.054997920989992 0.13256705552339557 3.1984648704528813 0.092310994863510146 5.6681537628173837
decision_type=2 2 2 2 2 2 2 2 2 2 2 2 2 2 2 2 2 2 2 2 2 2 2 2 2 2 2 2 2 2 2 2 2 2 2 2 2 2 2 2 2 2 2 2 2 2 2 2 2 2 2 2 2 2 2 2 2 2 2 2 2 2
left_child=1 4 8 11 12 10 26 20 9 22 -3 -4 16 18 49 17 -1 58 -14 -5 48 -9 -2 24 25 -11 33 28 -28 -29 -7 32 -32 -6 -13 36 56 -37 -39 47 -41 -42 43 46 -44 -46 -43 -40 -8 51 52 -15 53 -51 -55 -23 -10 -45 -16 60 61 -60
right_child=2 5 3 19 6 30 7 21 35 23 -12 34 13 14 15 -17 -18 -19 -20 -21 -22 55 -24 -25 -26 -27 27 29 -30 -31 31 -33 -34 -35 -36 37 -38 38 39 40 41 42 44 57 45 -47 -48 -49 -50 50 -52 -53 -54 54 -56 -57 -58 -59 59 -61 -62 -63
leaf_value=0.070294364598452494 -0.011285696025308921 5.6593945961222323e-05 -0.016387388784550833 -0.027151117323673216 0.015422647028438683 -0.0014528553013756211 0.00026127705813180799 -0.058495031400247491 -0.0005047088230330912 0.010311085473655269 0.0052625172816863353 0.042935991481043982 -0.085595031046395556 -0.040570719106915246 0.028493251855722376 0.040218343569034483 0.017061532203350667 0.022596963659747508 0.0052676885476901046 -0.0036156024378911828 -0.02653516101602782 0.014494617808589695 -0.0015575529695041994 -0.0081576339446003104 -0.0021766087988467141 0.080699278171082744 -0.016450041717918626 -0.062682211054856149 0.025695692868334737 -0.0073770631913052317 0.033119464706521967 0.0025265824685376643 -0.029391511810340439 -0.044846265812435365 -0.0028733429168816722 0.0031414507253054442 -0.0084808163550193633 -0.069632327794887747 0.0095425089850040903 0.023229299180172747 -0.035680107305389168 -0.00054204501400516596 0.00080174618329973714 -0.017314825381257375 3.4528919033766954e-05 0.064866067190328128 -0.018254117549027463 0.051882540174692217 -0.012728384013559555 0.071179398165670621 0.013507100785703505 0.024416870033752022 0.057034114214068343 -0.060813636547307849 0.046799139357912578 0.0037976721948309589 0.019931093834742175 -0.073148729621638139 0.040115618128743036 -0.0012824083826579438 0.0075042147236466994 -0.014849191254967621
leaf_weight=11.776529290713368 209.93330471702939 1349.1704875886207 479.2595262567047 36.477705448858615 421.45007268176414 2925.3012674752827 624.83533637683286 4.8444246789440504 1288.3724635189865 23.585025070045962 4201.8610666473978 11.8207696583122 2.5450296576600513 7.1265482848975834 35.912898460053839 35.540496680187061 22.607651572674513 113.49492606217973 557.2767092344875 2547.1333088265383 33.871984102966962 165.33672342420323 13964.572533409839 1221.6323301209777 392.18144178202783 6.2022197451442471 23.55022917977476 8.1412718462670437 49.87051778822206 42.449214054446202 46.649245574139059 889.0268545532017 10.379163508303462 5.1265760237583882 29.996307652210817 2736.326189125306 467.23389726527967 6.1777845809701821 75.571733039978426 35.959041075897403 24.77613737876527 473.50822548079304 211.8613390160026 118.87168348568957 15.824348302558066 14.553267463110386 86.67030096729286 11.256730765569953 120.38543240440049 4.0544427775312197 31.910623913630843 15.020109362900255 39.731196162290871 4.371296679135412 2.3558337362483144 1102.7820562611596 40.569290774874389 5.5094571469817302 42.227033584669698 203.83542618941283 413.47625046421308 9.3262281917268393
leaf_count=38 18795 51827 25919 8080 15519 120893 45646 78 7053 497 34363 74 59 116 976 391 280 454 10680 121125 998 1695 364556 36022 6929 19 5634 723 872 1631 219 5001 61 490 273 18142 3562 100 695 491 313 4118 2918 1568 73 64 1487 121 19259 49 139 54 148 136 27 10639 230 68 1022 6237 10338 254
internal_value=-3.52457e-05 0.00353904 -0.00201318 -0.00567925 0.00640805 0.00227382 0.00398588 0.00196548 -0.00148209 -0.00216179 0.00399722 -0.0142637 0.0104684 0.00990616 0.0128569 0.011026 0.0352937 0.00975812 0.00485461 -0.0039479 -0.00291089 0.00494996 -0.00170163 -0.00613017 -0.000260502 0.0249671 0.011516 0.000569237 0.0121771 -0.016277 -0.000197321 0.00368492 0.0217425 0.0146983 0.010076 0.000433374 -0.00211794 0.00163399 -0.00218345 -0.0017956 -0.00327513 -0.0042767 -0.00343719 -0.00628142 0.00460049 0.0310939 -0.00328244 0.0150316 -0.00183712 0.027806 0.0343357 0.00350459 0.0474938 0.0123367 -0.0231278 0.00519233 0.000119145 -0.019788 0.0076906 0.00657366 0.0100172 0.0301722
internal_weight=38113.5 13577.6 24535.8 3104.69 4155.23 9422.39 2602.64 2052.06 21431.1 15818.1 5551.03 521.077 1552.59 1518.21 958.383 853.813 34.3842 818.273 559.822 2583.61 779.093 1272.96 14174.5 1643.6 421.969 29.7872 550.588 124.011 73.4207 50.5905 3871.36 946.055 57.0284 426.577 41.8171 5613.04 1796.18 3816.87 1080.54 1074.36 987.534 951.575 926.799 684.56 242.239 30.3776 560.179 86.8285 745.221 104.57 82.4234 22.1467 50.5128 10.7816 6.72713 1268.12 1328.94 124.381 704.778 668.865 465.03 51.5533
internal_count=970238 346946 623292 155471 134582 212364 103184 78315 467821 426818 86190 26266 31398 31080 20341 19672 318 19281 10739 129205 65903 12412 383351 43467 7445 516 24869 8860 6506 2354 126174 5281 280 16009 347 41003 10845 30158 12016 11916 11100 10609 10296 7241 3055 137 5605 816 64905 669 499 170 360 212 163 12334 7283 1636 18827 17851 11614 1276
is_linear=0
shrinkage=0.05


Tree=72
num_leaves=63
num_cat=0
split_feature=7 6 6 1 9 9 9 4 10 4 10 0 9 6 9 9 8 3 4 7 9 6 2 3 10 6 2 2 13 1 9 9 2 4 13 7 13 13 0 3 9 6 13 7 9 7 3 0 4 2 10 4 2 10 9 4 13 8 9 3 1 2
split_gain=103.254 26.5727 26.1185 16.027 19.8481 13.1245 12.5309 10.3974 10.2945 10.2657 10.0144 8.61863 8.44764 8.39875 8.17394 7.82833 8.14851 7.60514 7.57239 7.50134 11.2889 7.1129 12.5802 7.26577 8.0134 7.85094 10.3478 6.99466 6.83222 7.01562 6.80591 7.69037 7.52256 9.65379 6.79957 6.74653 6.70111 8.40352 6.61914 10.568 9.64715 9.03733 11.9602 7.76248 7.62412 6.94529 6.85226 6.61411 6.53511 6.41412 6.68252 6.33147 9.23191 6.39167 7.11585 6.18233 7.29547 6.17646 12.3063 8.70876 5.91535 5.89311
threshold=0.2819961160421372 0.13718584924936297 0.37711146473884588 0.62213659286499035 0.40861029922962194 0.23435231298208239 0.039986019954085357 0.3670667856931687 12.044233322143556 0.35406984388828283 1.0000000180025095e-35 2.5249279737472539 0.41026654839515692 0.38872411847114569 0.11523582786321641 0.48429270088672643 0.31239810585975653 7.0634760856628427 0.057706220075488097 0.50120311975479137 0.5635681450366975 0.37811204791069036 0.7198392152786256 5.1445789337158212 8.8223190307617205 0.39164464175701147 0.73364958167076122 0.55911785364151012 1.4935592412948611 0.58438140153884899 0.23989140987396243 0.23730856180191043 0.34775486588478094 0.35739961266517645 0.48752634227275854 0.38543431460857397 0.19749954342842105 0.14563074707984927 5.8126356601715097 4.9938225746154794 0.14920332282781604 0.26445811986923223 0.40958805382251745 0.22953020036220553 0.078748404979705824 0.17573750764131549 5.8707075119018564 6.4777410030364999 0.52626618742942821 0.7198392152786256 12.657095909118654 0.58086121082305919 0.7198392152786256 12.208903312683107 0.028990741819143299 0.32187660038471227 0.2369760796427727 0.44318233430385595 0.46904975175857549 4.3372693061828622 0.48481185734272009 0.7198392152786256
decision_type=2 2 2 2 2 2 2 2 2 2 2 2 2 2 2 2 2 2 2 2 2 2 2 2 2 2 2 2 2 2 2 2 2 2 2 2 2 2 2 2 2 2 2 2 2 2 2 2 2 2 2 2 2 2 2 2 2 2 2 2 2 2
left_child=1 11 5 4 -4 -2 -3 30 10 18 -6 14 13 -5 -1 16 -11 48 -8 21 -21 22 34 -23 47 26 27 -26 29 -22 31 -7 -33 36 -12 -32 37 -34 39 40 43 42 -42 -20 45 55 -40 -25 -17 50 -18 52 53 -13 -55 56 -41 -9 59 -59 -60 -14
right_child=2 6 3 12 8 7 9 57 -10 15 19 51 61 -15 -16 17 49 -19 38 20 28 23 -24 24 25 -27 -28 -29 -30 -31 35 32 33 -35 -36 -37 -38 -39 46 44 41 -43 -44 -45 -46 -47 -48 -49 -50 -51 -52 -53 -54 54 -56 -57 -58 58 60 -61 -62 -63
leaf_value=-0.017356406954805455 -0.018125573209935183 -0.050799108086269154 -0.014904760063899992 0.0020024794333098686 -0.037452049546907416 -0.012732044162409898 -0.038048103435931083 0.00026963475437661921 -0.0092665629970941424 0.0045963759044387762 -0.0050400449148626444 0.0099033957611751634 -0.00049112566008723956 0.044750612738126153 0.025308177466950466 0.013857049033832737 -0.0007590534490326677 -0.0088647279640755462 -0.0035379095858757061 -0.020728820979658169 -0.0042349680468794799 0.00077172662716539593 -0.10959212859400769 -0.00028211558219504987 0.0099845238697006799 -0.0051655157907799813 0.057498360485277469 -0.0044950380212201661 0.028346104886890506 -0.017785293079594935 -0.0022073437254721299 0.0022506215914928455 0.051755306788930658 -0.026590096027585716 -0.021625760755966672 0.0325457394867237 0.031577188067745475 -0.0091070082345249808 -0.026344307266516348 0.025561972615301378 0.009622936348813612 -0.0024969905852081737 -0.0029376028603453246 -0.024127394018116588 0.0085535188815818106 -0.073674104550507158 -0.0018984505394034534 0.024586412137373431 0.050208983960390842 -0.03266466024054112 -0.067001697264187532 0.027732163917194609 -0.11061039964040531 -0.035097560177597728 0.024536650615258504 0.033335538327590911 -0.055469454921163966 0.02475669222911028 0.0053516036692012664 -0.0003732190335967295 0.046090568601701465 0.012803132324637057
leaf_weight=46.938157259733998 108.1603008436141 10.769991533386927 457.32499617002031 22.047662731027231 21.534637321354239 57.518750231087324 12.397887091159644 9234.0082136823912 859.37382693478139 6147.7656164898654 440.14974510722095 930.69115486551891 447.56065295194276 23.994715332519263 14.755371197126804 25.99752875091508 379.97968814964406 15.620089375181122 424.502496377856 130.55894461035496 930.78001522328123 1714.5516073342587 3.0275250864215186 66.622836677939631 143.28028535754129 2119.5732302121469 8.4703169548884016 199.59034366044216 15.01443061820464 106.44707003165968 8806.6630470359378 260.76926158467541 7.2556520360521963 11.074643017724155 71.887681439926382 13.986946571269071 67.967585511389188 25.977997500449419 29.717328113911208 4.2553942779777625 596.81405123672448 560.87864142769831 277.71268159270403 51.310413339648221 678.7841476885369 4.8562861472237264 810.07402230729349 44.6596328059386 23.574481255374849 17.163298052735627 3.8457260263676281 60.820903167594224 1.5546717266552139 5.2234356989938524 118.19765452184947 6.3887425508582956 7.9991416325065074 40.841008749674074 13.115057366201652 221.2062327171443 27.793803824111819 102.43935713288374
leaf_count=8891 14856 5396 29244 107 3660 1734 4633 90650 51605 65745 8222 31834 3285 137 994 359 5787 128 32616 7529 55112 73097 18 444 4636 60483 50 2576 311 2765 242626 6036 26 95 1175 586 613 224 1287 180 30380 23565 21839 6177 25862 1048 30238 243 84 97 106 272 39 1260 2939 80 750 715 288 3451 166 1279
internal_value=-8.17901e-05 0.00393457 -0.00176896 -0.00417751 -0.00481841 -0.000758336 0.0031049 -0.000658356 -0.00414752 0.0031625 -0.00341629 0.0110402 0.00370723 0.0242804 -0.00715223 0.00431757 0.00414594 0.0215583 0.000958168 -0.00329402 -0.00686147 -0.0024171 -0.00796947 -0.00175152 -0.00342693 -0.00401804 0.00290444 0.00155574 -0.00514085 -0.00562559 -0.00185261 0.00428565 0.00690956 0.0177303 -0.0073686 -0.00215224 0.0225804 0.0041806 0.00109821 0.00233908 0.000411752 0.002457 0.00563424 -0.00575823 0.00758419 -0.0204149 -0.00276351 0.00969807 0.0311446 -0.00276 -0.00142277 0.0120454 0.0111417 0.0113212 0.0220128 -0.00654175 -0.0273312 0.000500113 0.00752501 0.00354337 0.03303 0.00198497
internal_weight=38093.8 11268.6 26825.2 7928.89 7332.85 18896.3 10090.4 18788.2 6875.52 10079.6 6016.15 1178.18 596.042 46.0424 61.6935 6613.95 6548.75 65.1921 3465.69 5994.61 1182.8 4811.81 515.065 4296.75 2582.2 2470.91 351.341 342.871 1052.24 1037.23 9251.21 430.564 373.045 112.276 512.037 8820.65 101.201 33.2336 3453.29 2613.5 1911.22 1435.41 874.527 475.813 702.284 23.4996 839.791 111.282 49.572 400.989 383.825 1116.49 1055.67 1054.11 123.421 18.6433 12.2545 9536.96 302.956 262.047 40.9089 550
internal_count=970630 302586 668044 305978 301170 362066 256357 347210 271926 250961 220321 46229 4808 244 9885 72306 71735 571 178655 216661 65717 150944 9415 141529 68432 67745 7262 7212 58188 57877 251940 8728 6994 958 9397 243212 863 250 174022 142497 114577 75784 52219 38793 27920 2058 31525 687 443 5990 5893 36344 36072 36033 4199 1010 930 95270 4620 4166 454 4564
is_linear=0
shrinkage=0.05


Tree=73
num_leaves=63
num_cat=0
split_feature=7 6 7 1 9 1 9 13 13 8 2 1 9 6 9 9 6 13 12 3 2 13 0 4 4 9 7 2 4 13 1 12 12 6 2 12 2 13 1 1 13 4 0 7 6 6 0 9 0 9 2 9 13 4 8 3 2 12 2 1 2 0
split_gain=99.2145 20.0969 18.3753 16.8332 14.1517 12.4661 10.1087 9.80258 11.5915 9.53211 9.16012 9.13712 9.2225 9.04027 11.7079 8.84783 8.47649 8.06683 8.04228 8.03082 7.49948 7.33131 7.1517 7.04727 6.80574 6.74751 10.0181 8.97414 7.45413 6.99418 8.9827 8.39544 6.71235 7.89813 6.68459 6.58076 6.76935 8.53117 6.54896 7.62528 6.5246 6.57232 7.18176 7.22451 6.37653 7.17162 8.78531 13.9276 25.9364 7.45848 6.9756 12.8508 6.51013 20.7889 7.81134 6.3065 6.20744 6.08887 6.33788 12.0706 9.28654 8.4168
threshold=0.29702274501323706 0.37711146473884588 0.24046788364648822 0.43374226987361914 0.15194101631641391 0.45351026952266699 0.395151898264885 0.30742745101451879 0.28521916270256048 0.077498830854892745 0.35972702503204351 0.48921379446983343 0.4360556453466416 0.29373346269130712 0.26039023697376257 0.36813701689243322 0.37811204791069036 0.1948223486542702 1.0000000180025095e-35 7.5408871173858651 0.49153894186019903 0.14563074707984927 6.4653663635253915 0.4620081633329392 0.46854975819587713 0.023774610832333568 0.11221974343061449 0.63044175505638134 0.39610266685485845 0.28324224054813391 0.40593741834163671 1.297495484352112 2.2170859575271611 0.35774034261703497 0.54109698534011852 0.73332899808883678 0.4734147340059281 1.3907248973846438 0.44592380523681646 0.40056242048740393 1.4749132394790652 0.50717332959175121 7.4082274436950692 0.12099853530526163 0.15856875479221347 0.14998730272054675 4.8402345180511483 0.15512134879827502 2.9700856208801274 0.048475053161382682 0.54881784319877636 0.13476385921239856 0.28290329873561865 0.49230405688285833 0.13860223442316058 7.9618904590606698 0.6193075180053712 0.06827466189861299 0.57933011651039135 0.54034125804901134 0.67684611678123485 5.3399362564086923
decision_type=2 2 2 2 2 2 2 2 2 2 2 2 2 2 2 2 2 2 2 2 2 2 2 2 2 2 2 2 2 2 2 2 2 2 2 2 2 2 2 2 2 2 2 2 2 2 2 2 2 2 2 2 2 2 2 2 2 2 2 2 2 2
left_child=2 11 5 6 56 25 -3 8 44 -10 -5 13 23 -2 -15 -6 -12 -17 -8 20 -14 -20 55 34 -25 38 27 28 -27 30 -30 -32 -22 -34 -13 57 -37 -38 39 -1 -9 -42 43 -43 45 46 47 48 -7 -50 -47 -52 54 -54 -48 -16 -4 -26 -59 60 61 -60
right_child=1 3 4 10 15 7 18 40 9 -11 16 12 19 14 22 17 -18 -19 21 -21 32 -23 -24 24 35 26 -28 -29 29 -31 31 -33 33 -35 -36 36 37 -39 -40 -41 41 42 -44 -45 -46 50 52 -49 49 -51 51 -53 53 -55 -56 -57 -58 58 59 -61 -62 -63
leaf_value=-0.015082267711819978 0.034720729621556166 -0.018638202361693189 -0.033651930872557245 0.012439885144597818 0.0013953327659821119 0.056345052065964865 -0.036990892578501848 0.0045476929669304089 0.05921543878073629 0.020619148633808655 -0.011101578071286471 -0.021350226653776366 0.033728967016319472 -0.01935925496126183 -0.001076267015698506 -0.027288993523573498 -0.0018723817801305888 0.011379607690183806 -0.019261468417229088 0.028153297468455366 0.005473942678433279 -0.0054425996444023485 -0.0048162256969105071 -0.025760947129291618 -0.0061881964136934068 0.0067707168515164402 0.0030620073741855092 -0.089571748134349746 0.03604310912190125 0.027430833335859856 -0.084472792635784985 -0.0034013214467346845 0.018780512307200764 -0.060617471835035922 0.035421392897994446 0.015575007016588574 -0.0024280019873882939 0.042906605972003672 0.063411789941862681 -0.092395752375942108 0.030970655340454085 -0.030942801282799356 0.035896557216476117 0.0085997647137169789 0.007244731683500958 0.062444905379255448 0.025955240318472947 0.031087368831470494 -0.016698287103166277 -0.1124808890618757 0.042803241446578079 -0.021548104537849892 -0.06424521506657252 0.022859108648572751 -0.016106970125282019 0.057021340640325269 0.022014037365675906 0.0098464929278655397 0.0092937575981573151 0.0053234434968743305 0.02269589248708985 -0.014900216255487504
leaf_weight=31.510617261053994 17.148994225834031 169.89092917910602 38.812885144230677 106.30579892231617 6578.4341956622229 4.4213201764505383 20.935365021694452 1362.7614649354946 19.253302582190372 94.58322708227206 264.10291049955413 6.5167167013860334 22.611972030019388 92.200045022873383 11175.728144098568 14.082337786327114 4290.1172873098403 319.20802211383125 99.222779125440866 46.504943145671859 291.08349556545727 2935.9231134718866 1422.3353747977526 25.048550181556493 164.31534970737994 236.85951656338875 3803.2638222788883 2.179746384965255 11.565385143505408 107.72687611135188 3.9591639922000494 16.509365860838443 5.0178092606365672 8.3349056532606465 25.373590042931028 55.512436965713277 1747.2033092975034 10.439407552592455 2.3442803241778156 3.548357046354794 46.773946908360813 13.459718489088116 20.093771655112505 81.452958246110938 570.05759585567284 14.933081006631253 114.83011995721608 9.8437811788171512 2.7387803972233069 7.8805770967155695 23.607758660335094 11.555548853706567 9.7564012554939819 22.994636742630973 12.211586044169961 4.6729719371069214 5.7500417295377693 344.29330665944144 44.340408991556615 706.14956463419367 23.427140392595902 189.92244996491354
leaf_count=12124 922 19751 7909 2189 133762 34 3709 11017 85 633 2437 109 124 13651 247739 539 81235 5393 6837 346 1799 189370 28519 162 729 15140 152944 68 116 914 55 229 57 96 286 329 12416 63 49 411 267 67 60 283 4259 62 630 46 68 122 84 109 120 112 117 109 136 1995 377 3535 222 2187
internal_value=-2.36411e-06 -0.0019161 0.00341434 -0.00399079 0.00161692 0.00529098 -0.0067673 0.00813321 0.0122131 0.027147 -0.00206892 -0.000920132 0.00126081 -0.00155768 -0.00160669 0.001798 -0.00240759 0.00974576 -0.00610738 0.00871179 0.00594729 -0.00589436 -0.00147681 0.000428114 0.000202786 0.00364523 0.00383432 0.0115886 0.0121741 0.0213314 0.000819667 -0.0190827 0.0038838 -0.0307805 0.0238202 0.000400727 -0.00161579 -0.00215874 -0.0174971 -0.0229072 0.00567471 0.0151682 0.00874118 0.00299217 0.0101008 0.0170358 0.0124844 -0.0151504 -0.045412 -0.0877781 0.0338145 0.0216558 0.0167879 -0.00308892 0.0219121 -0.00105198 -0.0264692 0.00288385 0.00402339 0.00194332 -0.00731925 -0.0103209
internal_weight=37933.6 24314.7 13619 7886.5 6956.29 6662.68 3225.97 2443.21 918.668 113.837 4660.53 16428.2 3716.1 12712.1 12694.9 6911.72 4554.22 333.29 3056.08 373.553 327.048 3035.15 12602.7 3342.54 3310.65 4219.47 4182.06 378.8 376.62 139.761 32.0339 20.4685 304.436 13.3527 31.8903 3285.6 1813.16 1757.64 37.4033 35.059 1524.54 161.78 115.006 94.9127 804.831 234.774 184.677 24.8845 15.0407 10.6194 50.0964 35.1633 159.793 32.751 127.042 11180.4 44.5629 1472.45 1308.13 963.84 257.69 234.263
internal_count=969264 621300 347964 305528 147739 200225 219667 18175 6481 718 85861 315772 24832 290940 290018 139694 83672 5932 199916 2422 2076 196207 276367 22410 22015 182050 169466 16522 16454 1314 400 284 1952 153 395 21853 12808 12479 12584 12535 11694 677 410 350 5763 1504 1249 270 224 190 255 193 979 232 747 247848 8045 9045 8316 6321 2786 2564
is_linear=0
shrinkage=0.05


Tree=74
num_leaves=63
num_cat=0
split_feature=6 6 5 9 4 6 5 1 5 4 10 12 1 8 9 6 5 1 12 9 8 10 13 9 6 9 3 6 5 9 6 3 9 10 2 13 8 13 2 12 5 9 9 5 8 1 12 4 4 12 4 1 6 5 12 2 10 5 13 5 2 6
split_gain=102.763 28.157 27.5598 19.3275 16.0019 14.9119 19.5753 13.1582 12.2173 10.2988 9.87697 11.4172 9.83822 9.76889 9.73629 9.4079 10.5778 11.7186 11.4011 8.97414 8.08012 9.37928 10.065 9.29801 8.60182 8.05022 7.90025 7.75217 9.20521 11.7643 9.58833 9.39204 9.11771 8.2608 7.9044 7.46811 7.41966 8.69477 10.5079 13.6747 7.35069 7.32928 7.31831 7.28628 8.34798 7.46165 8.57619 7.36549 7.40958 7.27452 7.26424 7.2366 7.12707 7.10162 6.94831 10.6736 9.26747 8.09405 9.91361 9.43044 6.9023 10.4316
threshold=0.25249001383781439 0.37711146473884588 1.2424533367156985 0.16940409690141681 0.38653172552585607 0.44622917473316198 2.5249279737472539 0.39316639304161077 4.6491756439208993 0.54318663477897655 11.131393909454347 0.81556215882301342 0.38789539039134985 0.44582170248031622 0.50363564491271984 0.15856875479221347 3.3140207529067998 0.48921379446983343 0.050942661240696914 0.42742338776588445 0.15815290063619616 9.9645352363586444 1.2954229712486269 0.17542195320129397 0.17203862965106967 0.35804928839206701 5.3107368946075448 0.13391261547803882 3.113268375396729 0.16758801043033603 0.20738079398870471 3.3842465877532963 0.053262718021869666 9.0489382743835467 0.15016964077949527 0.14087471365928653 0.449978917837143 1.3392080068588259 0.55911785364151012 0.11357812955975534 2.9174053668975835 0.35382007062435156 0.11913395673036577 2.4414010047912602 0.28052121400833135 0.43374226987361914 0.084132526069879546 0.42837297916412359 0.42585149407386785 1.3449223637580874 0.084557808935642256 0.51505503058433544 0.59400209784507763 5.059420347213746 0.72464895248413097 0.63270419836044323 11.372829914093019 2.2499048709869389 0.30905294418334966 3.0677825212478642 0.48318532109260565 0.19261258840560916
decision_type=2 2 2 2 2 2 2 2 2 2 2 2 2 2 2 2 2 2 2 2 2 2 2 2 2 2 2 2 2 2 2 2 2 2 2 2 2 2 2 2 2 2 2 2 2 2 2 2 2 2 2 2 2 2 2 2 2 2 2 2 2 2
left_child=7 3 26 -2 50 9 -7 8 27 41 53 54 -6 -13 35 -9 18 42 -17 -8 21 22 23 -20 -22 60 -3 -1 31 30 32 33 -30 -29 -31 -14 37 38 39 -16 -41 -4 -18 44 -37 46 47 48 -45 -15 -5 -43 -21 -11 55 -12 -57 -56 -59 -60 61 -26
right_child=1 2 5 4 12 6 19 15 -10 10 11 13 14 49 36 16 17 -19 20 52 24 -23 -24 -25 25 -27 -28 28 29 34 -32 -33 -34 -35 -36 43 -38 -39 -40 40 -42 51 -44 45 -46 -47 -48 -49 -50 -51 -52 -53 -54 -55 57 56 -58 58 59 -61 -62 -63
leaf_value=0.010793774871780005 -0.033588180661088034 -0.0086149762500144136 -0.022813553777389656 -0.024005231309334268 0.0080975231744825297 -0.014211323233145209 -0.030545790800898566 0.010957867802123883 -0.0092474881235976563 0.0061176592814581633 0.045586544785869043 -0.0058501986426453953 -0.054618857250426325 0.0017861298101607753 -0.10501003693493929 -0.025298927124484734 -0.028335162831289458 0.00617735345258957 -0.036649838295055331 -0.0023824054831098509 -0.043148543000630368 0.021409238278609542 0.024290025206456522 0.022731062014465966 -0.035385982807569313 0.045454999154477295 -0.018230002274432475 0.022871926312857525 -0.03443861758547475 0.015992507700047558 -0.024596392386708649 0.007388805007804396 -0.002108505116967853 -0.0025771180730761907 0.0016207767684348817 0.0058276008932812828 0.039226222748003414 0.041445292506231357 0.01174279531765975 -0.047837003338657383 0.0043346397672476512 -0.00091908783333958556 -0.0013299248975593703 -0.032293715320329368 0.00083251293421685078 -0.00015078878313130908 -0.0045346026653474199 -0.076012915984987023 0.019951562835954884 0.033444168806781201 -0.0015275786955486678 -0.0084988400061631383 -0.011510852500452104 0.05191842470474696 -0.098624433559775765 -0.035056055688258321 0.012141384548081084 -0.066440778254092142 0.061032384498482556 -0.040074259149732047 0.0055413828150731358 0.016644281496982667
leaf_weight=331.74718070673043 43.721055564976268 665.65837907763489 42.63135751363734 36.056935369211715 479.32703207165468 516.10813547341968 30.41315508216212 1083.8900951350515 197.85920694701781 738.46792489799554 7.2453478714451185 143.55311014014296 6.1336054656421757 38.704152220394462 3.9924028734676531 24.725101818330586 26.120050732279196 1003.8059660303115 22.9867546511814 2318.7069736217381 8.3807471506297571 217.92194099770859 21.930127494968474 9.2430904605425876 10.022217928897588 13.946514262817798 314.61092428094707 34.301453519845381 22.748699590491015 115.36166349786799 59.368025037227198 1258.7693591601856 527.24485580358305 453.08749067809549 560.5851417601516 1015.326778054121 21.451304003596306 17.853346488438547 131.76948507968336 8.7826791158877295 29.192734477226622 2381.3340329170605 634.52952354028821 26.330598357599229 4747.4838444368215 3441.6929006707505 568.29134950431762 6.6934211049228898 9.1428664056584221 34.162224551197141 11491.082672797216 362.878951263614 235.54563630549819 8.5616685759741795 5.1924525983631638 31.741758700460196 15.469633231405167 8.5625058878213185 4.4161059306934458 4.8273167032748461 1097.2365319146775 248.30516903882381
leaf_count=20744 11118 17081 8028 8167 7283 26121 5224 10038 34332 4479 61 1586 111 467 27 106 967 7162 152 104022 70 1172 84 40 92 58 5084 1552 5864 9284 7467 23372 31576 24232 30743 5667 202 87 1044 74 530 108201 12505 284 32144 35155 15309 65 54 445 317865 4298 20038 69 27 219 100 97 31 72 6017 1591
internal_value=4.80159e-05 -0.00129391 -0.00385391 -0.000377133 -0.000311253 -0.0027437 -0.00532093 0.00508911 0.00282693 -0.000655943 0.00358774 -0.00417767 0.00109944 0.00171816 0.00076514 0.00691042 0.00559662 0.0027738 0.00840217 -0.00354569 0.00890718 0.0167812 -0.00184033 -0.0196202 0.00735235 0.0076614 -0.0117009 0.00353728 0.00274317 -0.000468266 -0.00550637 0.00510703 -0.00344574 -0.000786066 0.00407355 0.000535747 0.01134 0.00821773 0.00480324 -0.0169854 -0.00773124 -0.00224099 -0.00239763 0.000570214 0.00171258 -0.00105441 -0.00614892 -0.0279054 -0.0188281 0.0166285 -0.00159789 -0.00192139 -0.0032242 0.00664258 -0.0206514 -0.0109193 -0.019591 -0.0436956 -0.0276776 0.0082301 0.00727256 0.0146257
internal_weight=37977.2 29993.1 7908.79 22084.3 22040.6 6928.52 3100.77 7984.12 3561.07 3827.75 1040.9 293.875 10513.5 216.419 10034.1 4423.04 3339.15 1664.46 1674.7 2584.67 1649.97 272.082 54.16 32.2298 1377.89 1369.51 980.269 3363.21 3031.47 1285.31 609.362 1746.16 549.994 487.389 675.947 9821.1 213.042 191.591 173.737 41.9678 37.9754 2786.84 660.65 9814.96 5762.81 4052.15 610.458 42.1669 35.4735 72.8664 11527.1 2744.21 2554.25 747.03 77.4551 54.4567 47.2114 22.9984 17.8059 9.24342 1355.56 258.327
internal_count=970156 740936 305750 435186 424068 283585 155405 229220 189166 128180 7653 3105 98036 2498 90753 40054 30016 20634 9382 129284 9276 1448 276 192 7828 7758 22165 154834 134090 84934 44907 49156 37440 25784 40027 88789 1964 1762 1675 631 604 120527 13472 88678 37811 50867 15712 403 338 912 326032 112499 124060 4548 607 380 319 227 200 103 7700 1683
is_linear=0
shrinkage=0.05


Tree=75
num_leaves=63
num_cat=0
split_feature=6 6 9 6 5 5 9 9 5 6 5 9 2 2 3 5 6 6 10 2 13 13 0 12 0 9 9 4 6 9 12 0 9 12 12 3 9 2 2 9 1 6 9 13 10 10 1 13 10 12 1 9 2 12 2 10 2 0 3 0 13 1
split_gain=105.352 35.5195 15.1019 14.5559 16.6957 13.2732 12.2217 10.3299 9.64894 14.8521 10.1278 17.2265 15.1772 9.85218 9.94671 9.62163 20.0077 9.46415 10.4344 9.02748 13.6429 10.2052 8.74713 9.34866 8.51564 8.45331 8.41621 8.31807 8.29087 8.63445 8.28268 8.36703 8.16968 8.02463 7.84591 10.7603 11.1763 7.73628 9.30914 7.57325 7.58951 7.47728 8.04541 9.45649 7.21613 8.26152 7.43741 7.15647 9.8887 11.8062 9.65198 9.07085 9.14055 9.3138 9.03904 8.79837 9.04417 11.9383 13.8444 12.5714 7.9312 7.69763
threshold=0.33609920740127569 0.25249001383781439 0.17542195320129397 0.4661365300416947 2.6735538244247441 2.5249279737472539 0.50124558806419384 0.3186356127262116 4.4601275920867929 0.13008482009172442 3.2384861707687382 0.053262718021869666 0.17505060881376269 0.66372647881507885 5.0657496452331552 1.4978661537170412 0.37711146473884588 0.11838497221469881 8.9376769065856951 0.70330616831779491 0.28324224054813391 0.40958805382251745 7.4888529777526864 0.10673087462782861 5.2755572795867929 0.15933437645435336 0.48103672266006475 0.34337897598743444 0.22122069448232654 0.12190329656004907 0.088133689016103758 5.6681537628173837 0.24934934079647067 0.050942661240696914 0.060705231502652175 3.5694335699081425 0.14025881141424182 0.7198392152786256 0.71369239687919628 0.1248636804521084 0.55438220500946056 0.4146538525819779 0.45880782604217535 0.14987912774086001 9.2807521820068377 10.198170185089113 0.4369474351406098 0.33017480373382574 10.996953010559084 0.62930119037628185 0.34997659921646124 0.26332737505435949 0.71005317568779003 0.60399547219276439 0.48647108674049383 10.199286460876467 0.31364051997661596 7.0250937938690194 6.37587594985962 7.4888529777526864 0.42236614227294927 0.37041097879409796
decision_type=2 2 2 2 2 2 2 2 2 2 2 2 2 2 2 2 2 2 2 2 2 2 2 2 2 2 2 2 2 2 2 2 2 2 2 2 2 2 2 2 2 2 2 2 2 2 2 2 2 2 2 2 2 2 2 2 2 2 2 2 2 2
left_child=1 8 -3 7 -5 27 24 -2 9 -1 12 -12 -11 17 -15 16 -9 25 22 -16 -21 -22 23 -19 37 -10 -6 -4 30 -30 31 -14 -13 -33 35 -31 -37 38 -7 40 -20 42 43 -18 46 -46 -26 48 49 -29 54 52 53 55 -50 61 -57 58 60 -59 -58 -49
right_child=3 2 5 4 26 6 -8 15 13 10 11 32 28 14 19 -17 41 18 39 20 21 -23 -24 -25 44 -27 -28 47 29 34 -32 33 -34 -35 -36 36 -38 -39 -40 -41 -42 -43 -44 -45 45 -47 -48 51 50 -51 -52 -53 -54 -55 -56 56 57 59 -60 -61 -62 -63
leaf_value=0.013975291250601858 -0.016314246077771644 -0.026381681917026487 0.00034313499704301666 -0.015841333920283095 -0.024477665779079425 0.00064756233495595009 0.01401793420926689 -0.0020465795659003936 0.0012989576409699719 -0.0019706639702174455 -0.044858821579764084 0.0019746445953988056 0.03851056512932282 0.040621541757692559 0.01678938962560593 -0.00064161026139450438 -0.053105054052504812 0.023463976449892728 -0.021087939833881946 -0.07174411444009364 0.012249026218892177 -0.030437475760310154 -0.052046127244227372 -0.033753536469873273 -0.014119357026840005 0.019761418229451135 -0.0039167110135399251 -0.044303225932835449 -0.054052710430077491 0.045120796454480257 0.0099343099153420752 -0.036777663523599978 0.00912262228783608 0.019037209030796497 0.0065639881014332869 -0.11406698419178085 -0.016558646366963265 0.026647490849270362 -0.1225047574727603 -0.0051761627542963248 -0.11970757434809563 -0.015584220793960192 0.00048387889331723098 -0.0086131353762478585 -0.011650754696368027 -0.0032744977623578838 0.0064239961751050888 0.025235367659514448 0.010970450810617406 0.0040996884220164381 0.0015787249666671392 0.0082441775695416067 -0.033986675688757753 0.014924989470613881 0.054316311006581311 0.020152728853191335 0.00012604884703294126 0.053903789025075415 -0.067649424576964795 -0.017776231300761433 -0.02898157887164279 0.00081925427074024983
leaf_weight=530.09597565355944 126.78309517928574 50.47792881874193 3242.1998881943873 385.38063782299287 51.106683121921378 1727.1586884718417 127.87308755406411 6909.8723970107094 270.98413099643949 415.91241804271704 18.713906100667373 2188.251778937265 52.647608870407566 24.928104585036635 101.10888934886316 7162.8385624327639 12.129398119053802 63.403164472430944 53.137368917188724 7.133428987581282 52.11881085310597 19.145064607961103 4.8983991115965173 8.0446950269251811 52.240065459656762 80.39276148279896 1903.3230995681952 25.111200535669923 6.0084005081444039 6.4411611126270136 1384.833104021498 7.8944560261443248 489.08498482329014 34.945706299506128 1621.0144672854221 3.2075464724912299 35.061996958742384 28.844766082707793 1.5358551517128933 494.42843106716464 2.0252161391545078 302.85746673718677 286.64041883438767 776.50945266635972 355.85352525151393 1703.8962771030492 281.27405392681248 36.471927904291078 127.93040187342558 25.282002949272282 2304.479357099859 1338.7956262850203 18.256109639070928 111.68703721184283 13.275333600118755 20.305435513379052 43.080646668560803 11.516933969687672 14.834036446176468 13.045599242672322 51.234980931854807 280.91083869594149
leaf_count=16737 15148 10628 81412 20174 5933 66128 1863 105003 17876 27610 5776 71630 732 119 734 218293 220 1843 9949 71 339 179 51 206 2705 1484 97025 330 592 114 16897 166 10887 201 18554 63 535 118 12 26169 29 10039 6419 16774 11183 37695 1208 404 1654 316 17056 8927 78 757 74 251 299 50 70 67 377 1660
internal_value=0.000131256 0.0026274 0.000909378 -0.00265271 -0.00632986 0.00102459 -0.00120706 -0.00210039 0.00521387 0.00593917 0.00525911 0.00294626 0.00700676 0.00104398 0.0110259 -0.00198376 -0.0031437 -0.00104404 -0.00473054 0.00691593 -0.00581786 0.000781283 0.0125901 0.0170216 -0.00167609 0.00552305 -0.00445436 0.00226814 0.00819133 0.00577827 0.0109164 0.0251594 0.00328041 0.00875181 0.00599408 -0.0146682 -0.0247313 0.000966655 0.000538148 -0.00713664 -0.0247086 -0.00864458 -0.00669 -0.00929743 -0.00361684 -0.00472163 0.00320618 0.00367503 0.00190451 -0.0200197 0.00235626 0.00595288 0.000851666 0.00194243 0.0150456 -0.00113347 -0.0109393 -0.0156609 -0.0227482 0.0158333 -0.0156861 0.00362502
internal_weight=37900.9 19983.4 12007.6 17917.4 2339.81 11957.1 4278.68 15577.6 7975.86 6794.11 6264.02 2696.05 3567.97 1181.75 204.434 15450.8 8288.01 977.314 625.937 179.506 78.3973 71.2639 76.3463 71.4479 4150.8 351.377 1954.43 7678.42 3152.05 1671.73 1480.32 95.4878 2677.34 42.8402 1665.73 44.7107 38.2695 1757.54 1728.69 549.591 55.1626 1378.14 1075.28 788.639 2393.26 2059.75 333.514 4436.22 2496.08 50.3932 2445.69 1940.14 601.344 583.087 141.206 471.4 154.018 133.712 109.15 24.5625 94.3156 317.383
internal_count=969893 474865 245322 495028 123132 234694 120912 371896 229543 170494 153757 88293 65464 59049 1442 356748 138455 57607 38247 1323 589 518 2100 2049 119049 19360 102958 113782 37854 19858 17996 1099 82517 367 19266 712 598 66258 66140 36147 9978 33452 23413 16994 52791 48878 3913 32370 19430 646 18784 12940 4013 3935 1728 3178 1114 863 746 117 676 2064
is_linear=0
shrinkage=0.05


Tree=76
num_leaves=63
num_cat=0
split_feature=6 6 5 7 5 1 2 7 5 6 5 6 5 6 1 13 2 7 5 12 2 7 12 1 4 8 8 5 4 7 5 13 5 0 4 1 1 0 2 4 13 12 13 4 4 10 12 1 4 4 0 6 8 6 5 6 13 4 10 2 12 13
split_gain=92.849 27.3176 18.1475 14.7258 15.528 13.1324 11.1754 11.0926 10.8655 10.2301 13.2225 10.007 9.21883 11.9652 8.94795 9.0859 8.62333 7.884 7.79507 7.69432 7.33217 10.1698 8.58988 8.1591 12.3953 8.52287 8.48333 7.91776 9.51617 7.60094 7.3046 7.18339 7.17262 7.02346 7.00683 6.86712 9.28062 7.97045 7.66091 11.3009 7.49016 8.77031 8.01991 8.33703 7.44581 7.29851 6.84498 6.84654 6.82725 11.8771 6.93527 9.41113 8.27899 8.10222 6.98186 6.77356 7.72131 6.93257 6.6593 6.64267 6.62083 15.0177
threshold=0.26882018148899084 0.4146538525819779 2.1383330821990971 0.16475966572761538 3.0201274156570439 0.48481185734272009 0.17505060881376269 0.24046788364648822 2.8029010295867924 0.35257433354854589 0.89587974548339855 0.56405761837959301 4.8322978019714364 0.047675048932433135 0.5946275293827058 1.3907248973846438 0.35972702503204351 0.50197508931159984 3.9415346384048466 6.8939123153686532 0.57933011651039135 0.33455225825309759 0.06827466189861299 0.63244789838790905 0.63005152344703685 0.26889204978942877 0.20681538432836535 0.89587974548339855 0.48932887613773351 0.33520285785198217 0.89587974548339855 0.14761302620172503 2.9174053668975835 8.7641501426696795 0.44146122038364416 0.43107315897941595 0.39660140872001654 2.7403194904327397 0.58575761318206798 0.49230405688285833 0.28156302869319921 1.8243314027786257 0.28301364183425909 0.42585149407386785 0.43034967780113226 11.740730285644533 3.2416840791702275 0.5767556130886079 0.4620081633329392 0.47399248182773596 5.1089665889739999 0.27407647669315344 0.51837387681007396 0.4093861728906632 3.7726949453353886 0.11376158893108369 0.14288217574357989 0.63005152344703685 8.7296881675720233 0.62169596552848827 0.95843830704689037 0.30895987153053289
decision_type=2 2 2 2 2 2 2 2 2 2 2 2 2 2 2 2 2 2 2 2 2 2 2 2 2 2 2 2 2 2 2 2 2 2 2 2 2 2 2 2 2 2 2 2 2 2 2 2 2 2 2 2 2 2 2 2 2 2 2 2 2 2
left_child=3 5 17 8 6 9 -5 -8 -1 -2 31 -4 55 -14 18 -16 -12 -3 33 -9 21 -7 -23 48 -25 26 -26 28 -24 -29 -27 -11 -13 35 -33 36 -6 -37 -39 40 41 -40 -42 -44 45 -38 47 -31 -22 59 51 -51 53 -53 -52 56 -10 -57 -56 -50 61 -32
right_child=1 2 11 4 14 20 7 19 12 10 16 32 13 -15 15 -17 -18 -19 -20 -21 23 22 27 24 25 30 -28 29 -30 46 60 34 -34 -35 -36 37 44 38 39 -41 42 -43 43 -45 -46 -47 -48 -49 49 50 54 52 -54 -55 58 57 -58 -59 -60 -61 -62 -63
leaf_value=0.049731776362143598 -0.00082336135238423626 -0.010949566561764795 -0.0027693771735107088 -0.0017816060865911453 0.00096456081086384758 0.009443069462182388 0.0092659072659969349 0.003721539741607801 -0.055996291407122083 -0.067463637279219404 0.00044740919941111621 -0.030217944626663898 0.030300069663761343 -0.0029398596252448624 0.0056802084112884399 0.031003136700987057 -0.0048073988879841437 -0.033319066117288264 -0.0031729247649328269 -0.037770545275190408 0.019806570813647929 -0.01875349188894351 0.025008462793599431 0.029402615238325349 0.017496927237818496 -0.016654841584599771 -0.02793875847964224 -0.025889831194777654 -0.012155047864901389 0.0053288339494865864 -0.032841023301575858 -0.0082607083650910185 -0.0088160525183493266 0.027559808395728524 -0.02582295364233422 -0.033073949457423112 -0.0032602789723517353 0.01013955208499478 -0.070617077505523304 0.0050954779118767106 0.033160305272464968 -0.0092230294956606503 0.041715787963115786 -0.018765200720759666 -0.062408221401797762 -0.026694760110386774 -0.026776459931970101 0.029371712791313662 -0.080219022814470728 -0.042324621506021981 -0.00030977193340722198 0.0044106455619568946 -0.040541939228367185 0.041496929024557275 0.029313178595964523 0.0068349862867547965 0.015033008729230551 0.035662343984597458 -0.0072602193011055182 -0.020306318431015123 0.020468136510897406 0.0097469858827716645
leaf_weight=15.457875198680993 13843.846476239592 678.34033146325964 3500.2553826994335 461.69821191392839 1015.6424124721671 583.7619392365159 1732.8643768077309 1509.3687546802103 3.859453357232268 5.5526349508436388 1379.5250803656454 44.314146561126108 29.726477992924629 303.33218508752179 268.23201244836673 40.812205081805587 1798.676377549622 41.817125453671906 1159.6486124154908 11.256588788470252 41.715763723943383 52.44107452314347 19.588320598006248 54.065093849785626 14.266567916609345 29.5252377060242 36.70368363475427 19.615717176813632 142.79540032241493 550.68143649114063 24.051779732108116 487.23980215529446 335.82944532521651 26.381216848327313 64.287371816113591 13.627766024088485 128.3239884848299 441.79915682959836 11.211603153962644 352.88949974626303 10.979635031893848 12.089669591281561 6.2992675448767832 59.682896352140233 6.8687540360260746 44.832719716418069 15.756926521891726 31.292582604335621 6.0468798812944469 10.858641542494295 3008.7980156286794 759.35294414649252 10.051276937592773 15.01837645145133 12.73929476039484 1301.3538938516576 442.69760474169743 21.195385231170803 541.02989293518476 19.694527372950688 91.184491963824257 148.5375917321071
leaf_count=89 308417 25974 152910 27500 51275 3712 18894 17168 198 98 70800 3630 2864 17834 1109 116 53146 2558 59869 154 410 252 166 232 56 151 166 127 961 4612 107 13133 30012 217 812 147 2027 3760 185 2196 103 199 62 772 112 986 228 139 63 86 19181 4968 99 134 46 40962 15629 63 7197 182 403 615
internal_value=-5.07805e-06 -0.00143172 -0.004959 0.00429344 0.00323044 -0.000750436 0.00549797 0.00653101 0.0079652 -0.00144989 -0.00377197 -0.00360615 0.00765807 2.69031e-05 0.000889903 0.00902434 -0.00252651 -0.0122485 0.000125864 0.00341439 0.00122019 0.00438374 0.00083466 0.000291559 0.00714567 0.00365038 -0.0152213 0.00215207 -0.00767202 0.00473615 0.00692995 -0.0108775 -0.0113109 0.00192131 -0.0103078 0.00159988 -0.000890037 0.00487655 0.00545444 0.000886704 -0.0139266 -0.0387633 -0.006407 -0.0129911 -0.011353 -0.0093278 0.0057412 0.00662161 -0.0003254 -0.000516982 -0.000316955 0.00390474 0.00454469 0.00512991 -0.00125937 0.00909475 0.0144191 0.00729698 -0.00641886 -0.0343803 0.00956988 0.00381199
internal_weight=37851.4 28419.3 4600.56 9432.13 7314.51 23818.7 3715.19 3253.49 2117.62 17579.1 3735.28 3880.4 2102.17 333.059 3599.32 309.044 3178.2 720.157 3290.28 1520.63 6239.57 1415.93 832.171 4823.64 398.334 344.269 50.9703 779.73 162.384 617.347 293.299 557.08 380.144 2130.63 551.527 2104.25 1195.67 908.579 894.952 453.153 100.263 23.3013 76.9618 65.9822 180.025 173.157 597.731 581.974 4425.31 4383.59 4357.85 795.281 784.423 774.371 3562.57 1769.11 446.557 1322.55 553.769 25.7414 263.774 172.589
internal_count=970273 705783 215084 264490 186851 490699 63716 36216 77639 446406 137989 186552 77550 20698 123135 1225 123946 28532 121910 17322 44293 10197 6485 34096 1730 1498 222 6233 1127 5106 1276 14043 33642 62041 13945 61824 54400 7424 7277 3517 1321 384 937 834 3125 3013 4979 4751 32366 31956 31711 5287 5201 5102 26424 56852 15827 41025 7243 245 1125 722
is_linear=0
shrinkage=0.05


Tree=77
num_leaves=63
num_cat=0
split_feature=6 7 6 5 5 6 9 5 7 4 12 8 4 9 5 6 1 1 8 12 12 4 10 10 9 9 8 1 10 7 9 1 3 9 0 5 7 1 1 0 1 0 10 9 9 6 9 7 5 0 3 8 4 1 3 10 6 5 8 9 9 6
split_gain=101.717 20.1384 17.5223 26.0883 13.0967 12.9995 12.9746 12.6329 12.109 11.3031 11.4497 11.2938 10.4528 9.98315 8.92443 8.98359 8.91336 8.79903 9.96915 8.71216 13.5443 8.64274 8.5872 9.27704 9.20174 8.52932 11.0959 9.3867 8.66995 8.47242 8.3271 8.29616 11.9609 8.12986 7.96301 8.59987 7.94112 7.90592 12.389 7.65339 9.54428 9.0618 7.64256 7.51255 8.19485 7.22508 7.19589 7.13053 6.9131 8.14012 6.84532 6.77474 6.74705 6.91356 6.73549 7.34122 6.73429 6.68147 7.66883 6.67055 6.65912 13.1702
threshold=0.29702274501323706 0.18944921344518664 0.37711146473884588 1.8688347935676577 2.4414010047912602 0.50104936957359325 0.26039023697376257 2.9174053668975835 0.25585609674453741 0.52626618742942821 0.06827466189861299 0.27318324148654943 0.47104214131832128 0.40861029922962194 2.8029010295867924 0.13008482009172442 0.18473526835441592 0.6109130084514619 0.5897052288055421 1.2369585633277895 0.60399547219276439 0.3937548696994782 11.958684444427492 10.996953010559084 0.12834025174379352 0.2991225421428681 0.3219763338565827 0.55438220500946056 10.80178737640381 0.53799960017204296 0.5635681450366975 0.45622405409812933 3.3497501611709599 0.5069728195667268 2.3502402305603032 3.7256208658218388 0.37654167413711553 0.50300198793411266 0.50566896796226513 4.3757371902465829 0.29071554541587835 4.0163424015045175 9.0030698776245135 0.24934934079647067 0.28941254317760473 0.19584017992019656 0.16464009135961535 0.3357179611921311 4.4367339611053476 6.7487590312957773 5.6542406082153329 0.14962227642536166 0.38514429330825811 0.35750019550323492 5.6222093105316171 11.488381862640383 0.24345834553241733 4.7749040126800546 0.38574092090129858 0.2991225421428681 0.082432270050048842 0.17414735257625583
decision_type=2 2 2 2 2 2 2 2 2 2 2 2 2 2 2 2 2 2 2 2 2 2 2 2 2 2 2 2 2 2 2 2 2 2 2 2 2 2 2 2 2 2 2 2 2 2 2 2 2 2 2 2 2 2 2 2 2 2 2 2 2 2
left_child=1 14 6 -4 8 59 -2 29 11 16 -11 50 31 19 39 34 -6 30 -19 20 25 52 23 45 51 27 28 -12 48 -7 -9 -10 -33 36 -16 -36 47 -14 -39 40 -1 -42 -31 -34 -45 -18 -37 57 56 -50 54 -25 53 -13 -3 -56 -27 -8 -59 -5 61 -17
right_child=2 4 3 5 9 7 33 17 12 10 13 21 37 -15 15 60 22 18 -20 -21 -22 -23 -24 24 -26 26 -28 -29 -30 42 -32 32 43 -35 35 46 -38 38 -40 -41 41 -43 -44 44 -46 -47 -48 -49 49 -51 -52 -53 -54 -55 55 -57 -58 58 -60 -61 -62 -63
leaf_value=0.026058193409221227 -0.01822034705322105 0.0061779179778457113 -0.0093144186492870804 -0.03216167812583539 -0.013120864400619112 -0.0099979618610079469 0.00040903856101370464 -0.018320796184388592 0.0017894121973972014 -0.021304057379600106 -0.0027843557713244566 -0.0064912191373094098 0.015950609309167838 0.022158219316343843 -0.011298059085919231 -0.00094348355897091736 0.010486910732309181 0.024865992625772947 -0.007205794588238024 0.012526495692497806 -0.0057632060365445832 -0.065579718061158615 -0.0046956467261600682 -0.051908130164403758 0.0042763976031337412 0.031917653844024653 0.032281072697709599 0.015375110295286265 -0.057358207738690839 -0.068341632417078926 -0.0036633975772761285 -0.064736978157675887 -0.017720132665679282 0.0091762461643857055 0.022321066739283631 0.0066872620150132921 0.0099297623340080729 -0.042338871574280221 0.0058584223947469073 0.021819019420528968 -0.0046361477818260728 -0.087484249854641094 -0.022524772272038168 0.025273843729630804 -0.022472623081329149 -0.0024029936314116647 0.018729291870719818 -0.0019579995825265498 -0.0054178763533007024 -0.078124691284812572 0.012614429683696193 -0.0077543009692529726 0.056853816775830027 -0.10453895448692965 0.013469976006174231 -0.066671925103995958 -0.01028336298916584 -0.02889725117642309 0.022433246582372588 -0.00097442366727470975 0.0051867294170140389 -0.052558114665178304
leaf_weight=27.723072348631831 109.44501002124161 756.22566591238137 1750.1143037509974 17.20944565681566 133.77514158879785 259.09614241879899 5575.9298088475043 108.75658296070469 2414.8939126142068 39.717542874161154 95.260553180705756 14.349381427513444 222.53551104688086 88.254096037242562 42.124525908642681 208.2789133367769 116.40552215788921 53.889204260893166 44.024340629694052 263.40840077702887 327.06230571953347 8.4149091937579197 801.47076667734655 10.087037291654267 1736.0707922981237 13.414826657623051 15.126618632115422 281.29671267198864 10.274172427598385 10.176559105893828 888.75683331675828 9.8200593614019436 64.061234112363309 195.93759766011499 140.89459667738993 662.30278325022664 162.42959640728077 13.808666475117205 387.12144923815504 171.67315381125081 44.228726316476241 3.5667433217167845 86.18359930839506 27.567798730917275 13.333014681003986 1645.1962579938772 152.65193475782871 10387.124372356513 9.0773842053022218 6.6844683908857396 634.70009864651365 62.615372894888424 3.5952239818871012 2.0554420021362594 5.0221905400976521 6.6296428670175374 32.012191300280392 36.809326131246053 9.069218722637741 4606.9743012450854 1785.5091993220558 13.13878788162401
leaf_count=740 14298 17330 47418 5736 27927 11021 104193 8138 42996 168 827 417 1194 359 7977 14585 3415 866 1269 1450 2048 57 29526 869 41436 52 80 1182 64 239 55319 69 340 3289 2559 27440 3971 63 1786 1439 1633 46 7243 148 89 53114 2279 188697 76 50 4571 4520 15 25 38 88 150 2063 490 168447 49117 3031
internal_value=-5.32082e-05 0.00342256 -0.00198739 -0.00393559 0.00233687 -0.00238605 -0.00106215 -0.00651519 0.00432552 0.000733932 0.00508668 0.00814012 0.00259434 0.00600462 0.00685159 0.00610035 -0.000407566 -0.00385749 0.0104457 0.00465155 0.00202652 -0.0230676 -1.85492e-05 0.00103136 0.0035466 0.00752741 -0.00662238 0.0107812 -0.0148571 -0.0147056 -0.00526146 0.00116515 -0.0119686 -0.000947413 0.00997726 0.0109149 -0.00107007 0.00839317 0.00419843 0.0159838 0.00271891 -0.0108187 -0.0273635 -0.00703166 0.00970925 -0.00155124 0.0089429 -0.00118168 -0.00772077 -0.0362522 0.00877236 -0.0138804 -0.00518081 -0.0187761 0.00559665 -0.032129 0.00217881 0.000252683 -0.0187503 -0.00109049 0.0041725 -0.00400626
internal_weight=37825.4 13523.4 24301.9 7825.18 10271.3 6075.07 16476.7 1450.88 4584.13 5687.21 1181.59 1430.99 3153.14 1141.87 3252.09 3004.9 4505.62 1095.43 97.9135 1053.62 790.209 28.415 4371.85 3570.37 1808.77 463.147 86.5897 376.557 71.463 355.456 997.513 2529.68 114.782 16367.3 997.974 955.849 16171.4 623.466 400.93 247.192 75.5185 47.7955 96.3602 104.962 40.9008 1761.6 814.955 16008.9 61.1889 15.7619 1402.58 72.7024 20 16.4048 767.877 11.6518 45.427 5621.81 45.8785 4624.18 2006.93 221.418
internal_count=970082 347385 622697 305696 236539 258278 317001 84095 69226 167313 6506 22541 46685 6338 110846 106988 160807 65592 2135 5979 4529 514 132880 103354 46825 2481 472 2009 392 18503 63457 43642 646 302703 40255 32278 299414 3043 1849 3858 2419 1679 7482 577 237 56529 29719 295443 328 126 22027 5389 457 442 17456 126 202 106746 2553 174183 66733 17616
is_linear=0
shrinkage=0.05


Tree=78
num_leaves=63
num_cat=0
split_feature=7 6 6 1 5 7 9 5 6 9 5 2 1 1 9 5 3 4 7 9 10 3 8 2 6 9 6 9 9 2 2 13 5 3 1 5 3 6 9 2 13 4 10 4 10 6 13 13 8 8 9 1 9 8 13 7 9 3 9 5 9 3
split_gain=97.8097 22.4882 18.1432 16.2516 16.0995 17.4781 15.8076 15.4766 14.6412 19.4428 11.2221 11.368 9.00312 8.89685 9.35052 8.65466 8.71963 8.57657 7.8839 12.196 9.43036 10.3717 9.1713 8.03749 9.59588 7.84911 7.75865 7.67236 11.6217 7.64458 8.0894 7.64454 7.63659 9.96802 8.17728 7.57859 7.51944 7.41437 11.8879 7.36924 7.33636 10.767 9.5825 11.2935 7.94445 10.4195 12.5894 8.27638 7.26236 7.42846 7.12673 7.07419 6.96636 11.8965 10.7738 8.2154 7.69319 7.12379 6.96147 6.8429 8.10073 9.49709
threshold=0.2819961160421372 0.4661365300416947 0.13008482009172442 0.49612575769424444 3.4811217784881596 0.1848636940121651 0.061210911720991142 2.4414010047912602 0.35257433354854589 0.37255132198333746 0.89587974548339855 0.38176985085010534 0.48137915134429937 0.42367811501026159 0.3654570877552033 2.3502402305603032 8.6408967971801776 0.48242683708667761 0.33484725654125219 0.2557890266180039 12.272078037261965 6.5574882030487069 0.41121670603752142 0.47701449692249304 0.45259751379489904 0.23435231298208239 0.56405761837959301 0.40861029922962194 0.40054003894329077 0.62423995137214672 0.57423534989357006 0.30895987153053289 3.5114340782165532 8.279426574707033 0.38662658631801611 4.6491756439208993 2.6735538244247441 0.39089539647102362 0.424973875284195 0.62736389040946972 0.34019368886947637 0.37285098433494573 10.730455398559572 0.42922444641590124 10.444619178771974 0.063285917043685927 1.4867877364158633 0.48752634227275854 0.12984742224216464 0.11724570393562318 0.48103672266006475 0.56780785322189342 0.37255132198333746 0.30649323761463171 1.4749132394790652 0.35890759527683264 0.48604817688465124 3.6242519617080693 0.28051759302616125 3.5408543348312382 0.26605591177940374 7.4419062137603769
decision_type=2 2 2 2 2 2 2 2 2 2 2 2 2 2 2 2 2 2 2 2 2 2 2 2 2 2 2 2 2 2 2 2 2 2 2 2 2 2 2 2 2 2 2 2 2 2 2 2 2 2 2 2 2 2 2 2 2 2 2 2 2 2
left_child=2 3 32 8 5 -4 -6 -3 25 -10 -11 37 35 15 -15 16 29 -14 19 20 21 -5 36 24 52 -2 50 28 31 30 -7 -19 33 -1 -34 39 -21 -12 -39 -8 -36 -42 44 -44 45 -43 47 -47 49 -49 51 -9 53 -20 55 -54 -57 -55 -27 60 61 -33
right_child=1 7 4 18 6 13 12 26 9 10 11 -13 17 14 -16 -17 -18 27 23 22 -22 -23 -24 -25 -26 58 -28 -29 -30 -31 -32 59 34 -35 40 -37 -38 38 -40 -41 41 42 43 -45 -46 46 -48 48 -50 -51 -52 -53 54 57 -56 56 -58 -59 -60 -61 -62 -63
leaf_value=0.028443591398511249 -0.016048790015938393 -0.018494814408058616 0.011559455419281418 0.0036713092423515965 -0.041613240577759301 0.004142725248104143 0.00011631404091975902 -0.031554835300068661 -0.015057136436480881 -0.0099387893879718404 0.0037875451866518188 -0.0047657946312550225 0.018947380259858877 0.0057133531000997592 0.02698086326698769 -0.0001048637436998773 0.033753582158837059 0.0072580138496851788 -0.059144855756288334 -0.02554375564718462 -0.058433749639468027 -0.025392097802351923 0.020793831414786329 -0.00057150940865394466 -0.034487314362914114 0.0013600395999893438 -0.011431081867142756 0.015452817332935916 -0.056172350843794405 -0.045156846648702648 0.035102441131861069 -0.017035180812311864 0.0026755195550417074 -0.056531353139499557 0.01779809832046389 -0.010351097275734035 0.0045160607992973919 -0.02029780914020814 -0.00080177874144188332 -0.022276049417887619 0.055336482823551782 0.029691155509438568 -0.082093271443179461 -0.0068028353075665782 0.026012990149660742 -0.043495097646555771 -0.04454667814081565 0.0062894553251050993 -0.02927765176440706 0.05107580780902491 -0.0029547544691326984 0.015906166760386895 0.040701716518256548 0.020166321322469233 0.04878493752835291 -0.001840257234851877 0.028684416269320508 -0.018707397610885093 -0.0015218359384281208 6.60788646307719e-05 0.012963530226028031 -0.086974340325417676
leaf_weight=80.378494908803987 86.314257746504154 233.82499129141797 819.39121625514235 85.05026455107145 22.161126487495494 1799.6239544253331 1587.2776983889489 39.795946621234179 381.06471320517085 562.88256405726133 890.58166857383912 2293.876664440817 86.472726431908086 2302.7778392031323 52.868918797466904 1896.5706718078291 25.468431535176933 450.22441153298132 8.1055966103449446 21.082960430532694 9.4797198211599589 48.033982394292252 86.95348740555346 4344.2255732505873 11.898989649955181 2648.9644122566679 376.79837449581828 108.9655088763684 8.6368279904127103 7.7819380303844801 21.349327125586569 14.165200562682008 325.84286039414292 3.6060060756281009 313.33016605966259 216.96756023890339 1573.9197673292365 85.892520959510875 871.94672943740443 37.612646180728916 10.942082835128529 31.852414915338159 5.9633176425122647 30.225783518399112 50.46915061539039 8.9412119626067561 15.441737089306114 107.11338972026715 12.963570374180561 10.134657621849327 1670.3166979255038 9.7810117022600007 20.473595321178436 32.493210132350214 23.116592237725854 79.046034102793783 27.93693977361545 18.492458834080026 10029.722910258075 787.05890495859785 10.267844586633144 7.3841714407317331
leaf_count=1677 13053 13644 17534 590 11606 37182 85315 5296 26612 14246 35686 79575 983 12664 259 61793 115 3490 61 109 91 371 659 35857 87 46950 33238 531 63 70 108 102 32842 27 2844 22315 9727 7982 55551 979 104 307 178 396 491 163 109 1000 180 63 71192 131 93 181 97 462 225 113 216329 6482 53 60
internal_value=5.31547e-05 -0.00160233 0.00395633 -0.00115133 0.00332787 0.00470252 0.000474988 -0.00629359 -0.00192591 -0.00419439 -0.00331463 -0.0024145 0.00075635 0.00378242 0.00619067 0.00226995 0.004699 0.00366991 0.00101244 0.00379064 -0.0102507 -0.00681852 0.00498079 -9.77421e-05 0.00919148 -0.00102202 -0.0049329 0.00271722 0.00163113 0.00429437 0.0045057 0.00202451 0.0103602 0.0247951 0.00904702 -0.001574 0.00411873 0.000503446 -0.00255005 -0.00040202 0.0125224 0.00670281 0.00475428 -0.0192094 0.00841475 0.0036511 -0.00171416 0.00303895 0.0062343 0.0101607 -0.00350926 -0.0221913 0.0116704 -0.00287829 0.0173799 0.011684 0.00613079 0.00606686 -0.000919724 -0.000852906 -0.0235857 -0.0410007
internal_weight=37842.3 26572.1 11270.2 24241.6 10263 6925.83 3337.19 2330.52 17851.2 5086.24 4705.18 4142.3 3315.03 6106.44 2355.65 3750.79 1854.22 1473.18 6390.31 1824.52 142.564 133.084 1681.96 4565.79 221.563 12765 2096.69 1386.7 1277.74 1828.76 1820.97 1269.1 1007.2 83.9845 923.22 1841.86 1595 1848.42 957.839 1624.89 597.377 284.047 273.105 36.1891 236.916 186.447 154.595 139.153 130.212 117.248 1719.89 49.577 209.664 59.0913 150.573 127.457 106.983 50.9857 12678.7 818.876 31.8172 21.5494
internal_count=970293 668208 302085 544707 261704 129725 131979 123501 495984 219652 193040 178794 120373 112191 12923 99268 37475 11764 48723 11547 1052 961 10495 37176 1319 276332 109857 10781 10250 37360 37290 10187 40381 1704 38677 108609 9836 99219 63533 86294 5835 2991 2887 574 2313 1822 1515 1406 1243 1063 76619 5427 1232 355 877 780 687 294 263279 6697 215 162
is_linear=0
shrinkage=0.05


Tree=79
num_leaves=63
num_cat=0
split_feature=6 6 1 5 9 10 1 9 7 9 5 7 9 5 1 7 9 2 9 0 6 10 2 0 6 13 1 5 1 13 13 12 5 9 2 0 12 12 10 9 5 8 6 10 10 1 8 10 10 1 12 1 0 3 13 10 6 0 8 5 7 5
split_gain=88.7415 25.7727 13.907 12.4475 25.9721 10.6957 8.68656 8.51829 8.49979 8.76092 10.658 7.74094 7.59451 7.40409 11.3168 10.2714 8.00768 10.6362 7.92815 13.0525 7.46866 9.21873 7.00245 9.94509 8.51042 6.94795 6.72612 6.6728 6.65052 6.574 10.6534 15.395 8.16725 7.63752 8.19059 7.59142 13.7431 9.71981 6.38266 7.33623 6.58635 13.913 10.9104 10.4235 10.1406 9.6405 7.76429 7.39298 13.5424 7.38778 10.0722 8.46236 6.8348 11.2378 7.20524 6.92689 6.64563 6.62101 6.61425 6.75294 8.9072 6.15735
threshold=0.33609920740127569 0.2161563262343407 0.33608491718769079 2.4414010047912602 0.13741108775138858 8.7296881675720233 0.072359357029199614 0.50363564491271984 0.073609501123428359 0.023774610832333568 3.5114340782165532 0.25247138738632208 0.1727147921919823 3.979637980461121 0.49612575769424444 0.11221974343061449 0.11171373352408411 0.6117590367794038 0.07028070837259294 7.6076290607452401 0.13718584924936297 12.724362850189211 0.74533575773239147 5.2600927352905282 0.31204973161220556 1.3392080068588259 0.28723753988742834 4.0163424015045175 0.486940547823906 0.14363770186901095 0.27558958530426031 1.2230020165443423 3.4811217784881596 0.08653349801898004 0.57025191187858593 3.7954261302948002 1.4286947250366213 1.544001638889313 12.062208175659181 0.53171762824058544 1.2424533367156985 0.37722758948802954 0.40056388080120092 11.52169704437256 11.665178775787355 0.56234845519065868 0.48640428483486181 11.65768337249756 11.602254390716555 0.55814895033836376 0.26561735570430761 0.55214822292327892 5.7413980960845956 5.2958111763000497 0.23727313429117206 11.85598659515381 0.34268979728221899 7.8632667064666757 0.25127251446247106 2.6020033359527592 0.50197508931159984 2.6020033359527592
decision_type=2 2 2 2 2 2 2 2 2 2 2 2 2 2 2 2 2 2 2 2 2 2 2 2 2 2 2 2 2 2 2 2 2 2 2 2 2 2 2 2 2 2 2 2 2 2 2 2 2 2 2 2 2 2 2 2 2 2 2 2 2 2
left_child=1 8 6 11 -5 -4 -2 22 -1 10 -10 -3 -13 20 15 18 17 28 19 25 29 -22 -6 -24 -25 27 -27 -15 -17 -11 31 32 -31 34 -32 -33 -37 -38 40 -40 41 43 46 -7 45 47 -42 48 -45 51 -51 57 53 -46 55 -54 -48 -43 -44 60 -60 -58
right_child=2 3 5 4 7 38 -8 -9 9 13 -12 12 -14 14 -16 16 -18 -19 -20 -21 21 -23 23 24 -26 26 -28 -29 -30 30 33 35 -34 -35 -36 36 37 -39 39 -41 42 49 58 44 52 -47 56 -49 -50 50 -52 -53 54 -55 -56 -57 61 -59 59 -61 -62 -63
leaf_value=0.017524431439210886 -0.03664714382948131 0.0062676714662306251 0.0024507152665819666 -0.037752542558412157 -0.00043792279844022972 -0.0041151197845075167 -0.0057044557663421735 0.012577634356996282 0.051425702873250025 0.046485868774730009 -0.03652494792869037 -0.042939121321417036 0.0020659991069314518 0.063713072543023525 0.0081449964286651449 -0.011067047184855884 -0.0011891872568371093 -0.09452445813041338 0.013092961832955314 -0.082269750975021774 0.0064226277995211682 -0.016100837235772988 0.043800455734915367 0.012883000779700914 -0.040404038980383139 0.010262060715818698 -0.12130877958088347 -0.00040054375351056439 -0.11815412668624102 -0.00094977909967655443 0.015098098818829526 0.032890670814602251 -0.096003725762390787 0.028340278260217028 -0.019720881703812587 0.039981974072182506 -0.10241155786952963 -0.011984665388004937 -0.0037796893523069086 -0.012786836269911957 0.00051995512647258415 -0.0082267960659069828 -0.060306373789745363 0.0089994744523686759 -0.0017540156493207931 -0.063330875095467962 -0.048514719855016014 0.015960992319380793 -0.0098956593513756987 -0.070011544406049259 -0.017083926075170577 0.042664948750187753 -0.013035005140691695 0.041666996127290391 -0.021990920534211034 0.04475195819411025 -0.010131646200568284 -0.040060833330075644 -0.0047723272618146939 -0.0015215908431329998 -0.021259343189850798 0.017064941773141645
leaf_weight=145.13398641971071 22.896758427676104 1247.8132754823891 1278.3810892178153 45.881921749587491 6305.8037306296173 2671.3634389629588 2412.4862012316153 131.85512456059223 4.0575382923707393 14.845782650168983 22.80176782131457 9.3857822216232289 7346.4098069353786 4.299545345013029 611.59401418885682 118.6020439346903 636.0627556295367 4.0740079249371766 200.63220093824202 5.1467637380119404 2492.0846930193366 46.273353599419352 21.434681126847863 40.738579942379147 9.1815929953008872 1.7048899705114302 2.257724764640443 72.33753845866886 1.4677864147815842 3.5221159780630824 120.41602383553982 17.991997766308486 6.3055235492065549 99.330340585496742 19.645215103402734 12.937002972175831 3.2368172969436264 36.279243990662508 1523.829225002788 265.44835801323643 3299.1647410294681 579.32541309058433 4.9873998813272911 317.29180502006784 667.66313557117246 4.9697757177054873 4.4982059837784609 156.4503858210519 135.24910871800967 11.038823693525044 48.402032987214625 7.9934911653399459 12.57282433845103 15.24139374354854 77.149985134135932 8.8264010041020793 24.388768534990959 16.807421806501225 909.32053085329244 3048.9919282078044 90.032484565919731 141.88963759149192
leaf_count=9122 6088 19486 7232 12570 178263 45813 156234 1946 123 98 7650 708 109052 93 4207 14673 36145 131 6689 93 58740 1457 60 208 88 287 63 4457 42 92 4121 967 207 1336 219 118 77 699 42425 17610 58199 11559 136 3180 10357 24 90 1041 1737 56 370 54 105 107 757 75 439 204 25175 97679 5187 3037
internal_value=8.27132e-05 0.00237891 -0.00248567 0.00137567 -0.000265829 -0.00192779 -0.00599537 -1.58536e-06 0.00561248 0.00523317 -0.0232386 0.00262629 0.00200857 0.00540195 0.00274154 -0.000416084 -0.00345628 -0.015072 0.00765428 -0.0050713 0.0069375 0.00601203 -0.000261675 0.0153138 0.00308216 -0.000141728 -0.0647013 0.0031964 -0.0123761 0.0139602 0.0124497 -0.00331327 -0.0619375 0.0177353 0.0102143 0.00486526 -0.00474777 -0.0193917 -0.00232638 -0.00511595 -0.00191905 -0.00338095 -0.000999866 -0.00228561 0.00121679 0.00602553 0.00105807 0.00659153 0.00335236 -0.0100939 -0.0269132 -0.00843908 -0.00256127 -0.000784924 -0.0148706 0.0108 0.0114536 -0.00912433 -0.0027616 -0.00269071 -0.00625766 0.0130759
internal_weight=37618.2 19861.5 17756.7 15158.5 6554.9 15321.3 2435.38 6509.01 4703.04 4557.91 26.8593 8603.61 7355.8 4531.05 1658.18 1046.59 760.207 124.144 286.379 85.7465 2872.87 2538.36 6377.16 71.3549 49.9202 80.5997 3.96261 76.6371 120.07 334.51 319.664 80.2727 9.82764 239.392 140.061 70.4451 52.4531 39.5161 14042.9 1789.28 12253.6 4730.35 7523.27 4066.78 1395.41 613.961 3469.94 608.991 452.541 663.567 59.4409 604.126 781.454 682.905 98.5492 21.3992 170.777 596.133 4053.33 4048.34 999.353 166.278
internal_count=969257 474287 494970 322381 193135 332648 162322 180565 151906 142784 7773 129246 109760 135011 66880 62673 50991 14846 11682 4993 68131 60197 178619 356 296 4900 350 4550 14715 7934 7836 2160 299 5676 4340 1861 894 776 325416 60035 265381 75439 189942 63196 17383 5982 61765 5958 4917 12243 426 11817 11401 10464 937 180 3566 11763 128177 128041 30362 3476
is_linear=0
shrinkage=0.05


Tree=80
num_leaves=63
num_cat=0
split_feature=7 7 4 1 5 7 10 1 5 10 12 10 5 10 10 7 4 4 0 13 10 0 0 4 12 13 12 12 10 8 8 7 4 8 8 7 12 12 7 5 5 0 7 1 12 1 5 7 4 4 2 3 5 3 7 8 2 5 12 10 5 4
split_gain=80.2326 20.261 14.2851 12.7909 18.794 13.9788 11.0161 10.9359 9.85298 8.97001 8.75388 11.5939 15.7391 8.42188 24.599 11.8105 8.88589 11.039 8.37875 8.29729 10.8199 8.11455 8.07583 7.92065 7.80673 7.56666 8.25037 8.15825 19.6351 8.97471 15.2838 10.5099 9.48645 8.60328 12.7626 8.4423 10.8555 8.25304 7.98578 7.88781 11.8616 7.66085 7.47234 7.4567 8.10201 11.8575 8.14491 7.432 7.40708 13.7222 9.98878 8.75548 8.42132 7.34627 7.1752 7.77282 16.9055 9.03521 7.40733 7.32242 9.21257 7.10069
threshold=0.3018276989459992 0.1363976672291756 0.077677953988313689 0.49149402976036077 3.3140207529067998 0.23893107473850253 12.062208175659181 0.33860847353935247 4.1026091575622567 1.0000000180025095e-35 0.66352757811546337 10.630044937133791 4.3630783557891855 9.5731415748596209 9.851720333099367 0.50120311975479137 0.53483298420906078 0.52282473444938671 5.6149497032165536 0.28290329873561865 11.280583381652834 6.5154528617858896 6.7487590312957773 0.4322520792484284 0.050942661240696914 0.19707879424095157 1.1292131543159487 0.70708641409873974 11.018227577209474 0.16997316479682925 0.18676832318305972 0.19202751666307452 0.49976402521133428 0.38574092090129858 0.4078755676746369 0.19801786541938785 2.1033823490142827 0.68936580419540416 0.19202751666307452 5.5114085674285898 5.3205649852752694 3.2384861707687382 0.089220777153968825 0.55438220500946056 0.60399547219276439 0.51832541823387157 2.8029010295867924 0.27756406366825109 0.38514429330825811 0.37981377542018896 0.35972702503204351 6.1213951110839853 1.8688347935676577 5.0139575004577646 0.18276431411504748 0.11042946949601175 0.55801561474800121 3.4498615264892583 0.079371079802513136 8.8768234252929705 2.6735538244247441 0.50123339891433727
decision_type=2 2 2 2 2 2 2 2 2 2 2 2 2 2 2 2 2 2 2 2 2 2 2 2 2 2 2 2 2 2 2 2 2 2 2 2 2 2 2 2 2 2 2 2 2 2 2 2 2 2 2 2 2 2 2 2 2 2 2 2 2 2
left_child=1 7 -2 4 5 19 9 8 42 -4 11 -9 -13 -11 -15 16 17 22 -8 23 -21 -14 48 -3 -5 26 -26 28 39 32 31 -31 -29 -32 -35 36 38 41 -34 40 43 -30 -1 44 54 46 -46 -39 49 -16 -50 61 -51 -36 55 56 -27 -58 -57 60 -56 -52
right_child=2 3 6 24 -6 -7 18 10 -10 13 -12 12 21 14 15 -17 -18 -19 -20 20 -22 -23 -24 -25 25 27 -28 29 37 30 33 -33 35 34 53 -37 -38 47 -40 -41 -42 -43 -44 -45 45 -47 -48 -49 50 52 51 -53 -54 -55 59 58 57 -59 -60 -61 -62 -63
leaf_value=0.038442470704203952 -0.033233760130864765 0.00028584557256895965 -0.02152506156386573 -0.012720217131894144 -0.0021276522542957202 0.0013741679829655641 -0.0026596617359985891 0.010164153626558602 -0.0081906211337710519 0.00083313927827140743 0.016107723555353101 0.00756764544401042 -0.062519425956404792 -0.010981737277009747 -0.0015702301070423582 -0.0068927903311340856 0.0017204468377075084 -0.011378542782026921 -0.0081391287369531294 0.0062548936275825797 0.017091667055397355 -0.0053500995716257846 -0.0048126441568470844 0.01259017966028024 -0.062984287125450789 0.030196583970648921 -0.0035774566829063874 0.038907229372208335 0.037959673592395882 0.017448393781261205 0.0093392666111615005 -0.024604571222061569 0.0050157893501019237 -0.050094991611976336 0.053331476903260837 0.024057084965737385 0.03874373065593105 -0.065774306835947247 -0.032192360433337487 0.050591874581282295 -0.049639344901744938 -0.009164274542820065 0.0056124198835598646 0.0095031280581976477 0.043220034048287455 -0.071350866351363548 -0.028114121329961106 -0.0029038638845463776 0.0069337607742347707 -0.030372667541028339 -0.0032117553573862349 0.0038315671329266624 -0.0025544483626715481 -0.0099961535463657658 0.0213503193927225 -0.019020040647153048 0.010166204567474711 -0.079540571890632655 0.02637346142209563 0.0029679337608321706 -0.025353599206033473 0.0028567382932361387
leaf_weight=19.931301258915482 35.896479345516127 732.09132290945854 54.34216993386508 59.696799032390118 2541.6662055410561 4754.2840246474079 2229.5471448286116 314.04924008739181 148.49865782060078 4126.4696674534862 532.03164643215132 38.581099539296702 17.433244615851439 683.2833859198654 6134.670518212446 886.51042623845569 2569.6909021741012 277.27780205273302 1015.3885954337456 1001.8340621422103 299.10692173516145 9.6387373334728164 1427.0458063839178 159.24290784774348 6.1437585502862921 13.1633978409227 119.94952283849125 40.741083218716085 9.0207244521006924 19.696424321271479 953.71394515912107 60.47518806217704 121.78193569474388 15.355372598161919 6.6378426158335087 104.18689448619261 21.577579075586982 11.922677979338916 16.357460625469685 9.7702524519991112 9.6829346777521987 196.34879259136505 132.91182796054636 713.14778811787255 6.546657173894352 9.0482144891284388 10.29317863419419 7.7600331278517833 578.27681664028205 67.43994757370092 1926.0685720843467 994.91618549529812 45.60197529772995 14.76843114022631 13.485656373202799 10.098261011764405 4.1520554875023654 8.6640302364248765 81.666351887746714 507.28808508050861 48.650186793063767 642.9442542764009
leaf_count=1239 9579 16528 6965 246 149686 94313 76229 3823 25245 65128 6292 459 500 31143 211560 56275 19551 3417 35661 26091 3832 136 32133 908 23 54 1090 263 62 145 5942 418 743 126 33 572 77 87 93 68 116 1207 8615 3057 28 100 150 42 8275 754 34415 13565 2000 136 56 41 19 143 586 4119 228 5756
internal_value=5.44721e-05 0.00306536 -0.00171596 0.00247655 0.0015512 0.00289725 -0.00166814 0.0092395 0.000981839 -0.001238 0.0119688 0.00616938 -0.0129395 -0.00118385 -0.00169655 -0.00128856 -0.000949755 -0.0015171 -0.00437427 0.0062003 0.00874644 -0.0421648 -0.00128571 0.0024841 0.00519329 0.00553041 -0.00647199 0.00602726 0.00367952 0.00887931 0.00672476 -0.0142731 0.0164513 0.00842438 -0.0153108 0.0129846 0.00576171 -0.0100586 0.000609871 0.0058182 0.00551354 -0.00709439 0.00989358 0.00588799 0.00227239 -0.0251867 -0.000382244 -0.0409872 -0.000801284 -0.00188832 0.000838293 -0.000150746 -0.0191506 0.00964103 0.00330687 0.0145427 -0.00960149 -0.0504781 0.0213781 0.000983561 -0.0152172 -0.001693
internal_weight=37628.5 13933.1 23695.4 12720 9488.23 6946.56 23659.5 1213.08 301.342 20414.5 911.734 379.702 65.6531 20360.2 16233.7 15550.4 14663.9 12094.2 3244.94 2192.28 1300.94 27.072 11817 891.334 3231.79 3172.09 126.093 3046 1670.71 1375.29 1070.65 80.1716 304.645 990.476 36.7616 263.904 159.717 225.052 138.139 1445.66 1435.89 205.37 152.843 1426.2 713.056 25.8881 16.8398 19.6827 10389.9 6247.71 4142.21 3563.93 113.042 21.4063 687.168 117.744 25.9795 12.8161 91.7646 569.424 62.1358 2569.01
internal_count=970143 357737 612406 311428 291358 141672 602827 46309 35099 490937 11210 4918 1095 483972 418844 387701 331426 311875 111890 47359 29923 636 308458 17436 20070 19824 1113 18711 10163 8548 6800 563 1748 6237 295 1485 913 1398 836 8765 8697 1269 9854 8581 5524 278 178 129 276325 214314 62011 53736 2754 169 5246 843 216 162 627 4403 284 40171
is_linear=0
shrinkage=0.05


Tree=81
num_leaves=63
num_cat=0
split_feature=7 7 6 5 5 1 9 9 2 6 1 5 13 9 6 9 6 9 5 0 1 13 9 13 5 9 3 12 1 7 5 9 6 7 10 6 2 6 2 2 1 2 2 0 10 0 2 10 0 10 7 12 10 5 10 7 0 2 5 9 0 7
split_gain=79.628 23.1619 20.5919 16.2542 9.9104 13.6422 11.2609 9.75925 10.8014 9.73322 9.37723 10.1049 9.75966 9.19258 9.1731 11.2747 8.50464 11.4551 8.67339 9.62245 8.64362 9.32708 8.44925 9.93523 10.8085 8.49903 8.22292 8.83504 10.0832 8.16148 8.9512 9.87208 13.3027 11.3455 10.3038 10.4181 10.2649 10.7808 9.78517 10.3609 12.2903 11.0592 8.99123 8.39721 7.84945 8.82731 7.79337 10.1791 7.67629 7.65852 9.37143 10.147 12.5123 10.9171 8.61545 10.9574 9.68074 7.6052 7.57315 7.54705 7.49379 7.48674
threshold=0.29702274501323706 0.15953581035137179 0.4146538525819779 2.1383330821990971 3.65057384967804 0.56234845519065868 0.10829129815101625 0.3696755319833756 0.49655637145042425 0.54885500669479381 0.41737200319767004 3.6242519617080693 0.14363770186901095 0.48103672266006475 0.29373346269130712 0.26301880180835729 0.096990436315536513 0.14920332282781604 5.0005793571472177 5.2907860279083261 0.56780785322189342 1.3907248973846438 0.5069728195667268 1.3392080068588259 3.7012257575988774 0.29702013731002813 3.3497501611709599 0.28812526166439062 0.50076606869697582 0.25247138738632208 2.6735538244247441 0.10829129815101625 0.18615420162677768 0.20509669184684756 11.783879280090334 0.2709635347127915 0.63566216826438915 0.16148764640092853 0.56701073050498974 0.50714692473411571 0.47098995745182043 0.34337848424911505 0.74533575773239147 7.9405775070190439 12.083156108856203 4.930863857269288 0.46279951930046087 12.657095909118654 8.5394430160522479 11.593066692352297 0.15126544982194903 2.2170859575271611 12.255302906036379 3.8393944501876835 12.309280872344972 0.13883153349161151 6.3198683261871347 0.17190404236316684 5.0005793571472177 0.17542195320129397 6.9132399559021005 0.16475966572761538
decision_type=2 2 2 2 2 2 2 2 2 2 2 2 2 2 2 2 2 2 2 2 2 2 2 2 2 2 2 2 2 2 2 2 2 2 2 2 2 2 2 2 2 2 2 2 2 2 2 2 2 2 2 2 2 2 2 2 2 2 2 2 2 2
left_child=1 10 14 13 7 6 -6 29 -9 26 11 12 -1 -4 -2 -16 -12 46 19 44 21 -20 25 58 -25 -17 27 -5 -29 30 57 32 36 -33 35 42 37 -32 39 40 41 -39 43 -35 45 -19 -18 49 -13 -48 51 54 -53 -54 55 -51 -57 -3 -24 -31 -8 -7
right_child=2 4 3 9 5 61 60 8 -10 -11 16 48 -14 -15 15 22 17 18 20 -21 -22 -23 23 24 -26 -27 -28 28 -30 59 31 33 -34 34 -36 -37 -38 38 -40 -41 -42 -43 -44 -45 -46 -47 47 -49 -50 50 -52 52 53 -55 -56 56 -58 -59 -60 -61 -62 -63
leaf_value=0.047767689301448674 0.030864128812966848 -0.0014890226619356758 -0.026839525992092425 -0.0096160004870356874 -0.033596342972753643 -0.033755530689540826 -0.00062358517078365508 -0.00079919125323354599 0.024474034615454967 -0.010080164804304561 0.021068619249653486 -0.00061402667762181168 0.0097096081504121981 -0.0096292188625748346 -0.016756425972730041 0.0017097393407338208 0.02137490046349427 0.0027735715785214953 -0.0074769363437372748 0.025598266605736032 0.025789727101965448 -0.090149493957556781 0.0038398932115108727 0.0010268615622365752 0.052346507180912265 -0.001569555354512274 -0.0034277816421357968 0.0042362178570727518 0.028503197272070686 -0.023007929106138317 -0.059632110602808444 0.0079907499309100696 -0.03060820132728069 0.0041021304787428802 -0.0078501077787868929 -0.065277040753608032 -0.06002660387844834 -0.011241215117721959 0.033913540137543059 -0.037922351094938765 -0.1157354720971501 0.017103617019536829 0.065530949973148955 -0.013607083901686535 0.042080847269404809 -0.056945603797214389 -0.0017202845330713231 -0.05564933465107106 0.023469281068528604 0.017636954545984861 0.036433390937738251 0.013640589772283324 -0.010260995125881071 -0.11439490923977567 0.058056848207708622 -0.00099797423695954248 -0.077745294474511992 0.0078746171221775376 -0.062162313041829821 0.00143253615724759 -0.008939226377034799 0.0076328359418497711
leaf_weight=17.888041381724179 22.476318320084829 247.1528747153061 88.93712032851181 85.039399490742653 28.587726671532437 11.171439751982687 1649.9741163679719 69.494191336503718 107.9437505681999 493.43035039961978 190.70965870120563 568.9926882697182 289.00195403886028 608.07950135643478 114.26459732036164 2243.2378303161968 60.165004335693084 27.932213979307562 28.201563510112464 200.40471352217719 18.02909905416891 3.8811546755023292 479.49192273171502 18.967819307290483 22.347857931017643 16574.540315704195 2975.6401741185036 228.94873842137895 52.650387862930074 31.806394217681373 7.1181519837700753 797.7324929885217 48.999091795165441 929.85045837867074 292.1775824391807 5.587677609641104 7.2153446916490784 60.169637071317993 22.56400955026038 17.197614988079295 2.1409834995865813 80.388779699744191 5.7498686946928492 72.131150215282105 8.8665349902585131 7.9487638212740412 272.73618690122385 7.484841583762317 35.129962301230989 62.081929925363511 31.957919137727004 9.794213189394215 4.7312393090687674 5.3776730715762824 9.4209946808405203 12.600216226419436 6.0971005345927543 1768.702302918362 4.3858547706040545 4563.7740255891986 324.15122342351242 498.09713875944726
leaf_count=114 998 14196 3991 6429 13021 77 80783 1938 787 43287 1915 51869 10402 24567 16721 36954 548 214 512 1073 75 44 10457 230 243 341246 114226 21953 690 3832 346 14675 4425 21093 7669 163 64 4419 139 217 30 964 16 596 28 72 2684 130 191 389 149 87 29 84 35 107 64 17847 184 77738 10233 2399
internal_value=-3.7501e-05 0.00303029 -0.00176599 -0.00480135 0.00219935 -0.000582093 -0.00244019 0.00296396 0.0145757 -0.003525 0.00818099 0.00453963 0.0119279 -0.0118252 -0.00105969 -0.00109656 0.0116065 0.0092862 0.0170429 0.0209174 -0.00191132 -0.0174781 -0.00100406 0.00525116 0.0287859 -0.00117864 -0.00255724 0.0045081 0.0087734 0.00273402 0.00428238 0.00218484 -0.00729691 0.00329292 0.000422288 0.00280753 -0.00149273 0.000735062 0.0030901 -0.00125958 0.00315889 0.00496988 0.00318504 0.00282727 -4.61222e-05 -0.0104561 0.00453897 0.00214026 0.000786427 0.00318304 0.0125967 0.005678 -0.0266354 -0.0656575 0.0128081 0.0075309 -0.0260249 0.00672659 0.00324165 0.00126338 -0.00198901 0.00672493
internal_weight=37541.7 13529.3 24012.4 4532.73 11649.9 2511.98 2002.71 9137.9 177.438 3835.71 1879.43 911.013 306.89 697.017 19479.7 19457.2 968.421 777.711 295.264 245.152 50.1118 32.0827 19343 525.193 41.3157 18817.8 3342.28 366.639 281.599 8960.46 4364.88 2349.02 245.794 2103.23 1305.5 1013.32 196.795 189.579 182.461 159.897 142.699 140.558 1007.73 1001.98 44.7475 35.881 482.447 422.282 604.123 414.797 142.061 110.103 19.9031 10.1089 90.2002 80.7792 18.6973 2015.86 483.878 4595.58 1974.13 509.269
internal_count=970658 348482 622176 215143 277667 106513 104037 171154 2725 186585 70815 62576 10516 28558 407033 406035 8239 6324 2018 1387 631 556 389314 11114 473 378200 143298 29072 22643 168429 86859 54816 10604 44212 29537 21868 6179 6115 5769 5630 5413 5383 21705 21689 314 286 4306 3758 52060 3628 944 795 200 113 595 560 171 32043 10641 81570 91016 2476
is_linear=0
shrinkage=0.05


Tree=82
num_leaves=63
num_cat=0
split_feature=7 6 1 1 7 5 8 5 2 4 12 9 9 2 13 5 1 4 7 1 1 4 5 5 8 9 8 5 6 7 6 5 13 12 8 13 8 6 2 9 9 5 1 13 8 13 2 5 9 2 1 9 4 4 1 2 2 8 6 8 6 13
split_gain=87.5351 19.556 13.2552 13.2546 11.4477 11.8214 9.85042 9.17038 9.1142 9.63223 8.96836 8.72469 8.57616 8.33498 8.28904 8.16774 8.05397 7.8916 7.77517 12.1382 7.64708 8.49776 7.18988 8.98141 7.91147 17.3336 11.4892 11.1223 12.3097 8.93904 6.87319 13.2776 9.22659 8.01211 10.8857 7.84763 6.92668 6.83341 6.81479 7.81975 11.3844 8.7107 6.77949 6.75545 6.59845 6.53499 8.02913 7.58138 6.58555 8.28675 6.52593 6.51164 15.6448 10.7071 6.59811 9.97429 6.7854 6.293 11.6068 6.38278 6.24444 7.55732
threshold=0.28054267168045049 0.33609920740127569 0.37421239912509924 0.33608491718769079 0.16267645359039309 2.8617925643920903 0.28806346654891973 4.1026091575622567 0.28200609982013708 0.37443876266479498 1.7744623422622683 0.26039023697376257 0.23203529417514804 0.66372647881507885 0.14229624718427661 1.2424533367156985 0.62213659286499035 0.070654816925525679 0.089220777153968825 0.3316179513931275 0.48921379446983343 0.47104214131832128 5.2284276485443124 4.3107767105102548 0.1412480175495148 0.16464009135961535 0.16071636974811557 4.4601275920867929 0.188193254172802 0.17573750764131549 0.37711146473884588 1.8688347935676577 0.46779036521911627 0.99983829259872448 0.30649323761463171 1.4935592412948611 0.35758028924465185 0.27918012440204626 0.55240729451179515 0.26859726011753088 0.23604339361190799 4.5485858917236337 0.33860847353935247 0.14229624718427661 0.33665427565574652 1.3907248973846438 0.44452627003192907 1.4978661537170412 0.29559201002120977 0.530359447002411 0.40703235566616064 0.07028070837259294 0.46045906841754919 0.39321656525135046 0.45351026952266699 0.54274779558181774 0.46435087919235235 0.19115550071001056 0.25127546489238745 0.22557876259088519 0.38872411847114569 1.2954229712486269
decision_type=2 2 2 2 2 2 2 2 2 2 2 2 2 2 2 2 2 2 2 2 2 2 2 2 2 2 2 2 2 2 2 2 2 2 2 2 2 2 2 2 2 2 2 2 2 2 2 2 2 2 2 2 2 2 2 2 2 2 2 2 2 2
left_child=2 12 7 17 10 6 8 18 57 50 13 -8 42 -4 15 -14 30 -3 19 -1 21 -7 23 37 25 29 27 -26 -29 -25 33 32 36 34 35 -5 -32 -22 -27 40 41 -40 -2 -19 -17 -16 47 -47 49 -48 -10 52 54 -53 55 56 -12 -6 -59 -60 61 -33
right_child=1 3 4 16 5 20 11 -9 9 -11 51 -13 14 -15 45 44 -18 43 -20 -21 22 -23 -24 24 26 38 -28 28 -30 -31 31 60 -34 -35 -36 -37 -38 -39 39 -41 -42 -43 -44 -45 -46 46 48 -49 -50 -51 -52 53 -54 -55 -56 -57 -58 58 59 -61 -62 -63
leaf_value=0.044921379564608038 -0.025498099540818733 -0.036251382259794497 0.0061670337232539608 -0.0077743842508968004 -0.057185962022919992 0.0011007117094655795 -0.017310980286652452 -0.0044539429612298464 0.037706841449742748 0.0077331293355768493 -0.057278079503457174 0.01487541862480451 0.02243467818942526 0.019660839189048235 0.00052823001652392435 -0.042076657118879958 0.0025199744356314293 -0.030815258378847452 0.0023973830428716688 -0.07372686020887223 0.0056434414010102301 -0.010168739578280453 0.023556040683571366 -0.11092303955893049 0.0098796379526835953 0.047577174181185525 -0.0027119450143689178 -0.0099950919878715756 -0.087162928801172893 -0.010719851184777165 0.022330809576379774 0.0011141661363087115 -0.017403712277888183 -0.0023735401704215444 0.0018075422442014905 -0.063741885762147607 -0.0066104164527131639 0.029782481140385005 -0.030953604121638324 0.040580587195390233 -0.054899139867792872 0.029036213293795046 -4.0494512654439457e-05 -0.005291139273279735 0.010381056816672537 0.026930925844094213 0.0052854642594473882 -0.013736251682935539 0.0086868289308286873 0.048112334567842877 -0.0087262716159144799 -0.020523153248458589 -0.087885177352411206 0.027774046502869649 0.050602850032050478 -0.056721919962250046 0.031437912056646915 0.034487433906407648 0.026513218992473154 -0.028665270529583804 -0.0028399396606893566 0.022438906996310754
leaf_weight=19.84280700690579 56.484101465459389 21.141924864627072 978.79301275406033 235.85035184932349 6.7362136417068532 1279.6195448248764 73.541944726603106 528.33985772186134 42.879002663074061 2030.7843961648177 2.5303148824605257 29.500194013584405 8.8318953700363618 129.5910191165749 8415.5228192378272 28.823313853703439 983.20369620935526 26.209285849734442 3859.7351538345902 2.4183360777678891 1138.9425705849135 192.43386770936195 48.512910463439766 3.8618265844415856 9.6227354477159697 17.096160746179521 306.43384981504641 8.8778309028130042 12.366803134093059 5.253453137120232 21.084711190429516 458.67469394346699 214.21484449319541 5322.8972591738129 2672.6077601394281 6.4342218809761098 1062.1944770482369 30.09286702144891 8.2904356922954339 16.170721983537078 7.7755197100341311 22.402961118612438 48.69936562005023 2377.1308046398408 7.5687911286076988 14.39311248087324 19.114501258125529 56.245400743238861 129.11286174878478 27.611067620571703 9.1886114273220283 12.476807830156757 4.4141835518530561 142.98055196856149 8.3898279662244004 5.9850865304470053 14.543189502903259 13.285506473854182 6.2567315511405459 32.281961870845407 4231.4042243829026 45.685258057550527
leaf_count=909 10145 6263 10619 4416 204 25402 577 76451 245 10948 144 198 48 876 159087 713 6708 1597 153996 390 7067 3127 457 70 71 63 2903 73 162 53 466 12110 3690 94603 32603 52 27308 199 58 86 83 153 2157 154826 249 266 141 2513 793 120 53 415 138 1051 46 129 245 271 105 566 150106 450
internal_value=0.000116151 -0.00144379 0.00385179 -0.00240293 0.0052611 0.00423895 0.00700402 0.0017262 0.00773062 0.00827758 0.00947031 -0.00809625 0.000480358 0.00774471 0.000651794 -0.0206987 -0.00185712 -0.00583704 0.00256732 0.032032 0.00224199 -0.000372485 0.0045949 0.00401534 -0.00227356 0.0117739 -0.00564073 -0.034716 -0.0549156 -0.0531725 -0.00215868 -0.00344086 -0.00792207 -0.00121962 0.000887556 -0.00926068 -0.00604711 0.00626482 0.0200264 0.0114061 -0.000857603 0.0128327 -0.0137114 -0.00556949 -0.0311666 0.000763264 0.00878809 -0.00545002 0.0145079 0.0305927 0.0295126 0.0194673 0.000262062 0.0238978 0.0126346 -0.00118002 0.0182901 -0.0117233 -0.00581393 -0.0197071 -0.00221311 0.00304578
internal_weight=37553.4 26491.1 11062.2 17678.7 6651.91 5352.21 2244.45 4410.34 2141.41 2082.85 1299.7 103.042 8812.41 1108.38 8707.22 45.224 15254.3 2424.48 3882 22.2611 3107.75 1472.05 1635.7 1587.19 418.152 80.8511 337.301 30.8674 21.2446 9.11528 14271 6033.26 1297.49 8237.79 2914.89 242.285 1083.28 1169.04 71.7358 54.6396 38.4689 30.6934 105.183 2403.34 36.3921 8662 246.477 70.6385 175.838 46.7256 52.0676 191.32 35.8626 155.457 31.4484 23.0586 17.0735 58.5604 51.8242 38.5387 4735.76 504.36
internal_count=970033 671430 298603 495198 66857 53194 13167 231746 12392 11246 13663 775 176232 11495 163930 1010 332512 162686 155295 1299 40027 28529 11498 11041 3775 566 3209 306 235 123 325804 194130 31464 131674 37071 4468 27774 7266 443 380 294 211 12302 156423 962 162920 3833 2779 1054 261 298 2168 702 1466 564 518 389 1146 942 671 162666 12560
is_linear=0
shrinkage=0.05


Tree=83
num_leaves=63
num_cat=0
split_feature=6 6 6 12 9 1 5 9 9 10 1 13 1 7 12 5 13 8 10 6 9 6 5 1 5 9 13 0 10 13 10 10 6 5 8 0 8 1 5 2 9 1 1 2 12 5 6 5 5 1 12 2 1 0 12 2 1 5 12 7 0 13
split_gain=87.2408 26.4993 15.3568 12.8918 11.2894 10.8729 16.7406 10.3014 10.0552 9.37009 8.95119 8.94494 8.12655 14.1738 8.15065 7.9971 7.77106 8.25692 7.9792 7.55091 7.5 7.5907 8.92788 7.33777 7.39913 7.29884 7.14503 7.13642 7.11036 9.73774 8.80213 7.021 7.21333 7.49182 18.3521 10.1837 8.14771 11.2396 6.91297 6.74371 7.06005 7.27904 8.58837 7.03612 6.64677 6.56521 6.52255 7.59796 6.80825 13.7687 7.55303 6.68642 6.51568 6.41508 9.52514 8.9449 7.36005 8.81081 8.06391 17.1224 7.98428 8.32549
threshold=0.25249001383781439 0.33609920740127569 0.13008482009172442 2.2170859575271611 0.17542195320129397 0.49855451285839086 3.6762205362319951 0.07028070837259294 0.33461612462997442 1.0000000180025095e-35 0.30458468198776251 0.1948223486542702 0.50566896796226513 0.14471155405044558 3.2416840791702275 2.5249279737472539 0.15488148480653766 0.24045157432556155 12.967424392700197 0.16388350725173953 0.023774610832333568 0.047675048932433135 4.182021141052247 0.29702274501323706 1.2424533367156985 0.24934934079647067 1.2954229712486269 8.9315090179443377 11.453610420227053 0.28290329873561865 9.6964015960693377 8.8223190307617205 0.61218437552452099 2.6020033359527592 0.44090509414672857 5.7413980960845956 0.31435655057430273 0.58438140153884899 3.5114340782165532 0.4291182160377503 0.30977138876914984 0.62213659286499035 0.56234845519065868 0.70330616831779491 0.096319317817688002 1.2424533367156985 0.082435581833124175 4.6491756439208993 4.4829866886138925 0.6297823190689088 0.050942661240696914 0.6429714858531953 0.55438220500946056 3.4498615264892583 0.29393498599529272 0.58207994699478161 0.49855451285839086 3.6762205362319951 0.28812526166439062 0.4661365300416947 5.9039974212646493 1.4913613200187685
decision_type=2 2 2 2 2 2 2 2 2 2 2 2 2 2 2 2 2 2 2 2 2 2 2 2 2 2 2 2 2 2 2 2 2 2 2 2 2 2 2 2 2 2 2 2 2 2 2 2 2 2 2 2 2 2 2 2 2 2 2 2 2 2
left_child=2 4 20 8 -2 6 -4 -8 -3 -10 23 16 13 -7 39 26 17 18 -12 -15 21 -1 28 24 -6 -21 -13 -9 30 38 -23 -11 33 34 36 -36 37 52 -30 -14 -41 42 -42 -44 -38 -25 47 -22 50 51 -48 -50 -33 54 -35 -56 -55 58 -58 -60 -59 -62
right_child=1 3 5 -5 10 12 7 27 9 31 11 15 14 19 -16 -17 -18 -19 -20 25 46 22 -24 45 -26 -27 -28 -29 29 -31 -32 32 -34 53 35 -37 44 -39 -40 40 41 -43 43 -45 -46 -47 48 -49 49 -51 -52 -53 -54 56 55 -57 57 60 59 -61 61 -63
leaf_value=0.028394089476172408 -0.024236935281542138 -0.014353623636746558 0.0043423269921292603 -0.0078603602683745329 0.0038640476205821896 -0.040142336800864376 -0.037653774366227272 -0.0014653743164050929 -0.025244622335387192 0.0013451775611419104 -0.018118254244473105 0.002643323918296905 0.039923837525259284 0.042598999356542724 -0.02629031278231346 -0.0001071218636038605 -0.0087756364952113527 0.0030852716021193636 0.035591634099387329 0.02016646910925762 0.03231079156040851 0.017927211914731317 -0.047141991189554408 -0.034712012021540693 -0.0037795919583932277 -0.0078878524312517694 0.014329105870127352 -0.07065376943840676 0.062342387772139719 0.084922737612945456 -0.0665615018295002 0.0075718518075759472 -0.013725827140329853 -0.0069635060075509117 -0.0056682152080472703 -0.016188017128278179 -0.012348751912430643 0.059750078291253506 -0.051925124269550454 0.0048598128266754553 0.018681475964027413 0.035968481989380928 0.0040032311776712452 -0.041786651734256254 -0.0022454723445504169 -0.0079638532093779593 -0.064883334955679536 0.011596351790354136 0.0012917924952716303 -0.10435735920361584 0.013654531267451942 0.022865480930099855 -0.040810501800451426 -0.0036999259186440829 0.0061285215639127564 0.052327146525487769 0.0070815042830311373 0.0014982439305960043 0.0039805716806327546 -0.0095618990693704456 -0.005663737124733708 -0.03136639807707612
leaf_weight=10.961883340496568 45.521361310595239 165.72887620458641 3929.3767847337294 1031.1673728813112 436.40107425334281 10.443579617887734 20.208258379243489 1258.1485117266129 43.151996532920748 1500.7805262191687 81.226081941451412 5518.4127066665678 14.897945100674404 30.274858198943548 19.251595628738869 3552.1440633741731 389.06843549996847 468.14594937983202 7.5584509962936854 137.62496587290661 74.221179851097986 6.1599812699714693 16.159869287163019 29.542091660667211 1153.375025280242 27.881162982666865 133.98204622231424 3.7380257276818147 2.0408694976940733 4.7211388712166809 6.1708059606025927 153.03966893849429 135.51117456864449 156.93953873154533 655.13454993782216 354.56263848053641 166.16719864119659 10.101306819356976 3.7661405403050594 1315.543500558706 97.409787740325555 34.920455617830157 31.659603914711624 11.414081866852937 8008.1150972821051 102.65639113943325 3.0813189505715846 109.6924442636373 241.7205235901929 2.9349926081486037 470.70637502314639 42.183503716485575 7.2901418656110755 1925.7082622717426 518.91068745858502 10.693413033150135 621.31279219093267 492.56310921022668 790.21714305330534 331.24366300262045 565.39266860822681 33.365299594588578
leaf_count=2180 10719 17235 93825 51335 9220 91 11699 73420 6927 7852 2005 66031 62 147 154 68101 10315 8316 138 952 1460 583 6227 402 66112 260 762 76 40 62 1302 3218 12638 11291 29080 10133 3337 44 812 7494 504 105 138 51 149464 3325 513 4348 11060 23 11532 284 28 126162 33163 92 4082 7914 6321 6070 8716 154
internal_value=4.16631e-05 -0.00120674 0.00469645 -0.00243523 0.000615399 0.00386407 0.0027236 -0.0022375 -0.00209916 -0.00197593 0.000710687 0.00127616 0.00729701 0.0166126 0.00603734 0.00175199 -0.00335373 0.000433986 -0.0135458 0.0196401 0.0105074 -0.00836833 -0.0186963 -0.00262258 -0.00168138 0.0154404 0.00292032 -0.00167033 0.00141304 0.0315922 -0.0243542 -0.00191484 -0.0022424 -0.00213726 -0.00299562 -0.00936232 -0.00222526 0.00859487 -0.0117659 0.00645063 0.00611616 0.0155389 0.0104606 -0.00813061 -0.00245085 -0.0139412 0.0115062 0.019956 0.00946306 0.00338347 0.0131438 0.00449729 0.00537192 -0.000662994 0.00385534 0.00706133 -0.00131471 0.000305996 0.0025121 -1.94412e-05 -0.00321702 -0.007096
internal_weight=37532.4 29595.1 7937.31 17677.1 11918 6942.79 5211.47 1282.09 16645.9 16480.2 11872.5 10150.5 1731.32 206.225 1525.1 9204.54 945.999 556.93 88.7845 195.781 994.521 49.9807 39.0188 1721.97 1589.78 165.506 5652.39 1261.89 22.8589 10.5281 12.3308 16437 14936.3 14800.8 9354.41 1009.7 8344.71 170.431 5.80701 1505.85 1490.95 175.404 140.483 43.0737 8174.28 132.198 944.54 183.914 760.627 286.839 473.788 283.904 160.33 5446.35 686.544 529.604 4759.8 2834.09 1742.77 1121.46 1091.32 598.758
internal_count=970106 740702 229404 495256 245446 188978 179020 85195 443921 426686 234727 155668 9958 1450 8508 134894 20774 10459 2143 1359 40426 11206 9026 79059 75332 1212 66793 73496 2799 914 1885 419759 411907 399269 195304 39213 156091 3290 852 8354 8292 798 693 189 152801 3727 29220 5808 23412 11367 12045 11344 3246 203965 44546 33255 159419 33257 16473 12391 16784 8870
is_linear=0
shrinkage=0.05


Tree=84
num_leaves=63
num_cat=0
split_feature=6 6 7 4 9 10 5 7 9 1 5 4 5 4 10 9 9 3 3 12 0 9 3 10 0 0 0 9 9 7 2 7 5 5 8 7 8 5 10 3 1 12 9 9 4 0 9 9 5 8 0 9 2 9 6 6 5 2 6 2 12 1
split_gain=88.4293 20.4413 14.8126 11.5618 10.6067 8.93279 8.54305 13.9593 22.5217 10.4845 12.2465 9.05986 10.0897 12.6112 11.0428 9.87834 9.65281 8.94135 9.43499 14.197 13.7615 12.6907 10.7879 9.65641 10.7812 9.13854 8.79137 9.18008 8.20853 8.8832 8.15473 8.038 9.94148 9.2269 18.6062 7.81691 7.73531 8.93928 7.28054 8.13039 8.04322 7.22946 7.23573 7.22502 9.07506 7.164 7.16391 7.14375 6.98704 9.75194 7.77926 9.88875 9.81621 6.94697 6.91834 6.87006 9.19982 6.87006 6.70961 12.6463 7.93263 7.02704
threshold=0.25249001383781439 0.33609920740127569 0.073609501123428359 0.095312628895044341 0.16464009135961535 1.0000000180025095e-35 2.8029010295867924 0.17793822288513186 0.090086802840232863 0.41043496131896978 3.979637980461121 0.42585149407386785 4.6200466156005868 0.42837297916412359 12.443595886230471 0.30505323410034185 0.15194101631641391 4.1026091575622567 6.6247289180755624 0.084132526069879546 6.8747153282165536 0.07028070837259294 6.2869281768798837 11.593066692352297 8.1285829544067401 5.9229171276092538 7.6386797428131112 0.21332382410764697 0.33461612462997442 0.32199369370937353 0.56257066130638134 0.53502058982849132 2.9174053668975835 1.7005987167358401 0.37722758948802954 0.22359449416399005 0.47583316266536718 1.2424533367156985 8.8768234252929705 6.9943916797637948 0.33608491718769079 0.83615449070930492 0.22972147166728976 0.048475053161382682 0.42436505854129797 6.5659687519073495 0.15512134879827502 0.2727614045143128 4.6959142684936532 0.11393573880195619 6.0485529899597177 0.14634659141302112 0.69798648357391369 0.26039023697376257 0.096990436315536513 0.10904029011726381 5.6646935939788827 0.17190404236316684 0.17203862965106967 0.57933011651039135 0.53769630193710338 0.47537697851657873
decision_type=2 2 2 2 2 2 2 2 2 2 2 2 2 2 2 2 2 2 2 2 2 2 2 2 2 2 2 2 2 2 2 2 2 2 2 2 2 2 2 2 2 2 2 2 2 2 2 2 2 2 2 2 2 2 2 2 2 2 2 2 2 2
left_child=2 4 -1 -3 -2 -4 57 9 -9 10 54 43 13 -13 15 17 58 -14 21 -20 30 25 48 24 55 -19 27 45 -5 -30 -21 33 -33 34 -31 -6 37 -36 40 -40 -35 -29 -43 44 -11 -18 -32 -44 49 -23 52 -52 -50 -10 -8 -22 -57 -7 -15 61 -61 -60
right_child=1 3 5 28 35 6 7 8 53 11 -12 12 14 16 -16 -17 26 18 19 20 23 22 -24 -25 -26 -27 -28 41 29 31 46 32 -34 38 36 -37 -38 -39 39 -41 -42 42 47 -45 -46 -47 -48 -49 50 -51 51 -53 -54 -55 -56 56 -58 -59 59 60 -62 -63
leaf_value=0.020172845337862982 -0.029245917872811101 -0.030970723554522711 -0.023565167900744793 -0.013275291564783218 -0.04830660071023922 -0.00064472406741504311 0.033119759718580298 -0.04548048443079139 0.000311782820405353 -0.095079231178368723 -0.0043237812503620875 -0.046131110044641523 -0.065309499590879283 0.0084483921721621291 0.038309663334918184 0.021998008937612695 0.02082324608059101 -0.11487148622094721 -0.091424238417156467 0.0023565700466298333 0.0091689456609232185 -0.086406196695596127 0.027627321476907218 0.039632284313301291 0.040736651390392342 0.012169864198407545 -0.0039742263864790623 0.020520435150470806 0.023527944908646695 -0.0021548999009145492 -0.11473210089303301 -0.021873739512838785 -0.0050968012817344038 -0.027965054109930193 -0.0098710597694415536 0.00033694116217186155 -0.019564269142574271 -0.0016254282022816827 -0.00049967904580770848 -0.0047483898994054152 0.0068899812935169199 -0.044546909728493775 0.024698302642004569 0.021764844116122464 0.058944076459943977 0.042917910263914422 -0.039383988718578677 -0.024559701524567119 0.012552809453656747 0.0042390694199713396 -0.09963435197286423 -0.0050234542216644525 -0.054211718549048618 0.006470580271927916 0.0056782810250181944 -0.053140363114920257 0.040081291647118378 0.0078951537458148771 -0.02869452597231022 0.040181986666644846 -0.021440013899830142 -0.1086555423080208
leaf_weight=149.263621739261 30.447831089542888 35.484637837311311 28.713670624842052 171.85388957475152 8.2647234451724199 266.02637008129386 23.780342671379913 25.778075177542632 2470.9457749103458 2.874538658768869 404.45630651021202 9.7421088842675072 6.344703670940361 478.99800567165948 17.178747095400468 34.257327627390623 96.106746818404645 3.8667068362701675 6.2754269451834253 5.1831891825422671 10.383891210192813 5.7056949147954565 39.140419998206198 11.905439356458372 7.9084862305317065 2.2330443608225323 38.758773757144809 64.217242328450084 33.243300427915528 7032.1583555064281 5.5537623376585525 104.41603719937848 572.14038972026901 17.25432393772644 967.97734477138147 11813.643080632835 135.34116399395862 497.70022424330818 6260.1456419967435 1372.9444609917118 406.37481287971605 9.5358717385679466 18.681531440000985 163.59895719517954 1.4331547226174732 59.340206463821232 7.3025497943162918 12.14626921713352 71.967805026099086 6.1820319504477084 4.0122834038920692 8.8619267470203322 5.9614917286671689 562.01348412915831 672.51497376689804 18.992074012174275 3.0751078065950415 2052.5616412712261 8.67039009882137 10.402731875306928 10.487956702476366 4.0222506845602757
leaf_count=9131 9154 9930 7098 17441 182 16067 1075 9539 73998 170 41898 95 224 3732 142 225 552 163 40 77 123 41 278 119 63 85 261 362 939 109281 88 8093 44224 2755 21942 235851 5770 13623 225230 33458 2779 58 117 1876 15 235 82 73 751 61 85 90 59 12989 26089 365 22 20654 120 55 97 60
internal_value=-0.000116839 -0.00137826 0.00457083 -0.00245888 0.000227026 0.00427142 0.00437456 0.00328983 0.00105748 0.00616841 0.002596 0.00926156 0.00761502 0.0104185 -0.000539404 -0.00305674 0.0110974 -0.00677468 -0.00512048 -0.0193665 -0.0129346 0.0022543 0.00529135 6.1665e-05 -0.011611 -0.0683632 0.0182406 0.0215518 -0.0024013 -0.0022939 -0.0505881 -0.00234333 -0.00768606 -0.00212676 -0.00326246 0.000302934 -0.00812719 -0.00707109 -0.000909792 -0.00126388 0.00547034 0.0100981 -0.00648356 0.0200818 -0.0438362 0.0292576 -0.0719334 0.00529046 -0.00322194 -0.0392675 0.00149704 -0.0345092 0.00744541 0.00145302 0.00661548 -0.0243684 -0.0401497 0.00691532 0.00693367 -0.0146707 0.00924529 -0.0540339
internal_weight=37386.8 29459.4 7927.36 17607 11852.4 7778.1 7749.39 5430.8 3058.74 2372.06 1100.75 1271.31 1103.4 821.11 282.292 265.113 811.368 230.856 224.511 76.5799 70.3045 147.931 141.832 52.265 40.3596 6.09975 298.787 260.028 17571.5 17399.7 18.0395 17366.5 676.556 16689.9 8633.18 11821.9 1601.02 1465.68 8056.72 7633.09 423.629 104.581 40.3637 167.907 4.30769 155.447 12.8563 30.8278 102.691 11.8877 90.8035 12.8742 77.9293 3032.96 696.295 32.4511 22.0672 2318.59 512.581 33.5833 20.8907 12.6926
internal_count=970251 740652 229599 495465 245187 220468 213370 176649 96526 80123 69062 11061 9000 5817 3183 3041 5722 2816 2592 979 939 1613 1365 692 573 248 1658 1397 485535 468094 247 467155 52317 414838 150616 236033 41335 35565 264222 258688 5534 610 248 2061 185 787 170 190 1087 102 985 175 810 86987 27164 510 387 36721 4064 332 152 180
is_linear=0
shrinkage=0.05


Tree=85
num_leaves=63
num_cat=0
split_feature=6 7 1 7 12 4 5 12 1 6 5 5 8 13 8 13 13 13 13 5 7 8 3 2 0 3 12 0 12 0 6 5 6 5 7 5 4 5 5 6 5 12 2 12 12 2 0 0 0 12 8 8 8 5 1 1 3 1 12 5 5 0
split_gain=78.2435 29.8872 10.8853 10.9731 10.3034 9.49031 9.22446 8.40198 8.28187 10.0424 14.3304 8.25607 7.3843 10.3276 10.194 9.31863 6.87197 6.7706 12.0415 9.62978 11.8108 11.3614 10.4702 7.06754 7.24759 11.8548 6.95794 6.54231 6.67259 6.52268 6.41867 11.7331 17.0817 9.94955 6.27767 6.07127 6.17187 6.00163 8.20527 12.7608 5.98726 6.19891 7.41696 6.99798 9.41987 6.5117 5.94333 5.85175 7.45487 8.0655 6.66512 5.79974 8.48134 5.7959 5.67169 6.88851 6.33896 6.33271 12.1656 5.91708 6.95208 10.7265
threshold=0.3357179611921311 0.20509669184684756 0.3843152672052384 0.33662588894367224 2.0344517230987553 0.070654816925525679 2.5249279737472539 2.826136708259583 0.47839723527431494 0.089957650750875487 3.9415346384048466 3.9415346384048466 0.28052121400833135 0.33017480373382574 0.35586716234683996 0.56349894404411327 0.19799309968948367 0.55083328485488903 0.54791635274887096 3.0201274156570439 0.16267645359039309 0.19115550071001056 7.3095464706420907 0.55561751127243053 6.0485529899597177 6.8632805347442636 0.21180197596549991 5.9519429206848153 1.0000000180025095e-35 6.8747153282165536 0.44622917473316198 1.2424533367156985 0.37711146473884588 2.5249279737472539 0.52464145421981823 1.2424533367156985 0.39029267430305487 5.6076369285583505 5.3636341094970712 0.24478444457054141 0.89587974548339855 0.10328164324164392 0.48152036964893347 0.29989561438560491 0.68936580419540416 0.53519186377525341 5.9519429206848153 7.7555530071258554 7.8282372951507577 0.15898474305868152 0.48331122100353247 0.041062837466597564 0.032064730301499374 3.5694335699081425 0.47098995745182043 0.39164464175701147 5.4617087841033944 0.41043496131896978 1.297495484352112 4.1971738338470468 5.2496488094329843 6.1147871017456064
decision_type=2 2 2 2 2 2 2 2 2 2 2 2 2 2 2 2 2 2 2 2 2 2 2 2 2 2 2 2 2 2 2 2 2 2 2 2 2 2 2 2 2 2 2 2 2 2 2 2 2 2 2 2 2 2 2 2 2 2 2 2 2 2
left_child=1 8 3 27 5 -2 12 37 9 11 17 -1 -4 14 -14 40 -9 18 46 22 23 -22 -19 24 26 -26 -21 28 -3 -18 31 32 -7 34 -32 -29 -37 38 47 -40 41 -15 43 -43 -45 -44 -11 50 49 -49 -8 52 -12 -20 55 -13 -57 58 -58 -59 61 -61
right_child=4 2 6 -5 -6 30 7 16 -10 10 51 54 13 15 -16 -17 29 19 53 20 21 -23 -24 -25 25 -27 -28 35 -30 -31 33 -33 -34 -35 -36 36 -38 -39 39 -41 -42 42 45 44 -46 -47 -48 48 -50 -51 -52 -53 -54 -55 -56 56 57 59 -60 60 -62 -63
leaf_value=0.052554204493583126 -0.036837616413611364 -0.01915274311397196 0.0064932725276828467 0.032020429101203909 -0.0067332852486991952 -0.0022757649142352543 0.0016400569842444643 -0.0079579538855204246 0.0094247901828988859 0.0032878542252809794 0.022086949791945233 0.004638469170281035 -0.0027177654845645608 -0.018157791734365266 0.014820353639636817 -0.0017079698842875635 -0.062105159504433155 0.030269404779438527 -0.034106735080701049 0.027531526165884723 -0.017241085219249636 0.024741952624205171 -0.079813375545638221 0.060220330383074963 -0.068143902168326817 0.017619105453859356 -0.046665337231894359 0.0039012797837794442 0.00038297551149158202 0.018659375439675056 -0.0094123712030253683 -0.00015088463098281762 -0.010750759345290205 -0.003001833832507384 -0.030679852404552174 -0.0051841157447103919 -0.05894532043916087 0.055239879989788437 -0.10451029124446716 0.013337780257576823 0.0062664479518651965 0.032254780130682094 0.041910558424312599 -0.047772906984767133 0.012153137866728966 0.017614680183331954 0.0097328836401208985 -0.095513776284932017 -0.0020993115901730831 -0.01734487493646553 0.031795532940486822 -0.0012039392881403367 -0.061081178558416743 0.0082157652503859115 -0.039427255688139734 0.039526852325273462 -0.10121380540516345 0.060665004419454827 0.030668806606229854 -0.066983276563507235 0.043752592660160627 0.01427543959360999
leaf_weight=13.872094098245723 19.653196581959492 44.051343158142117 1779.3475895263255 26.074823293820373 1299.0602423157616 6642.8309160918579 3776.9419261221628 94.92178633812 1199.226460406906 985.18260995513992 4.5640310187300175 93.191982638236368 991.77066741196904 11.706923898309467 90.408195264870301 280.89799932856113 11.561231611296533 83.100864181411453 28.689189067052212 54.879916559701087 62.686033224483253 21.690863913099747 2.2176643504062659 9.6545750144869071 6.322978391544896 11.107760762795804 3.3527617260697289 209.16043945890851 5632.5710258308463 3.1896086428314439 384.62108235075721 6831.6921012932944 653.00187606320833 2360.3882663729455 38.138816261605825 981.90518846890336 5.3676747799618161 5.1175018596113651 4.637420513055984 4.5516152869677171 479.62039980618283 11.833764273673294 40.313000197056681 11.616355965379627 15.058842653408645 87.303218882065266 561.61048047797522 3.5799731984734526 380.1714675987314 42.18363529923954 18.413141212891787 823.93626950753969 9.3357929403427988 11.266118958243167 5.1024627523729569 37.952919087663759 3.3198073990643016 7.2414673804305485 3.6947638508281671 5.3372146198526051 10.774662453681229 16.987609117757529
leaf_count=387 5860 7083 9829 955 62518 102154 44890 2655 8322 34624 381 13264 6883 65 683 1344 173 1895 1592 2288 2811 734 65 55 319 266 294 2340 206824 72 18896 186382 14934 111798 2961 35612 139 114 183 229 3121 77 223 73 88 398 7399 41 5049 575 239 57211 947 837 81 474 111 39 60 107 181 159
internal_value=-9.81897e-05 0.00213633 0.00110735 -0.000354009 -0.00244195 -0.00211268 0.00234515 0.000771647 0.00593398 0.00447894 0.00367701 0.0153605 0.00414449 0.00207608 -0.00125258 0.00591495 -0.0128918 0.0061432 0.00492787 0.0137052 0.0068158 -0.00644846 0.027408 0.0199338 0.0147932 -0.0134913 0.0232596 -0.000476831 0.000231376 -0.0446413 -0.00207232 -0.00163996 -0.00303431 -0.00426703 -0.011331 -0.003837 -0.00547641 0.00112544 0.00105997 -0.0461365 0.00917186 0.0170079 0.019486 0.000253462 -0.0139431 0.0252896 0.00562792 0.00116271 -0.00439434 -0.0234598 0.00178636 -0.00174426 -0.0337728 -0.0221731 0.0125503 0.0140361 0.0243023 0.0121006 -0.0317477 0.019725 0.0107682 -0.00515115
internal_weight=37350 19120.6 15044.3 6899.13 18229.4 16930.3 8145.15 4345.27 4076.3 2877.07 2679.6 197.475 3799.88 2020.53 1082.18 938.351 109.673 1841.76 1586.75 255.013 169.695 84.3769 85.3185 85.318 75.6634 17.4307 58.2327 6873.06 5676.62 14.7508 16910.7 14127.5 7295.83 2783.15 422.76 1196.43 987.273 4235.6 4230.48 9.18904 657.453 177.832 166.125 38.509 26.6752 127.616 1546.79 4221.29 425.935 45.7636 3795.36 837.836 13.8998 39.9553 183.603 178.5 85.3084 47.3555 7.01457 40.341 33.0995 22.3248
internal_count=970363 464860 329957 252953 505503 442985 77004 54220 134903 126581 111718 14863 22784 12955 7566 5389 2900 53179 44452 8727 6767 3545 1960 3222 3167 585 2582 251998 213907 245 437125 303470 117088 133655 21857 38091 35751 51320 51206 412 4045 924 859 238 161 621 42023 50794 5665 616 45129 58539 1328 2429 14476 14395 1131 657 171 486 447 266
is_linear=0
shrinkage=0.05


Tree=86
num_leaves=63
num_cat=0
split_feature=7 6 5 6 5 2 7 9 9 6 5 9 1 13 9 6 9 2 9 6 3 13 1 5 9 7 2 0 5 0 9 3 3 12 12 0 3 9 10 1 12 9 12 1 0 5 6 6 3 6 7 13 9 12 1 2 1 9 13 9 12 0
split_gain=87.1247 20.4971 21.5205 19.2599 12.8986 10.8891 11.1355 10.8316 8.96355 8.06174 13.1888 7.9184 7.95387 9.95165 7.89325 10.0354 7.43656 8.98242 7.23136 7.10692 7.01254 6.98263 6.97167 7.75903 6.96968 7.37659 6.92144 7.86885 7.64413 8.23617 6.95415 7.33598 9.08575 8.03913 6.81889 6.80886 6.69 8.93846 7.48026 8.40662 6.53378 6.518 6.5006 9.90489 8.29167 8.84586 11.3781 7.38306 6.98155 6.41176 10.1675 6.32702 15.1524 8.28706 6.49594 8.05268 11.2061 13.3169 12.4577 7.73922 7.45699 6.49339
threshold=0.28054267168045049 0.36479067802429205 1.2424533367156985 0.13008482009172442 3.3842465877532963 0.17190404236316684 0.24046788364648822 0.053262718021869666 0.15512134879827502 0.46088890731334692 2.5249279737472539 0.023774610832333568 0.54935389757156383 1.3392080068588259 0.36813701689243322 0.34997659921646124 0.37255132198333746 0.5191103219985963 0.34519301354885107 0.2871250063180924 7.6755433082580575 0.34691753983497625 0.47839723527431494 4.6491756439208993 0.53243398666381847 0.52765315771102916 0.42227676510810858 6.9132399559021005 2.5249279737472539 8.1285829544067401 0.33661496639251715 3.7954261302948002 3.6242519617080693 2.299925804138184 5.8360764980316171 4.0517470836639413 4.3107767105102548 0.48103672266006475 10.97793483734131 0.53272977471351635 0.096319317817688002 0.23435231298208239 0.2766473144292832 0.50838926434516918 6.8260025978088388 4.5053346157073983 0.5366724729537965 0.46832606196403509 3.2384861707687382 0.17640253156423572 0.17573750764131549 0.14363770186901095 0.22972147166728976 2.7577362060546879 0.55214822292327892 0.69798648357391369 0.6109130084514619 0.22328060120344165 1.1811852455139162 0.20401369035243991 0.11712741851806642 6.5574882030487069
decision_type=2 2 2 2 2 2 2 2 2 2 2 2 2 2 2 2 2 2 2 2 2 2 2 2 2 2 2 2 2 2 2 2 2 2 2 2 2 2 2 2 2 2 2 2 2 2 2 2 2 2 2 2 2 2 2 2 2 2 2 2 2 2
left_child=3 14 -3 11 5 -5 19 -6 -8 16 -11 12 13 -1 15 26 17 -4 51 -7 22 -19 23 -9 25 -12 27 34 30 -30 -28 32 -32 -33 41 36 38 -38 -16 -40 -15 -2 43 -26 45 47 -47 -45 -44 50 -24 52 -10 -54 61 56 -56 58 -58 -57 -59 -53
right_child=1 2 9 4 7 6 8 20 18 10 24 -13 -14 40 35 -17 -18 21 -20 -21 -22 -23 49 -25 42 -27 28 -29 29 -31 31 33 -34 -35 -36 -37 37 -39 39 -41 -42 -43 48 44 -46 46 -48 -49 -50 -51 -52 54 53 -55 55 59 57 60 -60 -61 -62 -63
leaf_value=-0.016631174258457549 -0.018489562891259602 -0.01100897894352686 -0.020429637395494415 -0.0011459636370422853 -0.040191878039964601 0.0073898111719304703 -0.02841552955045706 0.00038469705686655777 0.043866558563900378 -0.015376468343006195 -0.0085222603453681406 0.011153692336601947 -0.11287280923102397 -0.052954622193705003 -0.0027816718550242956 -0.0092914388391664871 -0.0014913906678725543 -0.012676928447782371 0.017519865040327945 -0.059794393834902454 -0.0068790550380094101 0.012816228620407039 0.0078057026539755329 -0.010201687608410824 -0.0066168098284405249 -0.036811705394397362 0.002997992124925125 -0.017677881605124287 -0.0018752732333210901 -0.020852939295194287 -0.0048963762780155117 0.00015138102051373778 -0.036062976483456924 -0.036932532482806445 0.0076721282261021087 -2.5732146947578875e-05 0.027009638388495429 -0.045176701695551276 0.0058616611887042968 0.031695798047597409 0.067292637519876713 -0.0019353723351619165 0.006206095696489263 0.055525734185254229 -0.0030878258117632406 0.017373192449492033 -0.069581224500263036 0.011783461165616769 -0.00646912998040069 0.0020213924612616481 0.04561973772431397 0.0028908581680122756 -0.067311386895823611 0.011344645569404668 0.024980230573025761 0.020709401037286242 -0.064525509564310177 0.026226955152674033 0.0061925691694606688 -0.017250258017389365 -0.014245030917593927 -0.0033669284021835793
leaf_weight=36.892501845224615 59.918870449651877 911.5952964079479 116.23131360412663 831.09696599765448 16.318577641395677 2703.7335211591271 22.770681802881882 1680.503583180136 27.155933589441702 287.12119822067325 301.0654067018404 944.66327583475504 1.8058933445718128 1.374989523901603 265.58210985826736 377.69315883337549 5387.0773628252282 55.68958902056329 84.152460534300189 3.9420283181825644 285.48707665427355 51.886255759862252 327.70955328224227 192.95534652097558 258.31419299042318 24.953311242352356 2611.7454299925594 79.184906843132921 1760.1832337545202 59.090804749677773 91.489321762463078 1593.9339725053287 31.413195995613933 14.749527732376007 184.14277156569005 1896.0266287072373 55.336353504855651 4.6486238925717762 520.43285986801493 33.518148120027035 6.3318694927729666 7795.6070758995047 121.91824689402711 10.055674038827418 162.10716709773988 7.555849743774159 7.4926775437779725 237.11941822234076 997.31738828189555 1059.0578188950894 18.796248186845332 1964.3974842899479 5.6000477867200962 8.3296341416425985 114.4833004232496 19.372952016070485 12.661339591257276 38.741668939590454 12.25551702082157 43.751966385170817 16.115810506045818 525.42199181049364
leaf_count=10425 11157 22270 14014 47532 10006 34557 1352 91898 197 16713 17335 29102 95 433 8666 13205 168764 1329 1011 37 5911 894 2208 21610 17705 2457 18811 3052 33368 1101 671 13571 317 297 3960 31664 1060 112 12912 175 337 180069 11521 63 1460 72 127 2164 60044 8572 86 27109 83 94 439 68 64 122 56 180 61 5254
internal_value=-0.000222587 -0.00178204 -0.00372893 0.00351415 0.00285617 0.00419483 0.00498705 0.000450877 0.00283141 -0.00290205 -0.00531747 0.0101631 -0.0100016 -0.00583617 -0.000784007 -0.00124693 -0.00186241 -0.010793 0.00307911 0.007292 0.000636943 -0.000381004 0.00129132 -0.000705639 -0.00396019 -0.0106875 -0.00103418 -0.00199318 0.000229235 -0.00249168 0.00136893 -0.00108817 -0.0128624 -0.00018863 -0.0018387 0.00166095 0.00529702 0.0214155 0.00411725 0.00742482 0.0458392 -0.00206164 -0.002743 0.00110245 0.0058016 0.0112971 -0.0259215 0.013563 -0.00508842 0.00395304 0.00985693 0.00264328 0.0221194 -0.0202769 0.00235201 0.00991407 0.0149556 0.00056935 -0.0297424 -0.00560049 0.0143373 0.00157029
internal_weight=37378.1 26372.2 8937.5 11005.9 10014.8 6433.98 5602.89 3580.83 2895.21 8025.91 2415.02 991.069 46.4053 44.5994 17434.7 14659.2 5610.88 223.807 2872.44 2707.68 3564.51 107.576 3279.02 1873.46 2127.9 326.019 14281.5 8118.85 6162.61 1819.27 4343.33 1731.59 122.903 1608.68 8039.67 2775.54 879.518 59.985 819.533 553.951 7.70686 7855.53 1801.88 682.645 424.331 262.224 15.0485 247.175 1119.24 1405.56 346.506 2788.29 41.0856 13.9297 2747.2 257.383 194.258 79.7743 24.9169 63.1249 54.8575 2489.82
internal_count=969999 671100 336932 298899 258507 118216 70684 140291 36090 314662 129661 40392 11290 11195 334168 279579 185001 16237 34738 34594 130285 2223 124374 113508 112948 19792 266374 198238 68136 34469 33667 14856 988 13868 195186 54589 22925 1172 21753 13087 770 191226 93156 21591 3886 2426 199 2227 71565 10866 2294 33727 374 177 33353 990 742 303 120 248 183 32363
is_linear=0
shrinkage=0.05


Tree=87
num_leaves=63
num_cat=0
split_feature=6 7 4 12 5 8 6 9 5 13 1 4 5 6 5 1 5 1 9 7 7 8 8 7 9 13 1 12 3 5 12 12 3 0 5 9 6 5 13 12 6 9 6 9 7 8 0 9 0 3 9 8 1 13 0 11 3 13 9 1 5 9
split_gain=78.835 25.97 12.6541 9.84468 9.83199 9.13214 8.44161 8.38728 14.8242 8.87406 13.3678 8.36842 8.24919 7.61634 7.67608 7.43811 7.21957 9.33382 10.1963 9.25188 8.58074 8.33138 7.47133 7.45753 7.06511 7.30651 7.01719 8.61958 9.89896 7.41842 8.52698 7.05182 6.97298 7.99646 6.92127 14.3067 6.91974 7.57358 11.0799 8.24527 6.72869 6.72568 6.72453 10.4184 7.11552 6.70547 11.4694 6.97337 9.70675 8.53199 7.87589 7.14471 6.83211 6.68564 6.66627 9.16975 7.05262 7.78301 6.61712 7.75037 6.44822 8.15165
threshold=0.3357179611921311 0.17072947323322299 0.42332686483860021 2.1397762298583989 2.8029010295867924 0.13582576066255572 0.063285917043685927 0.061210911720991142 4.7664294242858896 1.2954229712486269 0.50161772966384899 0.1440241485834122 5.2958111763000497 0.26304575800895696 2.4414010047912602 0.21255151927471164 3.5694335699081425 0.62213659286499035 0.41596378386020666 0.2517982572317124 0.30453343689441686 0.44318233430385595 0.51250371336936962 0.35584941506385809 0.14634659141302112 1.4720080494880678 0.37808622419834143 4.4139730930328378 6.2451367378234872 3.7726949453353886 3.1423298120498662 1.7245415449142458 7.7059245109558114 7.8282372951507577 2.1383330821990971 0.21552958339452746 0.082435581833124175 3.6242519617080693 0.1977123096585274 1.6764401793479922 0.13718584924936297 0.13741108775138858 0.21497888118028644 0.12834025174379352 0.19582779705524447 0.15815290063619616 5.962292194366456 0.11171373352408411 5.4183177947998056 5.0530509948730478 0.15194101631641391 0.17262998223304751 0.39164464175701147 0.14087471365928653 4.7578821182250985 7.5000000000000009 4.49422311782837 0.31531217694282537 0.30977138876914984 0.6297823190689088 2.3502402305603032 0.21800297498703006
decision_type=2 2 2 2 2 2 2 2 2 2 2 2 2 2 2 2 2 2 2 2 2 2 2 2 2 2 2 2 2 2 2 2 2 2 2 2 2 2 2 2 2 2 2 2 2 2 2 2 2 2 2 2 2 2 2 2 2 2 2 2 2 2
left_child=1 4 5 11 54 24 -6 8 9 10 53 -2 16 14 45 -16 19 18 22 60 -19 23 32 -21 25 -3 29 31 -29 30 -9 36 -18 -34 -15 -36 -28 40 -39 -40 -38 -42 -17 -44 -45 46 -7 48 49 52 -49 -52 -47 -8 55 56 57 -1 59 -13 61 -4
right_child=3 2 12 -5 6 13 7 26 -10 -11 -12 58 -14 34 15 42 17 20 -20 21 -22 -23 -24 -25 -26 -27 27 28 -30 -31 -32 -33 33 -35 35 -37 37 38 39 -41 41 -43 43 44 -46 47 -48 50 -50 -51 51 -53 -54 -55 -56 -57 -58 -59 -60 -61 -62 -63
leaf_value=-0.070127737354218664 -0.015716373425215879 -0.024315930462627037 0.010767771376544969 -0.0067245656336423253 0.023106521332057105 -0.051620574685915313 0.070820859588246882 0.011205680705102637 -0.044536575297555121 0.025241241194439181 -0.064649183525232246 -0.013457632324699884 0.024662877856036748 0.00088613275297933869 -0.009269864442200914 0.0052647350458930146 -0.00091881895111757973 0.01453800003039 0.0097916911738274628 0.0024591612652712681 -0.012744771839312684 0.027494620339592851 -0.069391570760586649 0.044772680273452596 -0.0026997454738722487 0.04147613719218337 0.027024241370677639 0.003859455577047369 -0.10117064989099328 -0.0022366281887403815 -0.033962067538858477 0.018846591497892258 -0.035154847586752573 -0.005826387428641216 -0.027621226895892373 -0.0019966125831702999 0.035458503615614187 -0.046593099675966948 0.0063239727644198085 -0.055955760652353075 0.003037117386387169 0.022477860596831788 -0.038369296834287532 -0.043062974687246978 0.00026599859930279504 0.023204827445981541 0.042416891361474841 -0.0034290081654891865 -0.0063890165028353697 0.056129769760053544 0.039735079410731962 0.0068863577981891399 -0.04510102313827849 -0.00045970930112771764 0.038222867699861461 0.046581315517966522 -0.10883000254499198 0.021489718906392057 -0.0018272907711728726 -0.11431755300341127 0.0060209546657810841 0.035343904231479678
leaf_weight=3.3366178057658562 110.27979534454425 80.691827353155531 183.87385652028024 1172.5013596108838 76.134364262048621 11.800493790069597 3.3296185457438687 242.60617772550904 18.533996218175162 34.936287657532375 8.1305529059027304 83.841349634683866 44.361022706623771 3776.1804139486921 166.38028410100378 800.83324820085545 1469.9814291552902 183.80188163463026 205.38023066171445 3954.9408943056478 34.178715783869848 33.814848951413296 4.1075072317908043 10.440514609683303 143.71206663738121 4.4527694887947282 47.444880674593151 5.5945362076163274 3.7451623692177236 314.19704886220279 10.919387188128892 189.16758012922946 31.304090645164251 90.23418459102686 55.909905058470031 2116.3505965704971 36.188244360964745 10.184229084756224 776.68102022691164 5.3509786101058117 98.408686577342451 81.195992976427078 18.06331152535131 9.5553058253135514 1130.7698989094351 47.546750313835219 4.4710231195203951 205.07463732006727 26.955856397049502 20.431898506707512 16.935627214552369 733.48862797976471 3.9661984285339704 273.56205745364423 42.10466651635943 7.7405728527810416 1.9893305043224234 7.5939211808145046 16804.506541160401 1.9489691755734373 1143.2987618635525 41.324056355282664
leaf_count=113 21820 6129 817 56887 6077 304 42 8950 5978 1337 317 10059 838 71509 27757 29534 21314 669 1872 25031 200 283 53 107 9428 263 280 68 69 29313 448 1687 498 1931 12189 95362 133 102 7897 78 717 352 3853 249 40977 1399 36 5157 315 140 283 15147 39 19216 262 89 44 218 416961 27 6877 162
internal_value=6.42577e-05 0.00230693 0.00162505 -0.00229326 0.00729101 0.00040341 0.00674323 0.00616651 -0.00106115 0.00145722 -0.00145808 -0.00198764 0.00316603 0.000650299 0.00261881 0.000879788 0.00303693 0.00048818 -0.000694546 0.00399561 0.0102601 0.00278131 -0.00204428 0.00257057 -0.00946181 -0.0208752 0.00750951 0.00959756 -0.038257 0.00289751 0.0092603 0.00995666 -0.00187046 -0.0133804 -0.00040744 -0.00265614 0.00836333 0.007485 0.00522304 0.00589783 0.0157891 0.0118259 0.00174171 -0.000693872 -9.70747e-05 0.00607129 -0.0257813 0.00656284 0.0192016 0.0287897 0.00525464 0.00762769 0.0179457 0.000397439 0.0268084 0.00354634 -0.0222368 -0.0064771 -0.001898 -0.015749 0.0075442 0.0152775
internal_weight=37276.8 19103.7 16804.6 18173.1 2299.08 9373.57 2236.31 2160.18 338.493 319.959 285.022 17000.6 7431.04 9144.71 3196.27 2125.6 7386.68 2018.99 1801.01 5367.69 217.981 3999.2 1595.63 3965.38 228.857 85.1446 1821.68 1253.96 9.3397 567.723 253.526 1244.62 1591.52 121.538 5948.44 2172.26 1055.45 1008.01 792.216 782.032 215.793 179.605 1959.22 1158.39 1140.33 1070.67 16.2715 1054.4 98.9007 71.9448 955.499 750.424 51.5129 276.892 62.7651 20.6604 12.9199 10.9305 16890.3 85.7903 1368.5 225.198
internal_count=970263 464509 380722 505754 83787 320070 83061 76984 26890 20912 19575 448867 60652 304250 125190 102370 59814 26537 25668 33277 869 25421 23796 25138 15820 6392 50094 11383 137 38711 9398 11246 23743 2429 179060 107551 9559 9279 8077 7975 1202 1069 74613 45079 41226 22820 340 22480 1893 1578 20587 15430 1438 19258 726 464 375 331 427047 10086 7856 979
is_linear=0
shrinkage=0.05


Tree=88
num_leaves=63
num_cat=0
split_feature=7 7 5 6 10 5 13 1 2 4 2 1 6 4 3 3 10 7 8 4 7 0 5 2 0 0 3 1 5 4 8 2 1 0 0 10 2 8 13 2 10 2 5 6 8 10 8 5 6 3 8 0 0 4 6 1 8 5 6 2 2 8
split_gain=95.9435 17.4121 12.1592 11.1532 10.8689 9.97322 8.99339 8.61817 9.39622 8.27911 8.05677 10.7445 7.26695 7.24345 8.96367 16.6651 7.04116 6.98669 8.98202 12.0949 15.0763 8.50436 11.8544 7.38773 12.3031 7.86324 9.58877 9.58706 7.73102 9.41692 7.9587 7.23011 6.86436 9.93921 7.70427 6.79873 8.38549 9.15487 7.53412 6.94073 6.67394 6.60103 9.67456 10.3235 6.58249 6.64009 6.4915 6.47144 6.43242 6.21385 7.39462 8.24677 8.67366 8.08396 6.99715 6.12226 7.71305 11.8409 6.6286 6.41806 5.87792 8.16197
threshold=0.28054267168045049 0.1872346177697182 2.8029010295867924 0.33609920740127569 12.062208175659181 2.6735538244247441 0.14563074707984927 0.41398631036281591 0.57025191187858593 0.23676994442939761 0.37301026284694677 0.25278146564960485 0.18615420162677768 0.4168627411127091 5.9039974212646493 6.2624449729919442 8.7296881675720233 0.16475966572761538 0.11042946949601175 0.51719680428504955 0.17793822288513186 4.6586997509002694 4.6491756439208993 0.43331548571586614 3.7256208658218388 6.0991966724395761 6.0602900981903085 0.44592380523681646 4.7749040126800546 0.59411728382110607 0.19294874370098117 0.7198392152786256 0.35575568675994879 5.962292194366456 4.6959142684936532 12.228328227996828 0.61707618832588207 0.067793045192956938 0.19707879424095157 0.66372647881507885 9.1288576126098651 0.69798648357391369 4.6681339740753183 0.27918012440204626 0.12663633376359942 11.289331912994387 0.41121670603752142 3.0201274156570439 0.20199120044708255 6.1279597282409677 0.16545777767896655 6.2314648628234872 6.2738196849823007 0.30616675317287451 0.23928638547658923 0.62213659286499035 0.18416015058755877 4.0689902305603036 0.23303436487913134 0.7198392152786256 0.35972702503204351 0.22406403720378879
decision_type=2 2 2 2 2 2 2 2 2 2 2 2 2 2 2 2 2 2 2 2 2 2 2 2 2 2 2 2 2 2 2 2 2 2 2 2 2 2 2 2 2 2 2 2 2 2 2 2 2 2 2 2 2 2 2 2 2 2 2 2 2 2
left_child=1 2 10 46 9 6 -3 8 -4 -5 11 -1 -7 14 -9 -16 -11 35 19 20 21 -19 -23 -20 -25 26 28 -27 29 40 -30 -29 33 34 60 38 37 -37 -15 -40 -26 -14 43 44 -43 48 -2 -10 -46 -35 -51 53 -53 54 -52 56 -50 -58 -57 -59 -8 -62
right_child=3 5 7 4 -6 12 32 13 47 16 -12 -13 41 17 15 -17 -18 18 23 -21 -22 22 -24 24 25 27 -28 31 30 -31 -32 -33 -34 49 -36 36 -38 -39 39 -41 -42 42 -44 -45 45 -47 -48 -49 55 50 51 52 -54 -55 -56 58 57 59 -60 -61 61 -63
leaf_value=0.025418750422290321 -0.00036169745650551662 0.021642209996849619 0.0039050399766758538 -0.0081054302702158482 -0.0055166648395571791 0.061029199778471412 0.0021272544892311745 0.039102847965196252 0.055908108958920892 0.0019128001107299457 0.024629099429895215 -0.0091546278399304883 0.00047283779569816164 -0.041246299240325163 -0.09338137646343761 0.017170457769334152 -0.0019648707810356286 0.042900438504270028 0.029233061829448927 0.0060782801430959849 -0.095777859800798781 -0.063777274691298458 0.046369486607657419 -0.059957048203345881 0.044926150421158863 -0.040675942789015436 0.048493892507317497 0.0037133419819485435 -0.067073518735381588 0.05413694372945807 0.0060495778105602444 -0.044944606578075474 0.0062588674368574994 -0.031839506356934826 0.0092117060315743873 -0.040353349964668862 0.043515699468014951 0.019095365930321392 0.0074281486291452262 0.019328873635002772 0.0027827200219750032 0.036447584848944295 0.026581777393292202 0.05776147272138539 -0.040967417407503419 0.011463529588131287 0.0083987513165604682 -0.033630448080684126 -0.039280680656839567 -0.070349491291830532 -0.017685745046942442 -0.081318593193239141 -0.0060034856239319055 -0.024029503796169562 0.052754492211607919 0.043059870920679595 0.0085130829180115331 -0.01555298269641779 -0.0048850862085663164 -0.079002133302610411 0.0064579873175055402 -0.026649162469192862
leaf_weight=39.897342987529555 8533.9307311392367 76.276478654821403 1335.1677353597188 510.09145186446403 2322.05753985716 5.0478770203408194 834.96802730209311 42.486200487881433 2.2010755855590132 1282.9373546298593 156.63996403897181 51.452414521714672 3960.8822541182017 7.4409700330579645 3.8453668097499749 30.033891811151989 13380.603352626378 4.7018461956176969 29.617903471807949 28.394499036716297 8.4952523628016916 9.5774164865724725 3.2790752239525309 7.5468989957589647 10.685274811927227 14.919089519651605 17.315133331692778 150.63482406112598 6.3935096200439139 12.562544930726288 8.9024984039133397 8.0420230003073794 1949.6434729422908 24.134148227749392 404.0030503240996 7.3099010466830796 32.430837102467194 56.76832558424212 793.90333280595951 144.8750757224625 77.7530931889778 12.757142465794457 57.968730046297424 8.4992134394124133 12.790345831308512 73.678484066273086 216.83478603041294 24.26147531910101 18.106912245508283 4.2394885692046946 4.5047667450271609 3.9120984338223925 167.41875732247718 7.2089394396170965 16.217643581330776 12.875630378723146 54.987795289838687 10.706118403468283 16.380239270161837 6.3492211271077386 32.678818648215383 43.260567084653303
leaf_count=1157 169370 545 89240 59929 90908 432 32670 465 19 7799 832 1837 131636 93 89 393 336324 53 210 143 164 170 64 120 41 339 130 1200 118 37 118 56 12340 693 5972 128 159 431 7001 976 815 58 332 44 89 388 6544 997 135 120 85 63 2734 56 245 41 364 115 75 52 450 729
internal_value=3.80348e-05 0.0039702 0.00712329 -0.00160202 -0.00233096 0.00270907 0.00465804 0.00620838 0.0033203 -0.00184344 0.0177468 0.00594542 0.00107304 0.00879911 0.0238058 0.00462259 -0.00162561 0.00800413 0.0023757 -0.0164951 -0.0410968 -0.0146404 -0.0356841 0.00535933 0.00311285 0.00466223 0.0137803 -0.00235567 0.00861186 0.0136287 -0.0245148 0.00124727 0.00428707 0.00179489 0.00346482 0.0101569 0.0227987 0.0123136 0.00886749 0.0092647 0.00787456 0.00100176 0.00835001 0.00369688 0.00159514 -0.000564509 -0.000144623 -0.0261829 -0.00726824 -0.00785127 -0.00500641 -0.00361617 -0.0077232 0.0215763 0.0374418 -0.0036585 -0.0101082 -0.00277609 0.0162157 -0.0391733 0.000915978 -0.0124022
internal_weight=37193.5 10947 3127.53 26246.5 17495.7 7819.5 3568.47 2879.55 1361.63 15173.6 247.99 91.3498 4251.03 1517.91 76.3655 33.8793 14663.5 1441.55 398.821 54.4481 26.0536 17.5583 12.8565 344.373 314.755 307.208 133.612 173.596 116.297 101.001 15.296 158.677 3492.19 1542.55 1314.91 1042.73 96.5091 64.0782 946.219 938.778 88.4384 4245.98 285.1 227.131 218.632 205.875 8750.77 26.4626 132.196 227.636 203.502 199.262 171.331 27.9313 20.7224 119.406 90.15 72.0431 29.2559 17.0553 910.907 75.9394
internal_count=968932 298058 107595 670874 494960 190463 56702 103769 90256 404052 3826 2994 133761 13513 947 482 344123 12566 3778 594 451 287 234 3184 2974 2854 1259 1595 1129 893 236 1256 56157 43817 39821 8788 718 559 8070 7977 856 133329 1693 1361 1317 1259 175914 1016 871 3996 3303 3183 2797 386 330 782 666 531 116 167 33849 1179
is_linear=0
shrinkage=0.05


Tree=89
num_leaves=63
num_cat=0
split_feature=6 6 1 5 7 10 2 4 9 5 10 9 9 5 7 9 1 6 5 7 8 6 9 0 0 9 1 6 12 1 2 6 9 0 5 12 2 0 6 6 8 4 8 5 0 2 12 5 8 8 9 6 12 10 2 9 7 9 10 12 12 5
split_gain=83.7258 30.2929 14.3434 14.1837 10.4666 10.4006 11.0893 10.2072 9.75807 9.66257 10.4474 12.5043 8.63415 9.48922 11.169 8.43393 7.85038 9.96607 15.8081 8.19194 7.5679 10.9073 8.86069 7.55673 9.57211 9.03247 14.8762 8.27471 8.03724 7.38765 7.38151 7.27779 7.25246 7.21543 11.2728 14.0035 7.21475 8.27721 9.66011 8.23989 9.68498 9.9094 8.68292 7.80125 7.39973 8.02591 9.76807 9.02785 9.3279 13.2941 7.20053 7.19424 7.32626 7.5713 6.99658 6.9053 8.43021 6.7764 6.67412 6.65161 8.7153 6.8143
threshold=0.33455225825309759 0.18078651279211047 0.48921379446983343 3.6762205362319951 0.56328803300857555 12.335566997528078 0.58575761318206798 0.4620081633329392 0.14920332282781604 4.6586997509002694 11.343132972717287 0.42742338776588445 0.17717922478914264 3.979637980461121 0.10166926681995393 0.3186356127262116 0.55214822292327892 0.37711146473884588 1.8688347935676577 0.4762252420186997 0.44090509414672857 0.33662588894367224 0.5069728195667268 6.1431114673614511 6.1147871017456064 0.36813701689243322 0.54456689953804027 0.35440485179424291 2.1397762298583989 0.53272977471351635 0.4609189927577973 0.13008482009172442 0.08653349801898004 6.8901002407073983 4.388237953186036 0.11357812955975534 0.61707618832588207 5.0657496452331552 0.22747477889060977 0.22362303733825686 0.33476777374744421 0.51209816336631786 0.1203100122511387 2.8617925643920903 5.4445774555206308 0.74533575773239147 0.37776079773902899 3.8393944501876835 0.30649323761463171 0.21668749302625659 0.16940409690141681 0.15856875479221347 0.52960887551307689 10.619716167449953 0.44789049029350286 0.28051759302616125 0.29702274501323706 0.13116636127233508 8.7296881675720233 0.66352757811546337 0.94700142741203319 5.2337753772735605
decision_type=2 2 2 2 2 2 2 2 2 2 2 2 2 2 2 2 2 2 2 2 2 2 2 2 2 2 2 2 2 2 2 2 2 2 2 2 2 2 2 2 2 2 2 2 2 2 2 2 2 2 2 2 2 2 2 2 2 2 2 2 2 2
left_child=1 12 3 -3 15 6 9 -8 -5 -4 11 29 13 14 -1 54 17 20 19 -19 23 -22 -23 24 25 27 -27 -17 -26 -11 58 -15 -33 -34 51 -36 39 55 50 42 -41 43 -9 -42 45 46 -40 -48 49 -49 -39 -35 53 -53 -2 56 -38 -37 -10 -14 -61 -62
right_child=4 2 5 8 -6 -7 7 36 30 10 -12 -13 59 31 -16 16 -18 18 -20 -21 21 22 -24 -25 28 26 -28 -29 -30 -31 -32 32 33 34 35 57 37 38 44 40 41 -43 -44 -45 -46 -47 47 48 -50 -51 -52 52 -54 -55 -56 -57 -58 -59 -60 60 61 -63
leaf_value=0.029295018537753667 -0.021256200449428764 0.0014369465593033802 0.01028459236797374 -0.026357696940023791 -0.010427179615409525 -0.011417379200062645 0.034096733010071122 0.028836797984509846 -0.026852495929607173 -0.049288712110617743 0.03379610793890369 0.043575302688413454 0.0070649508538785794 0.0057913545239429874 0.0078125093903883194 -0.0019257784220241035 0.00047097066829738772 -0.0079102765726243151 -0.0024747365107496305 -0.030312142665437875 0.050309386730112607 0.0019197941148068943 0.039800942897502002 -0.0050120774079073123 0.015300225254529272 0.0022372492091271628 -0.035732687940284967 -0.014001113621493678 -0.038329866289559811 -0.0089701295877141051 -0.0070085097260464586 -0.035759456711988762 0.0016015561307486184 0.016419189501143062 -0.13915458618181528 0.013431833453685463 0.0084362183645469834 -0.0014595519595413621 -0.044027475538920287 0.0027916814734231048 -0.045196900847956294 -0.042438372732881667 -0.026585301322561612 0.017447569117912769 0.001990890346821368 0.035698080807192688 0.0014861546772421694 -0.0712207153276668 -0.068169361208937157 0.025380328686017646 0.013486927071046734 -0.039501624406160653 -0.08098945915623286 0.066311152624338052 -0.0028345317663500229 0.018632128599640235 -0.025473550854589022 -0.045854165847222052 0.0015017097103762408 0.031536821555235718 0.01555376042775755 -0.015743486344141303
leaf_weight=63.822734401735943 103.61247079865643 10327.533374816259 990.9658599384129 47.236178853290767 379.31296560747433 102.83263517584419 26.261966701829806 8.0877580367960018 21.467898327522562 22.284989969775779 11.296050089760682 6.8842301215045145 245.291929693165 579.50064888675843 1163.4721328078595 5957.0379199718591 2883.2336235858966 1406.0604351961301 4055.552856099348 42.029091000906192 13.913739600218831 210.17137243770412 16.660658515698742 1414.0598372101958 124.71877209312515 1892.5913613037701 26.152488951804116 145.33241220572381 7.4005551603622726 23.178583008702844 643.61786976523581 16.310810173126811 295.34356198026217 24.521769656217657 3.2489986935397637 6.8476372750592445 140.89963734947378 109.57827846606961 21.677056662272662 341.97601683967514 6.6908062244765487 25.708105549449101 55.998745880788192 19.321173219010234 1489.468905822956 8.8774158712476474 77.519846871029586 5.4264660985209074 10.770009973552076 10.363060925272292 304.49282451719046 4.5145325087942165 4.5320412132423371 2.7026461092755198 102.56388820127904 161.6708161206916 21.069340187590569 16.276305854436941 623.99415238033544 86.572328548936639 182.59513872794923 19.222928888280876
leaf_count=2012 16137 224246 5594 14193 34662 1214 178 67 2570 330 188 39 5836 30772 31212 108389 22201 42918 202072 2834 268 7700 329 24830 1005 47609 219 5638 124 132 28604 6705 13623 377 68 220 755 594 128 2745 59 184 566 316 9274 40 421 49 121 97 1624 161 145 17 3330 863 126 584 57351 1372 3322 687
internal_value=0.000142132 0.00254099 0.00169607 0.000809755 -0.00220583 0.00427841 0.00469221 0.00306927 -0.0040374 0.00907171 -0.00981349 -0.0192239 0.00741709 0.00602228 0.00892966 -0.00203636 -0.00192241 -0.00237309 -0.00407598 -0.00856046 -0.00141754 0.00733798 0.00470214 -0.00163786 -0.00105265 -0.00127252 0.00171972 -0.00221336 0.0122962 -0.0287332 -0.00321951 0.00228122 -0.00315327 -0.00166766 -0.0170808 -0.0419549 0.00278028 0.00389379 0.00271429 -0.00296459 -0.000258113 -0.0204235 -0.019591 0.00133415 0.000976202 -0.0102494 -0.0134929 -0.00713337 -0.0322914 -0.00781904 0.00953154 0.00100533 -0.0311649 0.000122515 -0.0120922 0.0113219 0.00402515 -0.0282979 0.000558656 0.0131175 0.0182656 0.0125727
internal_weight=37162.3 18381.9 15667.2 11663.8 18780.4 4003.3 3900.47 2845.86 1336.32 1054.61 63.6439 52.3478 2714.78 2181.09 1227.29 18401.1 18194.9 15311.7 5503.64 1448.09 9808.04 240.746 226.832 9567.29 8153.23 8021.11 1918.74 6102.37 132.119 45.4636 1289.08 953.799 374.298 357.987 62.6439 26.3729 2819.6 2361.81 2038.17 457.783 393.696 51.7201 64.0865 26.012 1624.1 134.634 125.756 104.079 26.5595 15.7895 414.071 36.271 11.7492 7.21718 206.176 323.64 161.969 23.1239 645.462 533.682 288.39 201.818
internal_count=970046 449781 352668 326964 520265 25704 24490 18207 102718 6283 689 501 97113 85896 33224 485603 466136 443935 247824 45752 196111 8297 8029 187814 162984 161855 47828 114027 1129 462 88525 52672 21900 15195 1572 872 18029 14092 12348 3937 3304 559 633 375 10130 856 816 688 267 146 2218 700 323 178 19467 1744 881 804 59921 11217 5381 4009
is_linear=0
shrinkage=0.05


Tree=90
num_leaves=63
num_cat=0
split_feature=7 6 7 4 13 4 10 2 9 8 9 13 6 8 9 3 0 4 9 3 3 9 10 0 8 9 2 7 2 3 9 2 10 3 13 10 0 6 2 2 13 0 1 13 8 10 2 1 7 0 2 3 2 6 8 6 8 1 2 2 0 3
split_gain=85.8736 16.5682 15.5969 14.5463 10.4042 9.97801 9.45645 9.2161 8.53127 8.08363 8.04996 9.49963 8.00574 8.51552 7.93003 7.78975 8.31341 10.1688 7.56507 7.52298 8.38929 10.0742 8.05998 7.10221 6.708 6.64875 6.86779 7.39773 7.17589 13.8346 10.5673 8.05216 7.16654 6.5983 6.59444 8.62868 7.33208 7.10615 6.8746 6.51862 6.41792 6.39618 8.32221 6.32098 6.23576 6.22085 6.07803 8.93358 11.4667 9.23605 6.04716 9.46897 6.01847 5.97585 8.10687 7.25597 7.04015 8.57804 6.3265 6.0923 9.82422 10.8267
threshold=0.28054267168045049 0.33609920740127569 0.16475966572761538 0.41070051491260534 0.14229624718427661 0.070654816925525679 12.228328227996828 0.57423534989357006 0.23435231298208239 0.26265725493431097 0.27894163131713873 0.14987912774086001 0.43915955722332006 0.49162003397941595 0.47844186425209051 5.5891180038452157 6.0075833797454843 0.58086121082305919 0.16191840916872027 6.2451367378234872 6.1580371856689462 0.11171373352408411 11.535933971405031 5.5194568634033212 0.3455366343259812 0.074274059385061278 0.59839192032814037 0.17793822288513186 0.45235520601272589 5.8126356601715097 0.21332382410764697 0.40731377899646765 11.184664249420168 5.2958111763000497 0.49898879230022436 9.0030698776245135 8.7641501426696795 0.17203862965106967 0.52614110708236705 0.32016836106777197 0.28301364183425909 5.9229171276092538 0.50076606869697582 0.19707879424095157 0.20134044438600543 11.12258291244507 0.74533575773239147 0.6109130084514619 0.21852187812328341 4.9089648723602304 0.57245445251464855 5.7822844982147226 0.6429714858531953 0.14026395976543429 0.072988577187061324 0.14687307178974154 0.10673092305660249 0.46644434332847601 0.55801561474800121 0.44645428657531744 5.4004201889038095 5.3302974700927743
decision_type=2 2 2 2 2 2 2 2 2 2 2 2 2 2 2 2 2 2 2 2 2 2 2 2 2 2 2 2 2 2 2 2 2 2 2 2 2 2 2 2 2 2 2 2 2 2 2 2 2 2 2 2 2 2 2 2 2 2 2 2 2 2
left_child=2 4 3 7 9 -3 18 -1 -6 -2 15 -12 13 -7 -14 23 17 25 43 20 22 -22 24 46 -18 40 28 52 29 30 -27 -31 45 -20 36 38 37 -13 -36 -23 -17 -29 44 -5 -43 50 47 -4 -49 -50 -30 -52 -28 59 58 56 57 -56 -55 -45 61 -61
right_child=1 5 10 6 8 12 -8 -9 -10 -11 11 34 14 -15 -16 16 19 -19 33 -21 21 39 -24 -25 -26 26 27 41 32 31 -32 -33 -34 -35 35 -37 -38 -39 -40 -41 -42 42 -44 53 -46 -47 -48 48 49 -51 51 -53 -54 54 55 -57 -58 -59 -60 60 -62 -63
leaf_value=0.0035611902902431959 -0.060032998788480202 -0.038796263670129283 0.0009643298693256812 -0.045638892038899814 -0.014278391222946494 -0.0022767853207032746 0.025322966260130295 -0.039176625819912922 0.00036960101196198782 -0.011445161057793857 -0.016655609609350943 -0.045510651331320463 -0.014868571596616835 0.0042232140627438504 -0.0041935944139669407 0.0040900366658884382 -0.006323836210929884 0.023809284261060742 0.0004833417625776746 0.0032554837316384486 -0.091510309406692969 0.031966509289918968 0.009967613298582402 -0.013099657092251936 -0.083983338250764872 0.025148305830198964 -0.0034693411749931375 -0.012944659870731718 0.0027663282257226166 0.0015292856211480803 -0.0070747420484197996 -0.019001364746053066 0.01772215737549029 0.019545932001051206 0.0027269407181206057 -0.0048713316032149489 -0.057844576178981914 0.010055236330585578 0.0308033261058577 -0.014010358029652137 -0.082137786232575227 0.031555388902952612 0.035261478030208855 0.02699822880920473 -0.030298990058606135 -0.031102596750258407 0.033978244579954263 0.0066213075048678462 -0.014851489712732025 -0.073133166638747096 -0.035674211837514055 0.041712037302002042 0.058595921605670599 -0.0010073750409942163 -0.040973287391457232 0.0065129126260567265 -0.037437723067126998 0.026704864710302208 -0.10310258527133553 -0.00054083161518674071 0.012761502580391968 -0.060266030966123596
leaf_weight=967.06118599876572 11.534600032347951 19.002107862303092 3666.6815024704483 5.6746970239910288 100.5580632613237 13690.580852381041 109.19714976917021 12.780997623980509 8650.2711565376521 33.198243670165539 43.097559272544459 5.7915357726742505 184.72150522488664 523.13096566305467 2989.7211103121663 4.4474784620251722 110.11039595612965 86.309619195002597 54.919289668556303 2320.5750609354218 4.0353032748971591 8.1706607209052873 130.18364435565309 94.171539425100491 2.8526741695241062 96.101166067004669 7.3652051305398336 107.04228888268699 134.45362400883459 206.71725478010194 34.604815804603277 62.106617380341049 264.40314622517326 261.75824920157902 56.646327945229132 206.46266686121817 4.0367834323551497 883.95178333643707 35.444569911807775 136.54244509036653 4.1918534700307646 5.8174040964804616 18.243698892882094 51.428061031154357 13.601240413263438 11.372004636970813 13.755923275952226 21.677359052933753 14.548268147045748 12.759680217597632 4.7740742363967028 22.980789085151628 8.3163790740072709 2.8268509806366628 7.0696416106657152 198.65996987966355 20.378228021669202 13.863047113642095 3.2756510677281767 73.268698369618505 309.83168988593388 8.4644848802126926
leaf_count=66967 362 6319 129559 105 12536 307251 823 598 162799 724 1465 140 13845 19164 148263 386 2462 364 447 34118 322 566 1517 1965 83 2773 66 1049 2298 7234 1634 1291 3002 1704 1375 5464 91 17797 131 1969 788 62 126 696 119 150 39 84 69 71 91 193 42 69 101 1743 317 76 58 890 2853 177
internal_value=-0.000135729 -0.00169042 0.00357955 0.00745351 7.83265e-05 -0.00258415 0.0113443 0.00300372 0.000201277 -0.0239738 0.00266159 0.00640584 -0.00254457 -0.00203755 -0.00481477 0.00205524 0.00365679 0.00733864 0.00983511 0.00217338 -0.00423422 -0.0135873 0.00148767 0.000461344 -0.00828498 0.00592631 0.00630442 -0.00317425 0.00811961 0.0032738 0.0166172 -0.00321393 0.01254 0.01624 0.00723941 0.000805664 0.00938851 0.00969355 0.0135332 -0.0114145 -0.0377482 -0.00670925 0.0110128 0.00691561 -0.0117688 0.00464631 0.000803772 0.000680955 -0.0205304 -0.0420837 0.00715257 0.0284009 0.0294456 0.00734842 0.00110093 0.00254816 -0.0165179 0.00384778 -0.0558092 0.0108188 0.00869376 -0.00672612
internal_weight=37167.5 26202.7 10964.8 2100.46 8795.56 17407.2 1120.62 979.842 8750.83 44.7328 8864.34 1235.43 17388.2 14213.7 3174.44 7628.91 3805.32 1092.85 1011.42 2712.47 391.895 148.748 243.147 3823.59 112.963 1006.54 997.9 160.386 837.513 399.53 130.706 268.824 437.984 316.678 1192.33 298.554 893.78 889.743 92.0909 144.713 8.63933 144.705 37.6623 694.741 19.4186 173.58 3729.42 3715.67 48.9853 27.3079 162.208 27.7549 15.6816 689.066 246.073 239.971 41.3109 20.9327 6.1025 442.993 391.565 81.7332
internal_count=969842 671263 298579 77624 176421 494842 10059 67565 175335 1086 220955 26463 488523 326415 162108 194492 62705 21668 9236 41037 6919 2857 4062 131787 2545 21304 20130 1464 18666 12932 4407 8525 5734 2151 24998 6970 18028 17937 1506 2535 1174 1356 307 7085 181 2732 129822 129783 224 140 2582 284 108 6980 2364 2237 494 177 127 4616 3920 1067
is_linear=0
shrinkage=0.05


Tree=91
num_leaves=63
num_cat=0
split_feature=7 6 6 5 1 9 1 5 1 3 9 9 10 10 5 6 6 2 5 9 8 6 5 6 5 9 3 4 7 9 5 9 0 3 7 2 8 9 9 5 6 9 6 4 1 10 2 7 7 4 1 3 3 8 9 8 9 6 10 2 2 9
split_gain=89.3408 22.2954 13.6936 14.1701 11.4569 10.1918 10.1832 12.1429 10.1899 9.11393 9.024 8.96705 8.82667 19.954 8.75336 9.38343 8.03172 7.84562 7.27872 7.40438 6.81714 6.65756 12.1992 6.64143 6.56552 7.38188 11.0821 7.75401 7.22505 9.45279 7.62803 13.5801 11.4766 13.6512 7.69511 7.05713 6.82822 8.91413 8.52479 6.97687 6.81832 6.46682 6.41025 6.34768 6.81935 6.31572 6.05167 7.10417 6.94121 5.95124 10.4423 9.05184 7.19369 6.67704 10.9582 6.59477 5.9446 7.32267 5.91248 6.44122 11.3935 9.96415
threshold=0.2819961160421372 0.18078651279211047 0.40200768411159521 1.7005987167358401 0.63244789838790905 0.51176327466964733 0.41398631036281591 3.8815106153488164 0.40865154564380651 8.5604410171508807 0.21552958339452746 0.074274059385061278 9.5731415748596209 9.8790659904479998 4.610145330429078 0.38652917742729193 0.56405761837959301 0.59514522552490245 3.5114340782165532 0.61803168058395397 0.39163494110107427 0.37065578997135168 3.3842465877532963 0.26113043725490576 4.3107767105102548 0.26301880180835729 7.0634760856628427 0.49976402521133428 0.24199707061052325 0.14318896830081942 2.9700856208801274 0.10518378764390947 4.6774799823760995 5.747798204421998 0.15126544982194903 0.62736389040946972 0.24198469519615176 0.29187391698360449 0.32562959194183355 2.8617925643920903 0.29193648695945745 0.34790506958961492 0.2819961160421372 0.59411728382110607 0.56780785322189342 11.923470973968508 0.62736389040946972 0.26778851449489599 0.25127546489238745 0.44146122038364416 0.43498201668262487 3.5114340782165532 3.8606742620468144 0.27112807333469396 0.2752277553081513 0.28733769059181219 0.29702013731002813 0.32045781612396246 11.772778987884523 0.40631033480167394 0.57025191187858593 0.19661762565374377
decision_type=2 2 2 2 2 2 2 2 2 2 2 2 2 2 2 2 2 2 2 2 2 2 2 2 2 2 2 2 2 2 2 2 2 2 2 2 2 2 2 2 2 2 2 2 2 2 2 2 2 2 2 2 2 2 2 2 2 2 2 2 2 2
left_child=1 6 4 -4 5 10 7 8 -1 -9 23 -3 21 -14 15 -6 41 -8 19 -18 -17 -12 -23 -2 25 28 27 40 30 -30 32 -32 33 -13 -33 43 38 -38 46 -39 49 -5 -15 44 -26 -35 47 -29 -48 50 -27 -51 -53 -54 -55 -56 57 -44 -36 -60 -61 -62
right_child=2 11 3 16 14 -7 17 9 -10 -11 12 24 13 42 -16 20 18 -19 -20 -21 -22 22 -24 -25 35 26 -28 36 29 -31 31 34 -34 45 58 -37 37 39 -40 -41 -42 -43 56 -45 -46 -47 48 -49 -50 51 -52 52 53 54 55 -57 -58 -59 59 60 61 -63
leaf_value=0.009045855211264657 0.065012374510187029 -0.040397139236699693 -0.012667775811127192 -0.03079966863325842 0.0067533018756671314 0.0074229787801325586 0.013692405354461144 -0.0028093335210670344 -0.044488350768701113 0.028445728779411334 0.0018663681762554824 0.0020568468859554745 -0.010294464528076232 0.033787620321320162 -0.020452357656202281 0.0085200395721986271 -0.0518616615808353 0.0061406822425874559 -0.004043825893048884 -0.014850565534451266 0.046989987024298442 -0.0095100743352907954 0.010829471473351275 -0.025574533014333947 -0.0064719436426261927 0.004763962488067589 -0.0030680070529817234 -0.0038249529642268585 -0.035896833688865176 0.00055335325827516159 -0.039969126235536882 -0.09286957405754119 0.0090709709885204836 -0.060462570054812231 0.0035079772390049831 0.0040952225662226477 0.032990417938132281 0.039094829157905964 0.022367768504337256 0.0032624666156318739 0.020763789115912028 -0.0024833193735535751 0.00066935133509808144 0.03124992966411981 -0.052943927735619262 -0.0077789406801231382 -0.0085868867266186873 -0.050943119961600593 0.023979775680472475 -0.049858350915556487 0.029022535481510736 0.0502240264663949 0.0037739187620289766 -0.062068048538400956 -0.033937966425970821 0.0082422594313228941 -0.0020024557856609796 -0.015071778529105751 0.005435582914035327 -0.018374933461568436 0.017888175977049954 -0.018528189174472316
leaf_weight=763.61328720892197 2.1068698738235971 12.228263456418061 430.80920502127265 20.255765088593762 248.3482072185725 332.13655624528474 823.05347802504548 510.01365715025895 8.9935910571366531 24.441884225583635 2881.7647940733732 609.82524629202089 666.78548568925908 12.883161249163093 24.503266739891842 19.687013579532504 14.888320061727425 590.82593254512176 203.38257409643847 146.33118817111244 27.745940554887056 323.69410810834961 95.461580167670036 51.040170629825298 391.53200848842971 569.31439623999177 272.79190295765875 30.804386472795159 17.894120894372463 2968.5186035052611 19.824409278779058 2.1484870081767431 1106.3760236478702 12.848381325020457 1157.3878850250185 264.17308445053641 85.157387499231845 16.858908575959504 60.184320527128875 69.9474526590202 68.221814576361794 4404.6384708327387 3417.5491927127005 10.908224109327419 8.0564928769599629 10.208581924904136 31.517606104724109 10.806022356264291 34.025139642879367 9.9924537038896215 48.110213418491185 6.6131633154582223 115.63556063221768 11.011435365304349 13.970345037989317 27.522463045315817 12580.025689000395 75.514377404146217 115.55139548619627 131.32880050968379 54.294906039023772 28.719968405086547
leaf_count=28227 292 7411 16593 6152 1095 6875 7567 56325 188 180 43518 19301 26226 479 133 89 962 4723 20460 12208 110 6690 2946 12350 29480 20224 3430 194 3343 59349 3014 27 10091 197 30735 2406 456 80 272 390 968 181898 54572 65 63 135 136 79 164 132 359 41 1096 127 124 302 267563 6585 6526 3537 454 341
internal_value=-8.72996e-05 0.00366192 -0.00169283 -0.00398196 -0.00111719 -0.00126423 0.00759573 0.0044144 0.00842269 -0.00137997 -0.00140773 0.00238833 -0.0013532 -0.00181883 0.0082662 0.0106453 -0.00320069 0.0105367 -0.0103337 -0.0182685 0.0310231 0.00100998 -0.0048778 -0.0219835 0.00245067 0.00286417 0.00603548 0.00808836 0.00211013 0.000334949 0.00374208 0.00114112 0.00599909 0.000628962 0.0016883 -0.00227932 0.0144999 0.0214968 0.00730947 0.0102216 0.00558899 -0.00261294 -0.00146751 -0.00638162 -0.00740891 -0.0371366 -0.00114827 -0.0160613 0.00831941 0.00429843 0.00665421 -0.00357467 -0.000928151 -0.00294004 -0.0177269 -0.00595953 -0.00149576 0.000329054 0.00182489 -0.00407997 -0.00920974 0.00528951
internal_weight=37104.8 11125.3 25979.6 5220.31 20759.2 20439 2720.94 1307.06 772.607 534.456 20106.8 8404.31 20053.7 16752.8 320.284 295.781 4789.5 1413.88 364.602 161.22 47.433 3300.92 419.156 53.147 8392.08 7717.41 1482.48 1209.69 6234.93 2986.41 3248.51 1509.26 1739.26 632.882 1489.43 674.67 339.301 171.964 167.337 86.8064 870.392 4424.89 16086 410.497 399.589 23.057 107.153 41.6104 65.5427 802.17 617.425 184.745 174.753 168.14 52.5042 41.4928 16073.1 3493.06 1487.28 329.895 214.344 83.0149
internal_count=970055 302259 667796 238273 429523 428096 97210 84920 28415 56505 421221 205049 408579 355425 1427 1294 221680 12290 33630 13170 199 53154 9636 12642 197638 165624 28574 25144 137050 62692 74358 44634 29724 19633 41620 32014 1771 926 845 470 23373 188050 329199 29608 29543 332 573 273 300 22405 20583 1822 1690 1649 553 426 328720 61157 41593 10858 4332 795
is_linear=0
shrinkage=0.05


Tree=92
num_leaves=63
num_cat=0
split_feature=6 7 6 5 1 7 1 5 3 6 7 6 5 10 10 5 1 9 2 9 2 8 9 2 1 13 13 7 9 13 3 13 13 1 7 5 9 3 7 5 10 0 10 10 10 9 8 8 0 3 5 8 13 8 2 7 8 9 8 9 7 2
split_gain=79.4729 22.7497 12.8684 20.3051 8.10686 8.50913 8.10663 12.9767 8.86543 9.04294 7.73133 7.32336 14.0965 7.05983 7.11473 6.98898 11.9821 9.99513 7.74782 7.5039 6.97387 7.05974 6.85977 6.75944 10.1766 9.97027 10.4527 7.56029 6.59367 6.60738 6.53029 7.82758 6.49912 5.85199 8.75624 7.2632 5.83293 7.76207 5.83127 6.35276 8.30586 6.44434 5.81979 8.52566 7.89987 9.56545 7.88569 8.48593 12.0834 11.2677 7.30198 6.38852 6.35654 6.51009 6.15923 6.02694 5.85174 5.76467 5.69692 5.69224 5.68636 5.50881
threshold=0.29702274501323706 0.17072947323322299 0.37711146473884588 1.2424533367156985 0.40056242048740393 0.38543431460857397 0.37808622419834143 3.4811217784881596 2.8029010295867924 0.13391261547803882 0.31710684299469 0.44622917473316198 2.5249279737472539 8.7296881675720233 8.9376769065856951 3.65057384967804 0.6109130084514619 0.11171373352408411 0.45841021835803991 0.090086802840232863 0.74533575773239147 0.36980165541172033 0.039986019954085357 0.44789049029350286 0.46832606196403509 0.14453563839197162 0.49898879230022436 0.25247138738632208 0.35804928839206701 0.17670939862728122 4.6681339740753183 0.25943198800086981 0.14087471365928653 0.45444042980670935 0.29193648695945745 2.6020033359527592 0.56001487374305736 4.0163424015045175 0.61101746559143078 3.0201274156570439 8.8223190307617205 5.4951148033142099 10.671104431152346 10.630044937133791 10.730455398559572 0.45880782604217535 0.40924552083015447 0.35586716234683996 2.6020033359527592 4.5163240432739267 3.6762205362319951 0.41467472910881048 0.41479688882827764 0.33665427565574652 0.59263893961906444 0.27915035188198095 0.28358089923858648 0.33532649278640753 0.39002437889575964 0.37255132198333746 0.20726997405290606 0.41206875443458563
decision_type=2 2 2 2 2 2 2 2 2 2 2 2 2 2 2 2 2 2 2 2 2 2 2 2 2 2 2 2 2 2 2 2 2 2 2 2 2 2 2 2 2 2 2 2 2 2 2 2 2 2 2 2 2 2 2 2 2 2 2 2 2 2
left_child=1 6 4 -4 5 13 7 8 -1 -10 15 -5 36 61 -15 18 17 -17 23 -20 21 28 -11 24 33 -25 27 -27 32 -30 -29 -32 -21 -3 35 -35 -13 -38 -14 -40 41 -41 43 46 45 50 47 -6 -49 -50 52 -48 -44 -54 59 -46 -45 58 -51 -52 -26 -2
right_child=2 10 3 11 42 -7 -8 -9 9 22 -12 12 38 14 -16 16 -18 -19 19 20 -22 -23 -24 25 60 26 -28 30 29 -31 31 -33 -34 34 -36 -37 37 -39 39 40 -42 -43 44 56 55 -47 51 48 49 57 54 -53 53 -55 -56 -57 -58 -59 -60 -61 -62 -63
leaf_value=-0.005958436139860912 0.0026477577862544658 0.0011588768462748929 -0.010721934038148613 -0.0012179063235519473 -0.0009676437084867297 0.023953259256838898 0.0095946671979676851 -0.0012794441046674323 0.036819305146137231 -0.068939136437894358 0.029009759608755833 -0.024402080603067096 -0.0023995927942596523 -0.016059845227699147 -0.0024119375604614011 -0.036920099983206507 0.010804247591884156 -0.0014325800410305556 0.021892104414722165 0.048265993425306852 0.028665896169863397 0.019543358424751345 0.012549974630760272 -0.073550661870931455 -0.017322770079774362 0.0096841950117369097 -0.032685057719673574 0.014695324430704716 -0.038018134900799687 0.016397155356375866 -0.0021971637365602956 -0.046535913961822384 0.0029016010183111271 0.026770367544292406 -0.080943924300741682 -0.046006208610843438 0.0013673938389392839 -0.014326288703155651 -0.0446661992537137 -0.027738628007890509 -0.012341085825079779 0.062578543552350971 0.024730833021424634 0.024909570598015743 0.031150859491272626 0.053122096593271474 0.03027867027012935 -0.087998845374839041 0.015439001286117852 -0.038062299820374748 0.047999331419188773 0.0044692944432091677 -0.017850897778142371 0.030260219429251663 -0.032714805360640968 0.00083928047620587343 -0.031929878729860993 -0.0084930215927293048 -0.0059423281318949379 -0.041200462043653532 0.020203528327348584 -0.037925613589025339
leaf_weight=56.917404185049236 830.66876028898696 4113.3459013288957 887.77207437314792 3775.7919158613731 1853.9756218092516 31.347394837299362 1494.668625379345 528.36238976678578 42.813471026718616 2.6172868364956221 26.338917600660352 84.079878021235345 2323.0629178348754 96.568245955291786 8566.7768208319467 20.039823213392083 208.50290681538172 2006.0626321727468 57.885015384454164 7.9104916686192146 27.947573349811137 68.401415493979584 194.64062582195038 5.7424243073910466 11.23557032458484 77.213221886137035 30.866885264869779 13.963973340112714 5.8244450283236793 132.18332183454186 19.322422268625814 20.530469385092147 4091.3950778087019 7.7133112582378107 5.3344745724461964 6.1713232747279108 109.98661319044186 277.77426521287998 13.820169536280444 2.799163031158967 136.90400838424102 6.7083954242407344 61.167700232705101 5.2019542843336231 16.466074011404999 13.586052870843558 27.388432061183266 4.8713646737160152 41.997145831512171 37.322919748723507 5.6962896130280587 192.46240994789696 22.2248873738572 10.285273276735095 16.671656496240757 4031.597640517939 34.961178296769504 207.10974304005504 21.907970712054521 2.6071119557600468 99.436267001088709 8.4510667028625885
leaf_count=4202 8901 129119 22310 128315 15153 900 15056 58618 910 213 792 4238 114666 3216 242164 11506 819 84630 561 43 101 692 4848 74 80 879 386 214 107 1018 306 287 31358 69 44 78 9929 11909 1095 110 13318 78 323 65 125 89 226 64 380 422 110 2159 169 99 144 39251 371 2153 226 65 432 456
internal_value=-0.000184907 0.00289671 -0.0019207 -0.00361441 -0.00112127 -0.00205412 0.00739837 0.00342099 0.0117834 0.0159897 0.0019527 -0.00267696 -0.00454121 -0.00213992 -0.00256407 0.00188813 -0.000609056 -0.00178358 0.00252208 0.00400874 0.00376987 0.00360827 0.0114687 0.00104193 0.00143098 -0.00880551 -0.00650903 -0.000342713 0.00335104 0.0141006 -0.0147287 -0.0250386 0.00298914 0.00103026 -0.0264957 -0.00557674 -0.0124635 -0.00987485 -0.00303592 -0.0122615 -0.00920274 0.0359879 0.000224716 -0.00172269 0.00135543 0.0133814 -0.0013383 -0.00225363 -0.00986577 -0.00863136 0.00883099 0.00768456 0.0152355 -0.00262993 -0.0151914 0.000962577 -0.024568 -0.0124268 -0.026182 0.0199923 0.0163938 0.00223913
internal_weight=37143.4 13383.4 23760 7618.7 16141.3 9533.81 2320.02 825.351 296.989 240.071 11063.4 6730.93 2955.14 9502.46 8663.35 11037 2234.61 2026.1 8802.42 4391.55 4333.66 4305.71 197.258 4410.88 4243.24 167.639 161.897 131.03 4237.31 138.008 53.8169 39.8529 4099.31 4132.57 19.2191 13.8846 471.841 387.761 2483.29 160.232 146.412 9.50756 6607.5 2427.2 4180.3 132.239 2387.04 2167.18 313.209 308.338 118.653 219.851 93.6779 32.5102 24.9751 4048.06 40.1631 266.341 59.2309 8.3034 110.672 839.12
internal_count=970641 347442 623199 305968 317231 255637 83847 68791 10173 5971 263595 283658 155343 254737 245380 262803 96955 96136 165848 33880 33319 33218 5061 131968 129822 2146 2072 1686 32526 1125 807 593 31401 129310 191 147 26076 21838 129267 14601 13506 188 61594 21219 40375 999 20783 18398 3245 3181 910 2385 591 268 319 39376 436 2801 648 175 512 9357
is_linear=0
shrinkage=0.05


Tree=93
num_leaves=63
num_cat=0
split_feature=6 6 6 9 4 6 9 4 2 1 8 2 9 6 2 0 0 13 8 12 2 3 2 6 7 4 8 10 10 12 4 1 6 8 3 3 13 8 10 7 8 6 9 9 3 10 2 12 10 6 8 0 9 4 13 9 9 0 7 0 1 2
split_gain=73.2649 22.618 10.3025 8.72242 8.49667 7.66317 8.41041 7.42859 8.16338 7.10925 8.87323 11.5176 10.3897 7.41227 7.02285 7.46392 7.39633 7.14332 9.19971 7.05447 6.98534 6.62351 6.61066 6.88693 7.70244 10.3937 7.21272 6.49288 10.8594 11.5162 7.08458 6.91851 6.45193 6.94394 6.42486 5.89581 5.88165 5.83154 8.40283 9.90567 7.21325 5.68151 5.63334 5.60387 5.5838 5.54021 5.52442 5.49565 5.43585 5.41996 7.71221 11.3524 9.64485 9.11395 7.37118 5.74878 8.39151 5.82483 5.58785 5.40689 5.38355 5.27285
threshold=0.25249001383781439 0.33609920740127569 0.13718584924936297 0.16464009135961535 0.070654816925525679 0.44622917473316198 0.50363564491271984 0.50377199053764354 0.59514522552490245 0.63244789838790905 0.46128441393375402 0.67684611678123485 0.41026654839515692 0.40593741834163671 0.74533575773239147 5.6784632205963144 6.0075833797454843 0.19687554985284808 0.35586716234683996 6.8939123153686532 0.57710847258567821 5.3636341094970712 0.60924673080444347 0.063285917043685927 0.11726542934775354 0.43034967780113226 0.077498830854892745 10.760580062866213 10.397329330444338 0.18613085895776751 0.62705692648887645 0.65258482098579418 0.089957650750875487 0.041062837466597564 5.7667560577392587 5.6542406082153329 0.23912712931632998 0.20224847644567492 9.0030698776245135 0.27350832521915441 0.19115550071001056 0.47344884276390081 0.0068241020198911437 0.3186356127262116 3.3842465877532963 9.5645465850830096 0.11165463551878931 0.11357812955975534 12.166447639465334 0.089957650750875487 0.055809393525123603 5.4445774555206308 0.19217444956302646 0.47104214131832128 1.4913613200187685 0.074274059385061278 0.11523582786321641 6.1580371856689462 0.081275444477796568 5.4183177947998056 0.37421239912509924 0.5191103219985963
decision_type=2 2 2 2 2 2 2 2 2 2 2 2 2 2 2 2 2 2 2 2 2 2 2 2 2 2 2 2 2 2 2 2 2 2 2 2 2 2 2 2 2 2 2 2 2 2 2 2 2 2 2 2 2 2 2 2 2 2 2 2 2 2
left_child=2 3 7 -2 -3 9 20 8 42 43 11 12 -11 -12 17 -16 -17 18 -5 37 41 -15 23 -10 25 -25 -26 28 29 30 45 -29 33 -24 35 -34 -8 38 39 40 -19 -7 -1 -6 -38 -22 -39 61 -21 -44 51 53 54 59 55 -53 57 -57 -52 -51 -4 -41
right_child=1 4 60 14 5 6 36 -9 22 10 13 -13 -14 21 15 16 -18 19 -20 48 27 -23 32 24 26 -27 -28 31 -30 -31 -32 -33 34 -35 -36 -37 44 46 -40 47 -42 -43 49 -45 -46 -47 -48 -49 -50 50 58 52 -54 -55 -56 56 -58 -59 -60 -61 -62 -63
leaf_value=-0.043597747106653942 -0.027981130374994452 -0.036524751887254896 0.0017325740109879672 -0.0037914024302189869 -0.013538583512724439 -0.012722615070876325 -0.0092630060397268215 0.016914601449696958 0.033977831253047978 0.0076926897872699228 0.036198916278060669 0.0047630321609747677 -0.059725442614633445 0.037524722877641213 0.034165089209233467 -0.034554155628548126 0.017137694283381855 -0.037974498997822417 0.012055821577416023 0.0087037209792997037 0.051489253285116623 -0.010902692434802772 -0.0056722737869545556 -0.0054059013059225272 0.027892020451066729 -0.1163412536941705 -0.06444529499398223 -0.023360183696512927 0.033097024583368301 -0.029631251858371118 -0.022686623161815352 0.057196098587336312 -0.10065586175663924 -0.098423457371359657 0.014056836699063921 0.015334736674275571 0.0042552582320882978 -0.021115903040077402 -0.0087616310723358584 0.02048371594839124 0.034810100705649799 -0.032406954784531955 0.015720589262226938 -0.0019378423742460926 -0.0036549874128922566 -0.0025805938486679098 0.0010271252574428338 -0.019231273628068382 0.046072953156181359 0.0081953925850688416 -0.08535191909476525 -0.090016419540356135 0.026646486903415281 -0.10939180621166728 0.04778260598100479 -0.066120899350532822 -0.082988874399749613 0.009946024770191202 0.0084068202378980231 0.076846553667912348 0.0046334246294536686 0.065648784978322314
leaf_weight=5.2434445098770075 26.900363895983901 18.194782019345439 2656.1223328646993 1419.1539472706208 104.88274765295137 102.55709558160015 413.189703885786 218.64861391135491 3.2600684491917518 9.6808726610615867 38.111073303967714 204.70963764074259 13.948607645928858 10.168926570564507 31.898206780664623 10.442359631415458 20.515782624017447 11.991127342567781 97.89913581989822 161.29144098702818 12.677754944423219 23.099477832205594 5.595056046266107 3.2774479878135043 4.9956060061231238 5.9345920933410525 3.6674951664172113 45.496868512709625 23.570711071719415 28.696310745086521 8.6913638822734338 2.8312082858756176 2.474248601240105 3.1562952813692391 40.520294730551541 1.9661502186208961 251.07067430188181 28.249682847315853 298.57917905450449 15.648325242742436 4.7534111558343275 57.048492032146896 193.67340601065371 13973.034705797028 2002.1858438551862 7.5642797052860251 9714.1879581397952 4.75198696181178 10.356338475830851 35.015449146347237 1.5936061653774221 6.7701844478288029 6.0345653810072681 1.5623867560643692 2.0596730974502853 3.5401381016126861 6.3190671289339653 8.705425233463755 566.43834090600285 3.1239669216738539 4020.1834922722846 11.008185476996003
leaf_count=3142 9118 6331 141783 34026 13568 9125 34087 1514 46 40 129 1101 79 78 121 81 141 332 3756 2019 154 161 115 66 40 90 88 1730 379 536 43 49 99 94 439 15 21968 4180 9678 382 118 6903 11646 320499 78298 146 181347 50 87 2916 67 575 93 30 52 223 247 287 24298 30 41306 29
internal_value=-7.4236e-05 -0.00122407 0.00422764 0.000458018 -0.00237455 -0.00233871 -0.00465747 0.00863484 0.00665615 -0.00186204 0.00575788 0.000947817 -0.0321046 0.021145 0.000522627 0.0171911 -0.000298264 0.000433671 -0.00276874 0.000907145 -0.0127573 0.00389979 -0.00916668 -0.0328552 -0.0450442 -0.0768728 -0.0111987 -0.00413035 0.00450592 -0.00718792 0.0150715 -0.0186409 0.000154523 -0.0391243 0.00779992 -0.0492967 -0.00377918 0.000736142 -0.00563578 0.0137464 -0.0173125 -0.0197585 0.00806589 -0.00202427 -0.00277358 0.0312838 0.000962918 0.0303046 0.0109584 0.00839038 0.00617617 -0.00910692 -0.0305757 0.00896985 -0.0431808 -0.050576 -0.0361927 -0.0120446 0.00814378 0.0138186 0.00347934 0.0391353
internal_weight=37028.9 29219 7809.88 11867.6 17351.4 17333.2 2955.58 1133.58 914.927 14377.6 299.719 228.339 23.6295 71.3795 11840.7 62.8563 30.9581 11777.9 1517.05 10260.8 289.134 33.2684 74.8473 21.1352 17.8751 9.21204 8.6631 129.528 81.2004 57.6297 28.9334 48.3281 53.712 8.75135 44.9607 4.4404 2666.45 10089.2 346.732 48.153 16.7445 159.606 840.08 14077.9 2253.26 20.242 9742.44 31.4085 171.648 834.836 641.163 73.1309 33.4291 39.7018 27.3945 25.3348 18.5646 12.2456 568.032 38.1394 6676.31 26.6565
internal_count=970170 740869 229301 245465 495404 489073 153418 46212 44698 335655 1588 1220 119 368 236347 343 222 236004 37782 198222 19065 239 1092 330 284 156 128 3037 1258 879 343 1779 762 209 553 114 134353 196116 10589 911 450 16028 43606 334067 100266 300 185527 461 2106 40464 28818 4453 1477 2976 1384 1332 757 510 24365 2946 183089 411
is_linear=0
shrinkage=0.05


Tree=94
num_leaves=63
num_cat=0
split_feature=7 7 6 5 5 6 5 2 4 2 4 3 3 2 10 1 1 12 12 6 6 8 13 5 3 3 12 7 4 5 12 3 8 13 6 6 2 13 12 2 10 12 13 4 6 7 3 10 13 12 8 7 1 2 10 13 7 3 8 3 6 6
split_gain=78.7194 18.2576 14.5435 13.2414 9.22177 8.82768 9.91726 8.5764 8.20233 7.88004 7.75499 8.15011 7.48171 7.14825 6.71254 6.6044 8.61531 7.5807 13.9958 10.9085 10.4516 7.23143 6.72485 7.00504 6.71591 7.87779 6.35135 8.94911 6.93013 6.34884 6.20615 6.17977 6.37808 6.03273 5.89375 5.77121 10.1146 6.81877 9.69902 13.6753 8.91618 8.69101 11.9059 10.4557 7.76849 12.9698 8.74855 6.70158 10.3737 7.93136 6.7158 7.04194 6.6157 6.34623 6.31948 10.7674 6.08145 5.9408 5.93387 5.57044 10.651 9.32048
threshold=0.28054267168045049 0.14471155405044558 0.37065578997135168 1.2424533367156985 3.3140207529067998 0.44622917473316198 2.5249279737472539 0.57245445251464855 0.28054267168045049 0.17190404236316684 0.42332686483860021 2.6735538244247441 4.7664294242858896 0.6429714858531953 8.8768234252929705 0.42994327843189245 0.43107315897941595 0.050942661240696914 0.60399547219276439 0.28808902204036718 0.3357179611921311 0.25127251446247106 1.3907248973846438 0.89587974548339855 3.113268375396729 3.1984648704528813 2.826136708259583 0.16475966572761538 0.50957199931144725 5.6577370166778573 0.050942661240696914 2.5249279737472539 0.24540374428033832 0.14761302620172503 0.28808902204036718 0.22122069448232654 0.74533575773239147 0.19724496454000476 2.4300798177719121 0.33344106376171118 12.246081352233888 2.4300798177719121 0.28324224054813391 0.38907799124717718 0.19584017992019656 0.20509669184684756 7.120039939880372 11.602254390716555 0.28582702577114111 0.10673087462782861 0.20887609571218493 0.19420878589153293 0.2937683910131455 0.43703302741050726 9.2310247421264666 1.1811852455139162 0.19582779705524447 4.8481087684631357 0.18416015058755877 7.0634760856628427 0.22954047471284869 0.15302856266498568
decision_type=2 2 2 2 2 2 2 2 2 2 2 2 2 2 2 2 2 2 2 2 2 2 2 2 2 2 2 2 2 2 2 2 2 2 2 2 2 2 2 2 2 2 2 2 2 2 2 2 2 2 2 2 2 2 2 2 2 2 2 2 2 2
left_child=1 8 10 12 9 -5 14 -6 -1 -3 -2 34 13 -4 30 17 -17 -13 20 -20 21 -19 24 -24 -18 -26 29 -28 -29 59 -7 -10 -33 -21 -12 37 -37 38 39 58 41 47 43 53 46 -46 -41 49 50 54 -49 -52 56 -43 55 -39 -40 -47 -11 -9 61 -61
right_child=2 4 3 5 7 6 -8 26 31 35 11 15 -14 -15 -16 16 22 18 19 33 -22 -23 23 -25 25 -27 27 28 -30 -31 -32 32 -34 -35 -36 36 -38 40 52 44 -42 42 -44 -45 45 57 -48 48 -50 -51 51 -53 -54 -55 -56 -57 -58 -59 -60 60 -62 -63
leaf_value=-0.0014437168336554297 -0.0014679573783272092 -0.00063957802702916528 -0.00597741861531631 -0.0011263605155562345 -0.0012958627922737673 -0.014377340574714416 -0.0033799332618841952 0.0048300752031248742 -0.0061127761621815714 0.039070130527402394 -0.052690632143901794 0.034260138064366064 -0.014594851015811566 0.03793114593685315 -0.013095703405156445 -0.021928804658038703 0.0078170363126993294 -0.063880270831484356 0.046142786340691078 -0.037862837405643932 0.010186642488631336 -0.013650338804163734 0.035626156012603175 0.0060366558864917924 -0.043998450374021808 -3.8253241216781888e-05 0.057085786840535092 -0.020562419934471263 0.031357551387426227 0.052433757649820278 0.026720854623063346 0.011259188481617092 -0.057410207098987448 0.008566722844318234 -0.0077834949633627127 0.0034633644382695752 0.049078848701543359 -0.025878038011036438 0.0083707940153196752 -0.06104588409289078 0.035346477759071841 -0.043937575608826676 0.041914991547316746 -0.075936195358024136 0.027391875797422183 -0.00060806507642856538 0.023790596544392362 0.0094440679883790422 0.063506662813027803 0.0049041120288283386 -0.022185241668333775 0.03607866791673147 0.015490203721491021 0.028707644951357893 0.036323795903797827 0.01886767424261487 -0.040504200116040945 -0.060293415643491312 -0.036131344761028264 -0.042993506530107514 -0.013720668450120287 0.0064256156647079414
leaf_weight=168.8421982462678 11067.043309297595 802.97526368871331 508.34357539018674 4544.0622808701992 2076.5773997416654 16.163870525371749 2467.1996790458579 1019.0501114833969 54.794206447084434 13.088327588280665 7.6178767178207627 22.790249546058476 355.75486598441785 9.441329966299234 429.56253127972013 42.594264319399372 280.41963820514502 7.7635976399469646 19.387101989501389 7.1205120226513818 51.397695795283653 92.990468499076087 21.871321608778089 234.03794989257585 10.210885348264126 5284.8968312387442 13.223957970272748 12.337923357001275 13.41541271668393 6.5131598925945573 21.277751126210205 1181.2989229468221 3.3911603260203256 400.88294851637329 178.66962021296786 3716.1592704768118 12.192279744893311 16.099381917068968 13.927598832407968 21.179915117099885 30.073962586582638 5.7732953005470389 6.0926374839618793 9.6597947408445162 12.73361023142934 6.5592926656827357 3.5479083848185828 211.9951218017377 10.745927268639205 908.45912896827213 5.8444244526326647 46.033247137442231 74.263183924078476 6.2728867800906301 34.727032865979709 81.532761372829555 11.720808519050477 11.441601396538315 3.2806740689848075 9.9881755742244405 131.68257796388934 213.04492175678024
leaf_count=27952 290682 44594 15615 147716 118402 413 129044 10271 8266 341 97 107 6530 90 25532 440 1777 240 246 167 704 1039 156 1323 96 44316 68 470 125 68 239 19173 125 3330 1448 45468 40 202 409 309 263 159 45 75 118 85 42 2256 38 11868 65 370 796 68 362 1081 376 169 139 153 1870 2221
internal_value=2.82235e-05 0.00357963 -0.00146695 -0.00318723 0.0027976 -0.00250679 -0.00464461 0.000751541 0.00889501 0.00397473 -0.00065659 0.000691139 -0.00901236 -0.00517679 -0.0113259 0.000987727 0.000476433 0.00597394 0.0048616 0.0094977 -0.00816108 -0.0175208 0.000640086 0.00856553 0.000276319 -0.000123024 0.00374719 0.0236516 0.0064837 0.00318511 0.00897841 0.0103033 0.0110626 0.00775643 -0.00961989 0.00467734 0.00361253 0.00724682 -0.00214601 -0.0161595 0.00842146 0.00781863 -0.0198478 -0.0371839 -0.0280115 -0.0112266 -0.0488737 0.0084033 0.0153511 0.00657013 0.01339 0.0295148 0.00792896 -0.00610856 0.018005 0.0114892 -0.0139641 -0.0385448 0.0239983 0.00295162 -0.00244493 0.00421246
internal_weight=37062 10980.5 26081.5 8351.81 9572.21 7478.27 2934.2 3495.83 1408.33 6076.38 17729.7 6662.65 873.54 517.785 467.004 6476.36 5874.03 602.333 579.542 427.391 152.152 100.754 5831.44 255.909 5575.53 5295.11 1419.26 38.9773 25.7533 1380.28 37.4416 1239.48 1184.69 408.003 186.287 5273.4 3728.35 1545.05 171.743 71.8313 1373.31 1343.24 27.7986 21.706 55.4623 30.7345 24.7278 1315.44 274.619 1040.82 263.873 51.8777 99.9116 12.0462 132.359 97.6321 25.6484 18.0009 16.369 1373.77 354.716 223.033
internal_count=970249 298902 671347 325179 243386 302944 155228 133648 55516 109738 346168 55486 22235 15705 26184 53941 48108 5833 5726 3743 1983 1279 47668 1479 46189 44412 15246 663 595 14583 652 27564 19298 3497 1545 65144 45508 19636 2784 1203 16852 16589 347 302 723 372 351 16242 2729 13513 2691 435 1581 227 1645 1283 785 254 480 14515 4244 2374
is_linear=0
shrinkage=0.05


Tree=95
num_leaves=63
num_cat=0
split_feature=6 7 6 5 4 5 8 1 3 9 13 10 4 3 1 2 5 1 1 3 4 7 2 10 3 3 3 9 13 6 6 9 6 9 2 5 5 13 13 4 8 13 10 10 7 5 2 5 4 1 8 7 5 6 2 2 8 9 6 6 9 9
split_gain=75.1485 22.6796 10.9529 13.5618 9.75223 14.1457 10.8802 9.82318 9.61419 9.41831 7.81375 9.57689 7.87627 7.76383 7.75451 11.517 11.0394 7.643 9.94548 7.20747 10.506 6.96583 6.88852 8.18065 8.00242 9.51593 8.05098 6.99674 8.50081 6.76632 6.50719 7.16568 6.24349 6.01357 12.203 7.51809 6.90529 10.0585 7.04096 10.1039 7.7692 6.92135 6.71135 6.2866 10.1345 11.2772 9.24231 9.24518 6.9409 12.1404 6.87172 6.59808 8.87045 6.00373 5.97149 8.04214 8.75578 8.04301 6.79847 5.9645 5.96065 7.79843
threshold=0.29702274501323706 0.1848636940121651 0.4146538525819779 2.1383330821990971 0.57175534963607799 3.7012257575988774 0.12369550764560701 0.43107315897941595 7.4891321659088144 0.28766645491123205 0.55362844467163097 10.671104431152346 0.42159293591976171 5.2755572795867929 0.49612575769424444 0.58575761318206798 1.7005987167358401 0.37421239912509924 0.37041097879409796 3.5114340782165532 0.50123339891433727 0.41325548291206365 0.60135018825531017 13.050446987152101 5.7667560577392587 3.9415346384048466 4.2555875778198251 0.19661762565374377 0.19826593250036242 0.30655835568904882 0.50235286355018627 0.48103672266006475 0.30246680974960333 0.12834025174379352 0.31364051997661596 2.8617925643920903 3.5114340782165532 0.14761302620172503 0.14761302620172503 0.34530405700206762 0.082086700946092619 0.34555774927139288 11.070030689239504 12.309280872344972 0.11221974343061449 3.5408543348312382 0.46786589920520788 5.1269311904907235 0.50123339891433727 0.39164464175701147 0.11393573880195619 0.10824050381779672 4.6774799823760995 0.22954047471284869 0.74533575773239147 0.65615329146385204 0.15268722921609881 0.20897566527128222 0.19793051481246951 0.17640253156423572 0.36813701689243322 0.424973875284195
decision_type=2 2 2 2 2 2 2 2 2 2 2 2 2 2 2 2 2 2 2 2 2 2 2 2 2 2 2 2 2 2 2 2 2 2 2 2 2 2 2 2 2 2 2 2 2 2 2 2 2 2 2 2 2 2 2 2 2 2 2 2 2 2
left_child=1 10 14 30 5 6 7 -3 54 53 11 12 -1 -14 15 21 -16 18 -8 20 -5 -2 23 -19 25 -24 -27 28 -26 32 31 -4 -17 34 -13 42 37 -36 39 -38 -41 -39 -35 44 46 -46 48 -48 49 -40 -49 52 -45 -10 55 57 -57 58 -6 -7 -29 -62
right_child=2 4 3 19 8 59 17 -9 9 -11 -12 33 13 -15 16 29 -18 22 -20 -21 -22 -23 24 -25 27 26 -28 60 -30 -31 -32 -33 -34 35 36 -37 38 41 43 40 -42 -43 -44 51 45 -47 47 50 -50 -51 -52 -53 -54 -55 -56 56 -58 -59 -60 -61 61 -63
leaf_value=-0.006446262103744476 -0.0015982534516914102 -0.007233664305628152 -0.023509522858039707 -0.00044210196049287634 0.030382404275316917 0.06005786328173425 0.0010940597337493563 -0.060987205954009638 0.0088884275680168826 0.02021480663873915 0.012296104600702651 -0.0071995195688596796 0.027069071056188145 0.0022994508095143698 -0.0028377009681914882 -0.01113246732212694 0.0022516662741167643 0.0050413647507333414 -0.01603345518988555 -0.0036774091139422645 0.019585542427671805 0.016920989613314733 0.036328326497697398 -0.051640744262618311 0.034271788735701102 -0.048432956154102064 -0.0076704856779599116 -0.0019769937596050328 0.0061776214989342172 -0.0066330608979091295 -0.03812964399804137 -0.0077031622692087347 -0.044447482803509707 -0.016028097992823519 0.040070018768932771 0.0091180217787588912 0.010259857412385618 0.007932693669549561 -0.0049271654683402449 -0.0068319273373775224 -0.070833089264366919 0.038755853021944182 0.037026120671535039 -0.087685138965899689 -0.074510838553416406 -0.001707453656816272 0.021311739062329426 -0.0049950175229864519 0.075075796998407829 -0.099617327366338979 -0.10376033968187007 0.035090833195573511 0.027618519795208657 -0.013144618731332708 0.025793718421025992 0.026794319321010625 0.001857826879868821 0.022895901617403593 -0.01192175336962596 -0.0032754577490385151 0.034969976443936977 -0.019709690641452386
leaf_weight=266.42054121993715 13731.345550846654 27.336329532641685 82.120801020995714 381.14045311767404 12.943646242376415 3.7267571760894489 3794.1641694712598 12.333993623498825 41.211968895513564 37.182356571312994 522.92877695160132 180.4653273540971 36.696924006886547 229.37653521500761 1629.5308185626054 35.382150024001021 3078.3692500093457 3157.819876724534 86.693933711590944 3326.1082886199656 79.065339461201802 50.965373394734343 11.685249692527576 6.3784055972937486 31.52599812252447 12.81680358154699 220.73598103667609 461.11410561623052 184.52541747840587 633.93553015607176 20.786272510522394 565.17726284063247 23.340412666439079 6.9633027901872984 30.867509908974171 841.95162573855487 17.19933414508705 267.40781851497013 39.263205042254413 8.5098574136500265 10.70883078954648 19.543915830086917 41.406950090662576 2.8011973125394425 5.4390844586305311 241.16614203462814 148.32267523114569 19.112757576163862 2.3546030295547089 3.7044043837813652 1.9399039054405864 30.185322774879751 4.1232768563786522 123.78155863517895 54.711362768895924 39.15469796769321 348.68101458589081 142.53397032059729 35.664991309633479 1494.2924813918034 23.911392271053046 8.9656921783462149
leaf_count=21111 358370 1300 3937 37081 50 315 124086 135 160 162 18388 25942 544 2736 9860 564 23383 25501 1236 148472 1240 2234 56 83 167 103 1474 3283 1124 12899 1600 22959 364 73 221 18632 939 2634 2435 222 298 190 363 169 102 5884 1526 623 10 165 86 625 152 522 193 124 1528 653 183 80605 133 62
internal_value=-9.74309e-05 0.00290105 -0.00179128 -0.00402485 0.00179683 0.001343 0.00217416 -0.0239463 0.00697543 -0.00251819 0.00674651 0.00556486 -0.000369253 0.00571568 -0.00127263 -0.00184595 0.000490099 0.00230368 0.000711451 -0.00286596 0.00299873 -0.00152977 0.00380368 0.0049271 8.25185e-05 -0.00770436 -0.00990743 0.00277199 0.0102771 -0.00813713 -0.0105927 -0.00970847 -0.0243742 0.00720769 0.00461234 0.0102193 0.00711234 0.0129494 0.00364372 -0.0175796 -0.042494 0.010032 0.0293885 0.00519447 0.00360177 -0.00331319 0.0115444 0.0169107 -0.0085103 -0.0130908 -0.0140958 0.024993 -0.0190259 -0.00764122 0.0100043 0.00851228 0.00437534 0.0169063 -0.000656882 -0.0031179 -0.000510434 0.0200586
internal_weight=36990 13352.8 23637.3 4454.4 10373.9 9538.03 8040.01 39.6703 835.866 202.176 2978.86 2455.93 532.494 266.073 19182.9 14475 4707.9 8000.34 3880.86 3786.31 460.206 13782.3 4119.48 3164.2 955.281 245.238 233.553 710.043 216.051 692.658 668.084 647.298 58.7226 1923.44 1033.12 890.322 852.65 317.819 534.831 36.418 19.2187 286.952 48.3703 498.413 461.303 246.605 214.698 169.375 45.3222 42.9676 21.0527 37.1098 6.92447 164.994 633.69 578.978 387.836 191.143 48.6086 1498.02 493.991 32.8771
internal_count=970271 347308 622963 215289 243238 239663 158743 1435 3575 844 104070 85682 24391 3280 407674 374431 33243 157308 125322 186793 38321 360604 31986 25584 6402 1633 1577 4769 1291 13827 28496 26896 928 61291 42223 19068 16281 3045 13236 1459 520 2824 436 11777 10831 5986 4845 2235 2610 2600 709 946 321 682 2731 2538 1652 886 233 80920 3478 195
is_linear=0
shrinkage=0.05


Tree=96
num_leaves=63
num_cat=0
split_feature=6 7 6 5 7 5 1 7 9 5 1 5 9 13 9 3 4 2 9 7 9 5 1 2 2 6 1 2 5 10 10 4 6 9 13 6 1 9 13 12 5 9 10 7 9 10 7 12 5 1 1 2 6 3 2 2 9 13 3 10 4 6
split_gain=79.5485 19.2143 12.5669 14.3655 12.0347 11.9071 8.41268 8.59325 8.35409 7.70289 8.17185 7.83485 8.58397 7.48385 7.36532 8.7515 7.3319 7.17525 7.04272 7.36686 6.96257 6.84221 6.81292 9.47964 9.3358 8.80276 6.77966 11.8514 7.63122 6.52063 9.60664 8.84366 6.37462 6.66091 6.21858 6.35666 6.83888 6.03865 7.05811 6.75884 5.99693 8.88223 6.3283 5.95345 8.86931 9.61278 6.80585 10.2431 7.56644 6.70835 6.5111 7.7383 6.21717 5.93848 5.88211 5.87398 6.52352 5.86074 6.96214 5.85857 5.85716 6.5287
threshold=0.30181592702865606 0.23893107473850253 0.47045868635177618 3.3842465877532963 0.10824050381779672 2.9700856208801274 0.41043496131896978 0.23676994442939761 0.36813701689243322 3.65057384967804 0.37421239912509924 1.8688347935676577 0.16940409690141681 1.3907248973846438 0.27764984965324407 8.1012215614318865 0.4322520792484284 0.15016964077949527 0.32150796055793768 0.24199707061052325 0.26301880180835729 1.8688347935676577 0.49612575769424444 0.47571946680545812 0.58719706535339367 0.30655835568904882 0.39164464175701147 0.50714692473411571 4.8940944671630868 11.809178352355959 9.4874033927917498 0.50957199931144725 0.61218437552452099 0.5635681450366975 1.4720080494880678 0.50104936957359325 0.56234845519065868 0.53729623556137096 1.4867877364158633 0.10328164324164392 3.979637980461121 0.061210911720991142 8.8768234252929705 0.18276431411504748 0.19027393311262134 12.630711078643801 0.23282893747091296 1.3288918137550356 2.2499048709869389 0.38662658631801611 0.37421239912509924 0.50714692473411571 0.21497888118028644 3.1567740440368657 0.16632606834173205 0.6429714858531953 0.20401369035243991 0.14761302620172503 5.6542406082153329 11.115688800811769 0.45629402995109564 0.31563769280910497
decision_type=2 2 2 2 2 2 2 2 2 2 2 2 2 2 2 2 2 2 2 2 2 2 2 2 2 2 2 2 2 2 2 2 2 2 2 2 2 2 2 2 2 2 2 2 2 2 2 2 2 2 2 2 2 2 2 2 2 2 2 2 2 2
left_child=1 4 20 21 26 17 40 13 9 10 11 57 -13 -8 -12 18 -10 -6 19 -16 -2 -4 24 -24 -22 -26 27 28 -1 30 31 -20 33 34 35 -23 -37 38 -5 -40 -7 -42 -43 54 -45 46 49 -48 -49 50 53 -52 -51 -46 -19 56 -9 58 -3 -57 61 -27
right_child=2 8 3 37 5 6 7 55 16 -11 14 12 -14 -15 15 -17 -18 43 29 -21 22 32 23 -25 25 60 -28 -29 -30 -31 -32 -33 -34 -35 -36 36 -38 -39 39 -41 41 42 -44 44 45 -47 47 48 -50 52 51 -53 -54 -55 -56 59 -58 -59 -60 -61 -62 -63
leaf_value=0.013421982921592074 -0.014783582434285262 0.054171777506215039 -0.028716545228098345 -0.0074235125223615101 -0.0020454715694819907 0.0020994374317579579 0.003528169890167813 -0.003377267541703147 -0.0027636008331524344 -0.0034191085666684506 0.0019298944918052221 -0.015662245781038812 -0.001751185620143072 0.014079013843517505 -0.041385323462649226 -0.01655176412222728 0.013321599282384501 0.080926651686473089 -0.0090123319623125545 0.01195962583819046 -0.0016327755056419397 -0.0079805806053416476 0.0091526001525206908 -0.00034261240200967149 -0.033790279291577408 0.019689787283745087 0.016427343883931685 -0.040729437302588482 -0.011791098312107179 0.020383756477687767 -0.011241786154578522 0.052362516181169938 -0.027089431601087455 -0.0059810610845437012 -0.072299407279232827 -0.037018052269318265 0.0067929155337250989 0.00051875153427701653 -0.018303486775300786 -0.10641108584675052 -0.042674264221703798 -0.040174219826373508 -0.0023019467830525308 0.0051192659753650938 0.036280650466647704 -0.042113482773889113 0.040080811474424424 0.028915740989935507 -0.043983365350150877 0.034060869875018947 -0.067968751383099268 0.016277208170628468 0.012597224028143533 0.0021341157028018816 0.015438091890715253 -0.029028864199262174 0.042953466136449264 0.0019769419083650775 0.0014705826144880908 0.026245373384136544 -0.010627898287148996 -0.0037913706860522992
leaf_weight=141.97402710514143 97.099331842451647 11.873668839223685 44.369204812028329 156.77272965357406 163.90119103802135 1312.1816465238589 2010.919280135131 9.6979379352560482 98.44256478160969 896.63581628235625 2543.8909512478858 120.28352980941418 1420.5718043429661 183.39848051121226 6.5475062332116059 36.010762708261609 252.69834883406293 3.4823451165575525 10.953359735198321 560.89501367998309 14716.854193821393 106.33880282763857 276.37800176092423 5373.6517109934939 30.321271593915299 32.817292578751221 343.2137217191048 13.352236150240058 38.055467541984399 30.819034531246871 111.43798034172505 12.645438902080057 44.922858371748589 824.53683381341398 4.9151799328974439 46.45962869124196 11.020496484823523 843.48213818794466 5.5943527529598196 3.5628580771008274 14.71634203699068 11.304518133518284 454.58524678514368 944.97700864568469 14.773556510219349 7.3847657828591755 52.576020499924198 7.0814961250871402 7.1568481624126434 46.855534855276346 6.5955004966817778 4.6457240134477615 120.51767025142908 92.172579186561052 222.98805492883548 9.1683845765655878 35.083280205260962 1254.6725290643226 13.270954290404914 10.047299217665566 368.18237850198057 302.18432965094689
leaf_count=12355 17066 93 2865 11687 11708 58093 20839 77 4632 43740 18249 8067 51709 1001 57 378 1898 95 77 4394 415882 4567 1529 43710 469 554 3393 622 8567 287 980 40 3387 39688 116 3134 155 52302 165 121 10637 2370 46233 11743 359 99 380 31 76 218 103 32 584 1443 2660 81 434 27477 99 73 7666 9198
internal_value=-1.32634e-05 0.00301532 -0.0017902 -0.00548737 0.00504761 0.00437889 0.0029066 0.00493672 0.00128556 0.000909644 0.00154241 -0.000435516 -0.00283712 0.00441 0.00322631 0.00751318 0.0088121 0.00789749 0.00869496 0.0113441 -0.00142533 -0.00948828 -0.00136386 0.000121857 -0.00190717 -0.00741248 0.0122087 0.00472138 0.00809233 -0.000368528 -0.00510476 0.0238754 -0.00866653 -0.00783331 -0.0168845 -0.0152219 -0.0286183 -0.00119651 -0.0099158 -0.0525841 0.000349318 -0.00442897 -0.00322089 0.00896179 0.00766287 0.0143441 0.0155273 0.0298929 -0.00772671 0.0121661 0.00304629 -0.033152 0.0186059 0.00685112 0.0164451 0.0229971 0.03292 0.00245594 0.0263569 -0.000127639 -0.00627507 -0.00149112
internal_weight=36953.9 13664.5 23289.5 2091.98 6282.81 5746.21 4051.1 2258.31 7381.65 7030.51 6133.87 2820.67 1540.86 2194.32 3313.2 769.309 351.141 1695.11 733.298 567.443 21197.5 1082.56 21100.4 5650.03 15450.4 733.505 536.595 193.382 180.029 165.856 135.037 23.5988 1038.19 993.271 168.734 163.819 57.4801 1009.41 165.93 9.15721 1792.79 480.606 465.89 1531.21 1304.74 359.76 352.375 66.8144 14.2383 285.561 118.187 11.2412 167.373 106.946 226.47 63.9969 44.7812 1279.82 25.1446 19.2157 703.184 335.002
internal_count=970744 356483 614261 118187 194306 169369 139838 22505 162177 155647 111907 87445 59776 21840 24462 6213 6530 29531 5835 4451 496074 53912 479008 45239 433769 17887 24937 21544 20922 1384 1097 117 51047 47660 7972 7856 3289 64275 11973 286 117333 59240 48603 17823 15068 3325 3226 487 107 2739 1937 135 802 1802 2755 665 511 27669 192 154 17418 9752
is_linear=0
shrinkage=0.05


Tree=97
num_leaves=63
num_cat=0
split_feature=7 6 6 12 5 9 6 9 9 5 9 4 4 9 2 13 3 8 2 3 2 4 7 3 4 5 2 2 7 8 9 2 2 9 6 7 2 8 4 10 10 3 12 10 12 5 10 4 5 5 9 5 5 5 6 6 5 8 6 4 4 5
split_gain=80.3476 17.0613 15.2415 11.3851 9.30676 19.621 13.0013 9.01121 8.58413 8.58258 9.55693 8.41106 8.94626 10.643 7.96896 7.91721 7.87699 8.83222 8.39443 8.65579 9.57451 8.83541 8.08609 7.96762 7.5467 10.7892 7.5122 7.3395 8.78775 12.5076 14.7306 11.1537 10.7572 9.02616 9.8042 8.42319 7.63213 8.83051 8.59404 7.4384 18.1651 7.33345 8.41882 7.3129 9.90011 7.20162 7.1695 11.4667 7.36068 7.16839 7.09973 6.87738 6.82214 6.801 11.3415 6.76728 11.1435 9.78798 9.21273 6.67634 6.64029 6.84079
threshold=0.2819961160421372 0.14687307178974154 0.3357179611921311 0.72464895248413097 3.0201274156570439 0.07028070837259294 0.21988319605588916 0.24934934079647067 0.13116636127233508 3.9607677459716801 0.018642326816916469 0.45430287718772894 0.47104214131832128 0.24719034880399707 0.14390365779399875 1.4720080494880678 6.0602900981903085 0.11042946949601175 0.6429714858531953 5.6681537628173837 0.4018187820911408 0.42585149407386785 0.11221974343061449 6.0075833797454843 0.4089073538780213 3.5114340782165532 0.55240729451179515 0.46435087919235235 0.09607811272144319 0.067793045192956938 0.19400765746831897 0.62736389040946972 0.55426257848739635 0.078748404979705824 0.10904029011726381 0.11221974343061449 0.35458844900131231 0.10297611728310586 0.41872639954090124 10.72174644470215 11.33040761947632 6.2035467624664316 2.1397762298583989 10.582814216613771 1.2369585633277895 4.1666352748870858 10.461444377899172 0.46421742439270025 4.2268071174621591 3.7726949453353886 0.11913395673036577 4.3630783557891855 5.1957268714904794 4.4127798080444345 0.063285917043685927 0.40200768411159521 2.6735538244247441 0.48640428483486181 0.50235286355018627 0.48044863343238836 0.39029267430305487 4.1026091575622567
decision_type=2 2 2 2 2 2 2 2 2 2 2 2 2 2 2 2 2 2 2 2 2 2 2 2 2 2 2 2 2 2 2 2 2 2 2 2 2 2 2 2 2 2 2 2 2 2 2 2 2 2 2 2 2 2 2 2 2 2 2 2 2 2
left_child=1 3 -2 24 6 -6 -3 50 9 -5 -11 43 13 -13 -4 -9 17 60 19 20 -19 26 -21 -24 53 -26 -22 36 39 30 32 33 -30 51 -35 -36 38 -38 -27 -29 -41 42 -18 -7 -45 -34 49 48 -48 -37 -8 -31 -51 54 -1 57 58 -16 -57 -14 -12 -62
right_child=2 4 14 8 5 11 7 15 -10 10 16 12 59 -15 55 -17 41 18 -20 22 21 -23 23 -25 25 27 -28 28 29 31 -32 -33 45 34 35 46 37 -39 -40 40 -42 -43 -44 44 -46 -47 47 -49 -50 52 -52 -53 -54 -55 -56 56 -58 -59 -60 -61 61 -63
leaf_value=0.093505198802680212 0.00023395631905378679 0.0088992496919040927 -0.01034384342803172 0.016717858171456768 -0.03506094842041451 -0.004737436344589837 -0.050332211743421222 0.0079245377975851062 0.021808863630831926 -0.047000789325574992 0.0053205844746976212 0.019629181229422907 -0.01004862908894606 -0.0033307418545802502 -0.001826322662809564 -0.03485557536847516 -0.083882994571041258 0.010565963637944036 -0.12639160003891931 0.059483658801741661 -0.051091258026242571 -0.10584277608306025 -0.069785526752158156 0.047916078932388272 0.038946640718399386 0.044677227190966319 0.053463627433301825 0.019431995257778764 -0.10169431637579701 -0.084590925445067744 0.024594723261964622 0.021505304822924357 0.026632944162897455 -0.052206965078371519 0.038970475180649757 0.050019581524175509 0.037484589421857714 -0.0083198490151043854 -0.079345530636165756 -0.090382789526967655 0.067574249383224677 -0.00044432764962167959 0.014467309405769646 0.0044534990806294203 -0.0031189663654799136 -0.048738493575203289 -0.048366665060292524 -0.0812150391460041 0.031122450312567065 -0.011690108535964333 0.0017090035517621602 0.0058439386093244016 0.048869438368147215 -0.01486735029529917 0.00091871634578508967 -0.0061404445241913727 -0.0021809628865084836 0.0084598439998270283 -0.020646109230618215 0.0033159343439176322 -0.02908548027911902 0.032655001823604424
leaf_weight=3.3703508450416839 7927.7650653947385 1157.9584693931683 310.23433874483089 240.29886971003725 37.12926133246583 728.35863998439163 6.5677977720915797 852.26335953804664 199.11344624345656 8.8966755151996022 50.833802724577254 170.27862771647051 98.78684594843071 71.737371875438839 12223.713353870015 10.954044586047528 5.7539150739903544 12.434881460590988 1.4317738749086846 8.3906267435813771 5.7076207160134782 4.6707236900692797 3.2197099406184853 2.5980006569880061 26.835530407261103 2.2372806124621993 2.457761520636268 82.74946976848878 7.4915943805826855 6.259341422817668 8.5029292767867428 49.349222392018419 4.2476518023759153 8.9571326877921802 13.476892092265187 7.7854338036850086 44.557498831069097 13.775365956127642 3.7181596324662678 4.8962877015583208 2.8970606625080109 116.49572805785283 3.499141511390917 1010.1512494133494 753.64621193308267 12.483206678880377 4.8642444424331206 6.9820024552755049 7.2577123865485191 31.551888941554353 3053.940613030165 3.1654357072548009 5.4543799574021241 79.941243250796106 177.73989059087762 1528.1994990652893 3456.1777126694906 235.73353994026547 117.90451286401367 1729.0434650701645 4.7920304890139951 70.363215493096504
leaf_count=140 162265 21001 25731 6101 12815 48716 944 12608 3651 4529 6006 1981 1630 1238 245365 135 293 1958 29 85 346 126 159 24 180 50 21 743 141 139 49 365 33 91 71 36 275 124 196 175 4 2552 122 41793 37438 198 65 114 104 351 52926 78 59 13331 11922 54964 163926 7127 8058 13299 71 643
internal_value=-6.31361e-05 0.00350599 -0.00159073 0.00874673 0.00276894 0.00113934 0.00424378 0.00286988 0.012931 0.00966862 0.00405115 0.00143397 0.00378976 0.0128235 -0.00240013 0.00738167 0.00560315 0.0127235 -0.00746122 -0.00314804 -0.020703 -0.0509945 0.0280752 -0.0172238 0.00375054 0.00844923 -0.0196205 0.00598902 0.00235406 -0.00410198 -0.0320244 0.00219539 -0.0518997 -0.0077564 -0.00268419 0.00304888 0.0211632 0.0266678 -0.0327539 0.0150339 -0.0316646 -0.00384731 -0.0466908 -0.000522617 0.00121789 -0.0296031 -0.00452772 -0.0301735 -0.000774585 0.00641038 0.00159732 -0.0542172 -0.00276419 -0.00272006 0.00264169 -0.0022598 -0.00379358 -0.00163171 -0.00717943 0.00259363 0.0192778 0.0287183
internal_weight=36842 11042.3 25799.7 1361.51 9680.82 4599.13 5081.68 3923.73 740.958 541.844 301.546 4562 2069.85 242.016 17872 863.217 292.649 166.9 40.9111 39.4793 25.271 12.8361 14.2083 5.81771 620.547 359.496 8.16538 332.66 268.372 177.829 32.7254 145.104 24.2225 95.7545 86.3297 77.3726 64.2883 58.3329 5.95544 90.5428 7.79335 125.749 9.25306 2492.16 1763.8 16.7309 63.8957 19.104 12.122 44.7917 3060.51 9.42478 37.0063 261.051 181.11 17561.7 5102.28 12459.4 1646.1 1827.83 125.989 75.1552
internal_count=969710 302274 667436 55750 246524 158910 87614 66613 26716 23065 16964 146095 18148 3219 505171 12743 12435 9468 2748 2719 2451 493 268 183 29034 3641 367 3461 2816 1894 421 1473 372 1108 891 800 645 399 246 922 179 2967 415 127947 79231 231 729 283 169 446 53870 217 410 25393 12062 479440 226948 252492 63022 14929 6720 714
is_linear=0
shrinkage=0.05


Tree=98
num_leaves=63
num_cat=0
split_feature=6 6 6 5 4 9 9 5 9 9 6 12 4 0 10 10 9 2 12 4 4 0 9 2 10 9 7 12 0 5 4 3 3 3 5 6 5 9 6 3 0 4 7 2 2 2 10 9 9 3 5 0 2 3 7 12 4 0 9 0 5 6
split_gain=69.7414 20.8786 15.3515 15.1759 8.76759 7.8639 7.62697 7.51325 9.98614 7.45358 7.95927 7.28804 10.2817 7.62605 13.3428 11.0651 11.1006 10.3988 9.17216 11.1249 10.5309 13.0387 8.77275 8.05456 7.43393 9.4682 8.42409 7.08892 6.95537 6.93052 12.3515 8.76381 7.71526 6.82965 10.0948 6.82304 6.73356 7.10118 6.58875 9.79214 6.91084 6.39235 6.20799 6.20583 11.6707 14.069 10.9625 7.98047 12.4739 7.82837 11.433 9.03049 8.10902 7.68366 6.89554 6.66778 6.56429 6.96352 6.5139 6.18338 6.18028 6.17677
threshold=0.25249001383781439 0.37065578997135168 0.11376158893108369 1.2424533367156985 0.38653172552585607 0.37255132198333746 0.17542195320129397 3.7012257575988774 0.07028070837259294 0.2557890266180039 0.20939778536558154 0.11712741851806642 0.40615101158618933 5.1089665889739999 11.715233325958254 11.65768337249756 0.24498636275529864 0.64468553662300121 0.19018665701150897 0.40615101158618933 0.47104214131832128 5.2176458835601816 0.23730856180191043 0.65893816947937023 11.162622928619387 0.22734941542148593 0.2694301456212998 0.06827466189861299 2.5249279737472539 4.0689902305603036 0.39164464175701147 5.9202361106872567 6.0901775360107431 5.2176458835601816 1.2424533367156985 0.56405761837959301 3.5114340782165532 0.61803168058395397 0.26113043725490576 5.8274729251861581 5.0005793571472177 0.49741783738136297 0.21987935900688174 0.45641052722930914 0.41206875443458563 0.40043491125106817 9.4721269607543963 0.1248636804521084 0.13741108775138858 3.7726949453353886 2.8617925643920903 3.9019216299057011 0.49327111244201666 6.7753653526306161 0.24199707061052325 1.1943718791007998 0.37808622419834143 6.5574882030487069 0.098035763949155821 5.4445774555206308 4.7140145301818857 0.21988319605588916
decision_type=2 2 2 2 2 2 2 2 2 2 2 2 2 2 2 2 2 2 2 2 2 2 2 2 2 2 2 2 2 2 2 2 2 2 2 2 2 2 2 2 2 2 2 2 2 2 2 2 2 2 2 2 2 2 2 2 2 2 2 2 2 2
left_child=2 4 28 -3 6 -5 -2 43 -9 10 42 12 -6 23 15 16 17 18 19 -15 21 -20 -17 60 25 -22 -26 -14 -1 -30 -31 -32 -33 34 -18 -7 37 -37 39 -29 -40 -11 -10 44 45 53 59 -48 -49 50 54 -51 61 56 -45 -54 57 -4 -55 -47 -13 -52
right_child=1 3 7 5 11 35 -8 8 9 41 -12 13 27 14 -16 22 33 -19 20 -21 24 -23 -24 -25 26 -27 -28 38 29 30 31 32 -34 -35 -36 36 -38 -39 40 -41 -42 -43 -44 49 -46 46 47 48 -50 51 52 -53 55 58 -56 -57 -58 -59 -60 -61 -62 -63
leaf_value=-0.012984040875526077 -0.026283711723196091 -0.0096311109362223375 0.0019588260202024073 -0.013404851167620722 0.025020119624537807 -0.0020727923786140992 -0.0013293129991390127 -0.021481532274091913 0.0018674222136912562 0.00099936168655367897 -0.0054610224171766693 0.0016487227475670706 -0.0020136579210845032 0.035544757193799126 -0.0056678619888924251 0.031813772768441113 -0.043155693074737538 -0.024308009746091815 0.067508632798369925 -0.039352124717938822 0.036262724000088467 -0.010681636669465045 0.0059317825862040818 0.010369920037506884 -0.040002729702792478 0.0015790822753069826 0.013040743484853118 0.016543851177435731 0.02301131275101035 -0.0031120723504816606 0.024418976857169421 -0.041253521991550461 0.010044167746349515 0.00077299997811717364 -0.0024542393704007782 -0.051229479106046971 -0.0031151157252769911 -0.013583473853646692 -0.0019219677181165143 -0.061660299019879287 0.011353308027615687 0.012754630670243215 0.062459849150404902 0.019245582937269457 -0.0049183473277129063 0.0010779659154280007 0.042523517533705445 -0.057076864031709112 0.020089329952391505 0.032915709279245475 -0.042424370472925702 0.0063446894873114279 -0.088191459792376747 -0.063310151408888293 -0.029809909619738357 -0.018007397180647353 0.010958048735550039 0.029947456651007672 -0.0089119407364961281 -0.079321667768893322 -0.020118851344616089 0.029383446370038799
leaf_weight=27.463816463234252 30.704852768001729 875.29725561043597 1421.7428562507266 166.79444588539627 59.051128803490428 6903.9606131807595 11014.258551375668 48.088478749585192 1354.221626472674 219.1817275606445 475.27708384279686 2824.6481047858979 354.64845117356163 5.8792053145880336 1161.8111187392788 35.91947581434215 21.836297710891813 80.383539847447537 5.4885232516389797 31.642839851701865 39.798464173843968 186.65863782570523 369.89245423930697 274.11761941842269 13.220377524499783 38.919175044400617 17.254034450394101 7.6317207172396619 128.78286833089078 130.77482462819171 142.01312321220757 7.6410980218206523 179.94625767268008 3505.2034918931313 50.386208107462153 13.712993091437964 204.84484710506513 144.78824259265093 130.51846364414087 8.4177654790692014 393.91416688247409 244.8245346697513 4.2404536137764799 27.963692655321211 417.12231691379566 6.0000159146729839 38.503668847784866 5.5753349845763287 86.322341542690992 32.407162479474209 5.8865725647774543 2407.9027698337741 8.9275040496431739 6.1256553675266323 9.6308143881615234 5.4500191104598334 264.94092735902814 22.576042565633543 54.153415924491128 3.9762471602298319 32.989104373889859 6.0960222959984094
leaf_count=5733 10743 22132 68959 16002 607 253692 310873 15149 48845 11395 23016 27907 1697 55 15328 196 134 593 36 301 343 1730 2529 1556 116 261 142 58 2934 15887 1438 159 1763 34573 588 952 20474 12235 816 91 2214 1563 286 163 5521 78 394 94 940 267 79 18436 104 426 74 53 2889 553 1936 66 1275 60
internal_value=-0.000158407 -0.00128675 0.00404074 -0.00340383 -0.000436715 -0.00267062 -0.00139869 0.0033903 0.00106868 0.00154062 0.000108119 0.000664289 0.00481242 0.000209132 -0.000901698 0.000356088 -0.000442665 -0.00814008 -0.00430478 -0.0276168 -0.00140203 -0.0084482 0.00822267 0.00218278 0.0109972 0.0191146 -0.00997052 0.00347933 0.0116115 0.012758 0.00988981 0.0150485 0.00795463 0.000459409 -0.0147602 -0.00242426 -0.00910248 -0.0168405 0.00708366 -0.0244733 0.00804942 0.00720182 0.00205656 0.00451756 0.00265858 0.00431336 0.0195495 0.0234142 0.0154077 0.00624499 -0.0110234 0.00669755 -0.03627 0.00310468 0.00667874 -0.0615871 0.00372341 0.00239631 -0.01444 -0.030967 0.00139743 -0.00589288
internal_weight=36798.4 29004.6 7793.76 8309.4 20695.2 7434.1 11045 7177.14 2345.83 2297.75 1833.74 9650.23 954.182 8696.05 5564.29 4402.48 3996.67 419.245 338.861 37.522 301.339 192.147 405.812 3131.75 109.192 78.7176 30.4744 895.131 616.622 589.158 460.375 329.6 187.587 3577.43 72.2225 7267.31 363.346 158.501 540.482 16.0495 524.433 464.006 1358.46 4831.3 2327.04 1909.92 140.378 130.401 91.8977 2504.26 63.9546 2440.31 26.3601 1769.54 37.5945 14.3775 1709.26 1444.32 60.2791 9.97626 2857.64 11.9826
internal_count=969509 740249 229260 325487 414762 303355 321616 201346 100254 85105 72147 93146 5483 87663 56925 41597 38872 3577 2984 356 2628 1766 2725 30738 862 604 258 4876 27914 22181 19247 3360 1922 35295 722 287353 33661 13187 3179 149 3030 12958 49131 101092 81856 76335 1572 1428 1034 19236 533 18703 296 74763 237 157 72401 69512 2362 144 29182 139
is_linear=0
shrinkage=0.05


Tree=99
num_leaves=63
num_cat=0
split_feature=6 6 6 5 0 6 9 5 9 9 8 4 4 5 9 5 13 3 4 8 8 12 5 8 2 9 2 5 4 12 13 4 5 4 0 13 8 5 2 8 5 3 5 3 6 4 4 5 2 13 13 10 12 12 13 5 2 4 3 3 8 13
split_gain=75.0161 22.4708 16.3146 24.3367 8.41615 8.15103 7.44476 7.18816 8.17471 7.88339 7.13798 6.94991 6.73512 6.58757 8.02404 6.38934 6.64705 6.18376 8.12728 5.68953 6.44393 8.55607 7.78631 5.33341 5.28462 5.22863 5.75665 8.20813 11.0507 9.25122 7.37102 5.34929 5.17914 9.27778 7.94993 15.6438 7.46966 6.89302 8.67272 5.7674 10.9736 6.832 6.65767 9.01463 8.77868 9.39702 6.98621 5.69848 5.63751 5.28669 9.71593 8.56861 7.13917 9.96911 22.1653 7.85423 7.53175 5.83 5.13828 15.3573 5.65993 5.08324
threshold=0.26882018148899084 0.13008482009172442 0.37711146473884588 1.8688347935676577 2.5249279737472539 0.54885500669479381 0.19954100996255877 4.3107767105102548 0.10829129815101625 0.33532649278640753 0.47583316266536718 0.26575297117233282 0.42332686483860021 3.7494349479675297 0.60312664508819591 1.2424533367156985 0.14563074707984927 5.1089665889739999 0.50123339891433727 0.3024751096963883 0.34794856607913976 0.084132526069879546 4.610145330429078 0.31044444441795355 0.69798648357391369 0.28051759302616125 0.48647108674049383 1.4978661537170412 0.41198657453060156 1.5042868256568911 0.5027308762073518 0.27594390511512762 4.0689902305603036 0.32187660038471227 6.3035337924957284 0.19749954342842105 0.067793045192956938 5.4359006881713876 0.51752418279647838 0.067793045192956938 4.2121002674102792 8.1266660690307635 5.1503930091857919 6.9221508502960214 0.047675048932433135 0.58086121082305919 0.46614517271518713 3.6762205362319951 0.5204979181289674 0.19749954342842105 0.23605478554964068 12.044233322143556 1.4847240447998049 1.1678547859191897 0.28521916270256048 4.49422311782837 0.55561751127243053 0.3979411125183106 6.7280302047729501 6.6086750030517587 0.12984742224216464 0.14363770186901095
decision_type=2 2 2 2 2 2 2 2 2 2 2 2 2 2 2 2 2 2 2 2 2 2 2 2 2 2 2 2 2 2 2 2 2 2 2 2 2 2 2 2 2 2 2 2 2 2 2 2 2 2 2 2 2 2 2 2 2 2 2 2 2 2
left_child=1 4 6 10 -1 17 -2 9 -9 11 15 -3 25 14 -7 16 -4 18 -5 24 21 -21 -23 -11 -19 26 27 28 -8 30 31 -29 36 -34 49 37 -6 38 -36 40 -37 42 43 46 -44 -46 48 61 -42 -35 51 -51 53 -52 55 -55 -57 -53 59 -41 -60 -38
right_child=2 7 3 5 32 13 12 8 -10 23 -12 -13 -14 -15 -16 -17 -18 19 -20 20 -22 22 -24 -25 -26 -27 -28 29 -30 -31 -32 -33 33 34 35 39 47 -39 -40 58 41 -43 44 -45 45 -47 -48 -49 -50 50 52 57 -54 54 -56 56 -58 -59 60 -61 -62 -63
leaf_value=-0.0099564199723093799 -0.019479707355933781 -0.0010167819132092639 -0.059850238197014842 -0.0011691754235390356 0.029592668230253201 -0.041070432421821366 0.0023035403141406052 -0.031770536712307978 -0.00021142063729081754 0.014798067491688256 -0.019048765137815435 0.003908559108210201 0.00070040991297315057 -0.00055240776348115057 -0.010286164201577026 -0.0038971225589486316 -0.010095473481579515 -0.010106690437174659 0.0058355725408477995 0.037690464116677536 -0.0026861670615033477 0.0050491090160701482 -0.043027725620447023 -0.011823196649392815 -0.045688597438778095 -0.0017611882864794288 0.0062238734204424313 -0.0085850857111644512 -0.03577915988447735 -0.013216392679935077 -0.011516660953312545 0.0040061030176194229 -0.0047657898897564936 0.035841313708711908 -0.003667931306278991 -0.069999252771542411 0.055539237363857664 0.037867144632968301 -0.10423490865325247 0.013837831730934506 0.013474393755767472 0.035645157726955499 0.026396804556048717 -0.015110278829574435 -0.090669044686511213 0.027095464379613868 0.036967800675440358 0.0044095161502427658 -0.070766226777834507 -0.072128997790243982 0.01849260104916502 -0.067519697356229397 0.045399271434618006 0.040771148024739981 -0.10994411564191198 0.0094636847780509483 -0.082401461663532294 0.019831497362597348 0.026878037028772468 -0.084098257463965209 -0.0042021764095769177 0.017281112442402595
leaf_weight=45.196521164823935 51.573455425364955 809.13939221576584 6.7679350031539789 1264.1074828984201 90.073156279278919 22.99510025831114 1625.8753360265691 20.958436126107699 979.35634643283265 220.90445591331809 149.49680817987246 6236.8785795887234 7706.5904342983558 180.10485206867452 266.37629926076625 655.55725721328054 823.08322773434338 72.137139757105615 615.82743168144953 19.465440535001107 3226.5199025015972 201.86041497085171 8.7883528154052311 20.565854929853231 12.199847661424426 9365.7886150097038 401.26645988947712 105.57878874610469 19.275009830482304 212.41248010919662 137.83899242535699 419.58866578996822 95.759348467719974 34.335166713775834 3.2791553088463825 5.4557928922586134 9.5893702781759185 1.7783873723819841 6.1917728424887173 22.049702793214241 5.8227881364291516 13.627398130251093 4.0418398454785338 31.357038258924149 6.9604657685267721 2.2388051161542535 23.253049667924643 108.41154355928302 3.0140451358165592 5.5701305466354851 212.22237292022328 2.3740422584814942 21.052416160411667 9.6450060680508667 4.9315870561986221 6.3532314275507797 3.4388714962406084 9.7758940791245532 75.395653982879594 4.8907040590420356 18.180308578186668 91.7849310208112
leaf_count=8566 12664 59303 123 93318 2162 1898 28962 9549 41224 3638 7428 109961 64122 18716 22566 19219 20772 3205 7142 314 104412 6437 610 452 121 251942 5289 7265 172 8494 7687 13235 17254 522 135 109 43 61 138 269 172 101 123 450 239 11 101 2365 82 168 3574 170 255 85 113 155 74 117 639 92 271 1648
internal_value=5.5539e-05 0.00394769 -0.0012525 -0.0032376 0.0111153 -0.00173959 -0.000507288 0.00310183 -0.000872642 0.00364739 -0.00863475 0.00334295 -0.00045835 -0.00805983 -0.0127325 -0.00758664 -0.0105013 -0.00119223 0.00112543 -0.0024227 -0.00210964 0.00597414 0.00304332 0.0125308 -0.0152538 -0.0011851 0.000661501 -0.00022401 0.00185735 -0.00413546 -0.00122613 0.00147479 0.0121362 0.00957205 0.0121277 0.0050317 0.0175492 -0.0524551 -0.0694152 0.00802164 -0.0011374 0.00302242 -0.00277461 0.00395553 -0.0350232 -0.062009 0.0225859 0.0123782 -0.0152582 0.0173411 0.0150344 -0.0207782 0.0174974 0.0150147 -0.0152739 0.00874589 -0.0227983 0.00276347 0.0153001 -0.00394128 0.0208397 0.0209001
internal_weight=36836.9 9265.85 27571.1 7525.29 978.05 5890.38 20045.8 8287.8 1000.31 7287.49 1634.91 7046.02 19994.2 469.476 289.371 1485.41 829.851 5420.91 1879.93 3540.97 3456.63 230.114 210.649 241.47 84.337 12287.6 2921.84 2520.57 1645.15 875.419 663.006 525.167 932.854 632.995 537.236 227.537 299.859 11.2493 9.47093 216.288 95.7712 90.3154 76.688 63.4469 13.2411 9.19927 32.0899 209.786 8.83683 309.699 275.364 17.7201 257.643 236.591 24.3687 19.4371 9.7921 12.1499 120.516 26.9404 93.576 101.374
internal_count=970504 264391 706113 306281 40264 258739 399832 224127 50773 173354 47542 169264 387168 43180 24464 40114 20895 215559 100460 115099 111773 7361 7047 4090 3326 323046 71104 65815 29134 36681 28187 20500 31698 25480 8226 2993 6218 334 273 2659 1388 1279 1178 805 373 250 355 4056 254 5233 4711 455 4256 4001 427 314 229 287 1271 361 910 1691
is_linear=0
shrinkage=0.05


Tree=100
num_leaves=63
num_cat=0
split_feature=7 7 6 5 5 5 3 2 10 10 7 5 4 13 10 3 8 13 5 2 13 8 8 6 2 12 10 12 4 5 10 7 13 10 5 6 12 10 5 6 5 5 5 6 7 10 2 6 10 4 2 3 5 13 12 8 0 2 4 0 12 5
split_gain=73.1261 18.7121 10.6074 16.8158 9.85484 7.76453 7.65812 9.69153 7.65229 10.5124 7.36933 11.9025 8.84127 8.44938 7.64937 7.49862 7.93235 7.34513 7.27782 7.16253 7.11108 12.2284 13.3097 10.7505 11.4143 13.5433 10.1944 9.70212 6.84869 8.8316 7.4498 6.72395 6.70481 8.49799 11.3634 8.09776 7.45633 9.53922 6.69543 6.68753 6.40123 8.56748 6.3982 12.4714 6.33452 6.29763 5.87927 6.22123 7.314 5.85308 7.25816 6.38221 5.842 5.80056 5.77843 5.70899 5.70541 6.76839 8.35359 9.53503 5.65394 6.17137
threshold=0.28054267168045049 0.20509669184684756 0.36479067802429205 1.2424533367156985 2.3502402305603032 2.8029010295867924 3.7256208658218388 0.52873674035072338 8.8223190307617205 1.0000000180025095e-35 0.10166926681995393 3.4811217784881596 0.37443876266479498 1.3392080068588259 12.909163951873781 5.570249319076539 0.19294874370098117 0.14138512313365939 4.1971738338470468 0.53519186377525341 0.28290329873561865 0.13282252848148349 0.11393573880195619 0.21290446072816852 0.53173133730888378 0.92640733718872081 9.489295959472658 1.1943718791007998 0.3937548696994782 2.6735538244247441 9.0489382743835467 0.18036716431379321 0.30742745101451879 8.9154319763183612 3.65057384967804 0.15856875479221347 1.2230020165443423 11.535933971405031 2.9700856208801274 0.61218437552452099 5.5114085674285898 5.3351285457611093 2.6735538244247441 0.44622917473316198 0.42367811501026159 11.33040761947632 0.52447485923767101 0.24667318165302279 9.6181030273437518 0.54318663477897655 0.62736389040946972 3.3497501611709599 3.4175922870635991 0.30981232225894934 0.06827466189861299 0.61225485801696788 5.5548937320709237 0.4904573261737824 0.45430287718772894 3.9019216299057011 0.06827466189861299 2.4414010047912602
decision_type=2 2 2 2 2 2 2 2 2 2 2 2 2 2 2 2 2 2 2 2 2 2 2 2 2 2 2 2 2 2 2 2 2 2 2 2 2 2 2 2 2 2 2 2 2 2 2 2 2 2 2 2 2 2 2 2 2 2 2 2 2 2
left_child=1 4 44 -4 -1 -3 7 17 9 -5 18 13 -13 15 32 16 20 -6 -8 46 23 22 26 24 25 -12 -22 -26 30 -30 38 -29 35 34 -34 -14 -37 -38 -19 42 41 -21 43 60 -2 -18 -7 -48 -49 51 55 -44 -41 -43 -40 -51 57 58 59 -27 61 -10
right_child=2 5 3 8 6 19 10 -9 39 -11 11 12 14 -15 -16 -17 45 28 -20 40 21 -23 -24 -25 27 56 -28 31 29 -31 -32 -33 33 -35 -36 36 37 -39 54 52 -42 53 49 -45 -46 -47 47 48 -50 50 -52 -53 -54 -55 -56 -57 -58 -59 -60 -61 -62 -63
leaf_value=0.036980903436763024 -0.00083999124328313019 0.0032876331602539814 -0.0096404853495354256 -0.034135998801040852 0.072234497297149189 -0.0017562509695383741 0.025197895559615647 -0.067682182035712843 -0.012773649980967925 0.0063238478895231683 -0.046130928176757915 -0.0027988009333387493 0.015099572347057166 0.027720317624708626 -0.053609546559977732 0.005552265402177803 0.011328636335746838 0.047754000551672088 0.009316776981477419 0.0024791043497967044 -0.055716112789991938 0.023829542089159314 -0.022876356919511523 -0.089673401850581355 0.010261646185751162 0.039272720451375309 0.030324479519292614 -0.021541567557485271 -0.040747419560716126 0.013630403430942621 -0.0045169418143480456 -0.094528032005525148 -0.03373824815331964 0.00034472558397088683 0.019031946325216126 0.013243118885823435 -0.055164185652002984 -0.00057607164854848872 -0.034674468309822674 -0.029282482321639713 0.049549682012727678 0.011376850141993649 0.003100189331092696 -0.010726572781987624 0.033168489997886783 0.041047708854105115 -0.033471717393865029 -0.061143066726534884 0.0086038898512724102 0.0076375738949405027 -8.5004080122624777e-05 -0.0033081703218707371 -0.0068584090965690611 -0.095832548387052949 0.023020897551645363 0.039523175398468134 0.070112340203587156 0.039326912988295423 -0.081808740090655641 0.00015484393520247297 -0.0022359055966972236 -0.067176792282647224
leaf_weight=25.579764761034312 17135.35937197075 3755.3279288832273 849.16803421484656 16.774435898667434 3.6001616581925182 1595.0261232307166 95.341199482354568 5.1768959753680965 32.278596150339581 373.9977566573798 9.8122596731991489 442.16203390925148 313.0665906015347 61.938456990930717 5.4877105333143836 707.87906881116214 30.2996575445286 13.286009446077516 296.45440152930678 1439.0207081634762 3.8738700335379681 162.67975221585948 35.141088713076897 3.1127852485515168 9.0793539527803677 20.508519012422767 30.927525377715938 6.4036481231451017 7.9368518148548892 126.08263896519202 383.419593964456 6.2213257011026144 11.181420296430586 679.08219916853704 116.42393101740163 114.31955962642678 8.4292222814401594 158.29899230200681 6.9785501719306948 40.973487375304103 7.185044410347472 1.9119696496782115 455.32012630252575 585.59739690698916 13.703348363400435 43.299213444639463 30.631143565187813 4.3968012987170395 25.901969980652211 211.71567062630493 1084.0096491868026 2648.3869891680406 99.768208211113233 3.7094380173657555 11.477090681029948 15.035082221380433 4.5273917233571401 19.669374004937708 2.5772183071821919 64.79669066570932 2273.0313110921561 6.2168201534077516
leaf_count=209 334415 60866 22343 4256 53 83685 2124 78 552 2830 200 41934 2731 976 129 7783 603 389 12630 17419 176 2656 917 48 51 337 698 57 89 1745 39648 55 63 9480 556 1223 136 2510 1719 3547 126 97 35314 32966 251 484 742 65 654 2605 13032 148272 10518 116 653 458 32 140 24 1440 60354 93
internal_value=-8.48569e-05 0.00334775 -0.00153403 -0.00295691 0.00604452 0.00175771 0.00584772 0.000411563 -0.00223329 0.00458705 0.00672359 0.00589977 0.00336814 0.00972688 0.00530714 0.00876679 0.0137907 0.00104927 0.0131814 -9.09822e-05 0.0108761 0.0163127 -0.00117062 0.00225572 0.00424851 0.010197 0.020747 -0.0291585 0.000582618 0.0104101 -0.00258981 -0.0575078 0.00553795 0.00256931 0.014408 0.00956876 0.00340784 -0.00333586 0.0206888 -0.00259092 0.00247259 0.00223844 -0.00238311 -0.00420889 -0.000812816 0.0288128 -0.00233854 -0.0175817 -0.00151743 -0.00118489 0.00161668 -0.00236805 -0.0133866 -0.0593682 0.0012048 0.0097518 0.0151284 0.0128139 0.00687987 0.00955931 -0.00255771 -0.0215595
internal_weight=36751 10909.6 25841.3 8692.27 4046.53 6863.11 4020.95 557.958 7843.11 390.772 3462.99 3071.2 1848.45 1222.75 1406.29 1160.81 452.93 552.781 391.796 3107.78 379.331 232.622 69.9425 146.709 143.596 121.891 34.8014 21.7043 549.181 134.019 415.161 12.625 1400.8 806.688 127.605 594.114 281.048 166.728 31.7417 7452.33 1451.83 1444.64 7311.59 2897.12 17149.1 73.5989 1655.96 60.9299 30.2988 4414.47 1310.76 3103.71 140.742 5.62141 18.4556 226.751 112.079 107.552 87.8824 85.3052 2311.53 38.4954
internal_count=970352 298546 671806 337140 134776 163770 134567 44374 314797 7086 90193 75439 58762 16677 16828 15701 7918 44296 14754 102904 6831 4447 1791 2384 2336 2173 874 163 44243 1834 42409 112 16699 10099 619 6600 3869 2646 2761 307711 17758 17632 293646 93965 334666 1087 85146 1461 719 199681 16095 183586 14065 213 2372 3063 1973 1941 1801 1777 60999 645
is_linear=0
shrinkage=0.05


Tree=101
num_leaves=63
num_cat=0
split_feature=6 7 6 5 2 4 7 4 5 7 4 4 3 7 5 13 13 13 0 10 13 0 12 12 12 3 0 6 12 10 5 13 3 2 2 2 2 3 3 3 4 6 8 4 3 2 5 8 5 12 0 13 2 0 13 10 3 10 10 3 10 6
split_gain=67.5609 30.2911 8.99543 11.3089 8.30883 8.26551 14.5582 7.82939 7.54458 7.42738 7.06606 6.92705 6.60483 6.48815 10.2331 11.77 8.97064 19.6369 12.2926 11.4748 10.3812 13.0379 10.2319 7.60458 9.99989 7.44971 9.13836 8.09845 7.42747 8.82965 7.2988 9.83804 8.12463 7.46568 9.49833 7.23105 7.97641 7.2277 6.68578 8.10895 6.59074 6.39318 6.34684 6.11086 6.36427 7.62573 11.9555 9.41465 7.88886 6.03868 8.64758 14.2272 18.2252 9.93538 7.93115 9.97457 9.48018 8.20631 7.84338 10.2761 9.75199 9.57581
threshold=0.29702274501323706 0.1363976672291756 0.40200768411159521 1.8688347935676577 0.44452627003192907 0.60228624939918529 0.38543431460857397 0.46045906841754919 4.5798392295837411 0.31710684299469 0.057706220075488097 0.16395911574363711 7.6755433082580575 0.2104606777429581 2.2499048709869389 0.14761302620172503 0.19575417041778567 0.24826586991548541 4.4601275920867929 11.725808620452883 0.15488148480653766 3.3497501611709599 0.91532614827156078 2.6933020353317265 0.99999728798866283 6.974010944366456 4.7664294242858896 0.28050477802753454 1.4109776020050051 11.869627475738527 3.113268375396729 0.55362844467163097 5.7667560577392587 0.4424723088741303 0.55103105306625377 0.3586773425340653 0.71005317568779003 7.2338161468505868 6.9943916797637948 4.9452011585235605 0.21322142332792285 0.19261258840560916 0.19512973725795749 0.54318663477897655 4.9452011585235605 0.62736389040946972 4.1971738338470468 0.24393695592880252 3.3497501611709599 0.4201971590518952 4.3502571582794198 0.4203601479530335 0.51562729477882396 4.0859410762786874 0.33017480373382574 11.115688800811769 3.7256208658218388 11.045327186584474 10.048777580261232 5.9571309089660653 9.778717517852785 0.26445811986923223
decision_type=2 2 2 2 2 2 2 2 2 2 2 2 2 2 2 2 2 2 2 2 2 2 2 2 2 2 2 2 2 2 2 2 2 2 2 2 2 2 2 2 2 2 2 2 2 2 2 2 2 2 2 2 2 2 2 2 2 2 2 2 2 2
left_child=1 4 5 -4 7 -2 -7 8 12 10 -3 -5 -1 30 15 38 20 18 22 49 23 -22 -18 24 -17 26 27 -20 29 -16 31 35 -33 40 -35 -12 -37 -27 39 -15 -34 -42 -26 -30 -45 48 -47 -48 -46 50 53 52 -52 -19 55 56 -51 -56 60 -60 61 -53
right_child=2 9 3 11 -6 6 -8 -9 -10 -11 13 -13 -14 14 28 16 17 19 25 -21 21 -23 -24 -25 42 37 -28 -29 43 -31 -32 32 33 34 -36 36 -38 -39 -40 -41 41 -43 -44 44 45 46 47 -49 -50 54 51 58 -54 -55 57 -57 -58 -59 59 -61 -62 -63
leaf_value=0.0075783103393346138 -0.0012983731710420774 -0.032742928409153285 -0.009713614615675074 -0.019585855448577643 0.013509625921111393 0.00099912024739197696 0.018565355496289983 0.032254843957729144 -0.010683030250732356 0.027995141237509343 -0.0011989230318523291 -0.0023082612653874722 -0.059253511595480361 0.043676032016092145 0.00047357216835270288 -0.05335216737257216 -0.020711079317357314 -0.0030920431430455403 0.014568264104890675 -0.0076284973270329117 0.0006127445021045265 -0.019535564523709248 0.043980611806673127 -0.0053889230534538927 -0.021939502217272124 -0.051302627838793691 0.019259902016351874 -0.049829551705167993 -0.0050105800753282269 0.011003785674175611 0.0024001347700331661 0.027363158632117798 0.022265980753282365 0.040964829480583199 -0.0072277495084751538 0.009130077885592584 -0.038271609189485092 0.0021255877712243738 0.045477077959184854 0.0026596103464002993 -0.10497609220753878 -0.021306860568005952 0.021446091676282485 0.025089423338352391 -0.069884572265819705 0.01505129459725358 -0.065621810895448704 0.0041617200300921361 -0.0039911829112218838 0.0022984108207688122 0.041595303862362647 -0.01151460143014451 -0.0024116888603985427 -0.037460034235719045 0.0081738159763555043 0.0047618860702040716 -0.03267855985355915 0.025596594738906422 0.0038021128599186535 -0.020268880956783433 0.023723659561872654 0.0073992333860851724
leaf_weight=264.04837386367217 17305.967483407367 14.528239471852428 624.15458378148469 58.77771301271423 791.13332833623281 902.4574969279347 135.68039656523615 23.730969277326949 82.096907966013532 27.767802470349125 282.097201548866 4456.3815617205764 3.7493725558160795 16.387356476625428 3862.1056339923889 5.183351674117147 6.9006998124532393 360.61691509198863 9.9914843272417802 241.26381696888711 177.10138869786169 146.88267250085482 53.493794367357623 83.723256249213591 9.2161252470687014 7.8530424740165463 165.45760035072453 9.5467225993052107 976.43193222944319 209.89032731836778 2170.2022701566748 102.07202256971505 4.7808870364679015 18.792129694018513 22.424570660106838 615.41157527035102 9.0046776775270683 32.636561262886971 22.239094740711153 45.527918021194637 3.3941372591070813 6.9747299170121551 98.773105779429898 33.406079411972314 7.1698427018709507 76.127235546708107 9.1926956097595411 10.19176176516339 12.394299454987047 41.880334822344594 53.388520524604246 94.363261051708832 42.063597099389881 22.331083660130389 400.08125714794733 904.64596695959335 36.047391448053531 81.323345027980395 95.774504863074981 82.558364110882394 60.768565747071989 230.10434495686786
leaf_count=18824 379658 5388 23998 14809 10326 4563 683 234 16411 789 12260 199428 209 132 104639 32 76 11139 73 3772 5675 2043 463 1029 119 76 944 65 34977 4547 75939 2117 273 89 101 4730 56 241 121 276 74 107 893 166 40 343 59 58 92 1556 473 957 208 567 6192 11807 556 789 834 585 621 2009
internal_value=5.53602e-05 0.00290607 -0.0015564 -0.00340522 0.0106075 -0.00103843 0.00329496 0.00446241 0.00257744 0.00216548 0.00210613 -0.00253318 0.00664261 0.00214808 0.0014466 0.00348038 0.00304275 0.00408375 0.0165552 0.00278595 -0.00301901 -0.00852177 0.0365889 0.00603557 0.0144872 0.0111894 0.0154411 -0.0168977 2.28368e-05 0.00101635 0.00406379 0.00745405 0.0189492 0.00371277 0.0147449 0.00544495 0.0084465 -0.00823693 0.0219619 0.0135156 -0.0263015 -0.0486951 0.0177434 -0.00357351 0.00587679 0.000299438 0.00612477 -0.0289317 -0.0281397 0.00378861 0.000879272 0.00435151 0.0222024 -0.00509617 0.0058593 0.00328332 -0.013881 0.011117 0.00132809 -0.00734144 0.00534138 0.00189862
internal_weight=36760.7 13277.2 23483.4 5139.31 1164.76 18344.1 1038.14 373.626 349.895 12112.5 12084.7 4515.16 267.798 12070.2 8835.04 3638.13 3553.97 3033.09 285.88 2747.21 520.88 323.984 60.3945 196.896 113.173 225.485 184.996 19.5382 5196.91 4072 3235.15 1064.95 158.438 56.3665 41.2167 906.513 624.416 40.4896 84.1544 61.9153 15.1498 10.3689 107.989 1124.91 148.482 115.076 95.5117 19.3845 19.5641 2505.95 1041.97 659.021 95.4521 382.948 1463.98 982.574 77.9277 481.405 563.569 178.333 385.236 324.468
internal_count=970310 347171 623139 238235 46004 384904 5246 35678 35444 301167 300378 214237 19033 294990 199244 54323 53794 44003 1938 42065 9791 7718 539 2073 1044 1399 1082 138 144921 109186 95746 19807 2761 644 190 17046 4786 317 529 408 454 181 1012 35735 758 592 460 117 132 38293 17393 5687 681 11706 20900 13919 2112 6981 5006 1419 3587 2966
is_linear=0
shrinkage=0.05


Tree=102
num_leaves=63
num_cat=0
split_feature=7 6 6 4 2 10 12 8 9 4 4 0 0 9 4 9 1 4 6 9 10 4 1 12 2 12 9 6 12 13 9 0 4 10 9 1 9 0 9 9 4 4 13 12 6 0 4 12 6 8 4 0 9 12 12 8 12 8 13 9 4 9
split_gain=74.6052 14.4721 11.6915 7.62551 8.70538 9.18673 7.17539 8.23777 8.02463 8.85887 14.4975 8.1442 10.3136 12.5479 8.30006 7.86686 7.30648 6.87755 6.8591 8.30561 6.82354 6.78338 6.55483 6.53778 6.30485 9.04567 9.51814 6.18439 14.5709 9.81968 8.99774 9.47941 8.22165 6.28495 8.74477 7.54957 6.30071 6.1448 6.10307 8.72355 7.61632 6.42852 5.92615 5.91233 10.9773 7.9356 8.53112 6.73731 6.45955 9.64708 5.85996 6.74999 6.71868 12.7299 9.55109 20.0339 11.4914 7.99727 5.83189 5.81632 5.79381 5.69571
threshold=0.28054267168045049 0.13008482009172442 0.33609920740127569 0.36987176537513738 0.4291182160377503 8.7296881675720233 1.0301833748817446 0.41121670603752142 0.19661762565374377 0.51209816336631786 0.49741783738136297 5.830414056777955 6.7884085178375253 0.10829129815101625 0.50377199053764354 0.17925535887479785 0.42367811501026159 0.070654816925525679 0.26882018148899084 0.23203529417514804 11.649425506591799 0.41509114205837255 0.6109130084514619 2.6933020353317265 0.45235520601272589 0.12397108227014543 0.24210239201784137 0.21497888118028644 0.94700142741203319 0.28642816841602331 0.13116636127233508 4.1026091575622567 0.45795276761054998 11.649425506591799 0.057239284738898284 0.42994327843189245 0.19217444956302646 2.5249279737472539 0.20401369035243991 0.34790506958961492 0.43907111883163458 0.37443876266479498 0.19787539541721347 0.11357812955975534 0.18615420162677768 4.1510088443756112 0.37692382931709295 1.7482678890228274 0.20738079398870471 0.22557876259088519 0.38653172552585607 5.5194568634033212 0.15933437645435336 0.31164753437042242 0.3563541322946549 0.24045157432556155 0.52960887551307689 0.1964862868189812 0.14229624718427661 0.15662613511085513 0.057706220075488097 0.18724904954433444
decision_type=2 2 2 2 2 2 2 2 2 2 2 2 2 2 2 2 2 2 2 2 2 2 2 2 2 2 2 2 2 2 2 2 2 2 2 2 2 2 2 2 2 2 2 2 2 2 2 2 2 2 2 2 2 2 2 2 2 2 2 2 2 2
left_child=1 37 18 60 5 -5 8 -8 9 10 27 -12 14 -14 -13 -15 42 -4 -2 -20 -9 -18 -11 -19 25 -23 -27 33 30 -30 31 -29 -33 34 -6 -35 -36 -1 40 41 43 -40 -10 44 -7 46 -45 -47 -46 -50 -32 61 53 -53 -54 56 -56 -58 -21 -24 -3 -52
right_child=2 3 17 4 6 38 7 20 16 22 11 12 13 15 -16 -17 21 23 19 58 -22 24 59 -25 -26 26 -28 28 29 -31 50 32 -34 35 36 -37 -38 -39 39 -41 -42 -43 -44 45 48 47 -48 -49 49 -51 51 52 54 -55 55 -57 57 -59 -60 -61 -62 -63
leaf_value=-0.0083043916254676546 0.03372284623612367 -0.0347768816492132 -0.034020447709699829 0.024851073824981432 -0.060506511324050521 -0.05910220297293417 0.0060117273299956104 -0.0016739262291057926 0.06910685121198383 0.0081859460621784893 -0.047944964416899556 -0.012818446898837467 0.024614385146827358 -0.029014958360853611 0.036692752192802457 -0.081979784867239003 0.034662351284041867 -0.0018679322602723548 -0.015116440186635372 -0.018638306560214406 -0.093550960064636632 0.00077016142045736391 -0.020802316168328713 -0.0068525547218672919 0.0054394910540480727 -0.078803311962869868 0.0028192650358856031 0.049244755258766398 -0.080051284483715845 -0.00044283432098882837 0.021472391471983557 -0.071402231306215175 0.0033356580125910983 0.048679471912133038 0.0023116388321837759 -0.0043110610434864242 -0.034401694309278634 0.010353899052433641 0.025639117704704679 0.031390916735755302 0.026567734788225383 -0.002615252916408978 -0.0040936460006235527 -0.038144075759220734 0.041154912659559478 0.033327716951419069 0.0087785387560122882 -0.027604240927115609 -0.056838460184766307 0.0099439548133335581 -0.027868937152362706 -0.05529578868144526 0.021432818461858481 0.0048531516217888114 -0.042717735450714445 -0.051454598780669505 -0.013839253578653208 0.03740827920426066 0.00033958896422621866 0.0037732642002814886 0.0014102935025458586 0.0072416632646027899
leaf_weight=46.362975110199841 15.188267573656047 11.092544088027351 16.856871780713846 82.190600033442024 5.7991911566205081 8.7247957277577353 1942.6786140897748 4.3406597368884814 2.7919469820335499 327.36742716618755 22.574765279918211 21.975474524893798 8.8723547132103686 30.569716536207125 13.768095093546433 9.0970841911621374 19.345191840082407 16437.846602354144 88.846096203160414 40.673531171953073 3.7812975717970403 38.075564247556031 41.365564632113092 685.2401376001435 1614.5346763129346 8.710311768576501 6.0541974185034624 2.802277582006357 11.095772053464318 5.9512927272589868 24.21238434035331 12.657014290543886 5.1880506180750663 15.190129086113304 423.87874872371322 12.056296428432686 12.017753395019097 914.96004762007215 21.788294431404211 23.230052885483019 67.595790786712314 264.77554510091431 285.74904951022472 10.123036853008669 8.6211509086424467 50.219534505071351 224.80352260378277 4.9871820873522656 7.4798693145567112 19.519905822933652 44.400681403116323 13.993175182491539 57.589946749387309 23.686237526359037 8.176285239402203 17.929633361287415 10.665478046517817 26.595819459529594 8559.001575597882 57.601127742789686 3890.1082941503209 15.612304141744969
leaf_count=8611 767 4859 6340 443 329 132 19946 83 10 1990 219 161 117 307 74 107 205 454672 11872 1017 78 262 204 34199 13246 71 70 40 129 58 209 255 74 104 5457 88 235 31781 441 396 867 4130 5643 434 53 492 3935 117 84 124 420 125 406 172 99 163 81 109 162638 218 189531 142
internal_value=0.00012055 0.0035969 -0.001341 0.00302839 0.00414685 0.00902356 0.00340341 0.00580164 0.00196739 -0.00111198 -0.00404386 -0.0212734 -0.0141295 -0.0291387 0.00625281 -0.0411618 0.00396706 -0.00209883 0.000151385 9.26993e-05 -0.0444486 0.00522481 0.00477714 -0.00206741 0.00488327 -0.0121122 -0.0453339 -0.00158742 -0.00745937 -0.0522592 -0.00456116 -0.0362485 -0.0496739 0.00192563 0.000487971 0.0252316 0.00129944 0.00945404 0.00719615 0.00192189 0.0112599 -0.00046699 -0.00338535 0.0081663 -0.00883718 0.0107652 0.00675663 0.0278233 0.00347446 -0.00855708 -0.0018672 -0.00445173 0.00095168 -0.0174846 0.00669478 -0.00669957 0.0109607 0.0227395 0.00024983 -0.0064987 0.0013074 -0.018735
internal_weight=36709 10865.3 25843.7 9904.01 6002.81 794.059 5208.75 1950.8 3257.95 1282.69 856.356 106.857 84.2827 48.5392 35.7436 39.6668 1975.26 17139.9 8703.71 8688.52 8.12196 1686.72 426.334 17123.1 1667.37 52.8401 14.7645 749.498 280.556 17.0471 263.509 20.6473 17.8451 468.942 441.696 27.2464 435.897 961.323 711.869 309.794 402.075 286.564 288.541 334.479 44.3457 290.133 234.927 55.2067 35.6209 26.9998 242.862 218.65 158.637 37.6794 120.957 63.3672 45.4376 37.2613 8599.68 98.9667 3901.2 60.013
internal_count=969641 298136 671505 257744 63354 11648 51706 20107 31599 12092 9680 985 766 531 235 414 19507 495211 176294 175527 161 13854 2412 488871 13649 403 141 8695 2482 187 2295 369 329 6213 6021 192 5692 40392 11205 4967 6238 4571 5653 5371 393 4978 4369 609 261 208 1926 1717 1155 297 858 452 289 190 163655 422 194390 562
is_linear=0
shrinkage=0.05


Tree=103
num_leaves=63
num_cat=0
split_feature=6 6 6 2 9 7 4 5 1 7 9 2 4 12 12 13 10 7 9 2 6 6 12 12 10 10 12 7 0 7 2 12 12 0 13 10 1 10 12 0 4 5 9 5 5 2 1 4 13 10 2 12 13 2 12 13 3 1 4 2 1 0
split_gain=71.5487 15.0091 14.9632 8.17909 7.95452 7.61978 7.13078 7.66249 10.172 8.07851 7.53357 7.90092 9.36109 7.65115 9.44099 9.18641 7.93803 7.09833 7.01359 6.93759 6.92463 6.83721 6.60533 6.33144 6.12932 7.45487 7.42822 10.2503 6.66985 8.32273 7.326 5.83383 5.64769 5.63467 5.61863 7.54573 10.489 10.3308 11.7987 14.2891 8.44524 7.80493 6.91013 7.64461 8.03088 7.2147 7.12956 8.09786 6.67798 13.3156 10.8984 10.2334 9.40146 8.15427 7.71157 7.66704 10.8414 7.03869 6.70825 8.92363 8.06052 7.43199
threshold=0.25593917071819311 0.33609920740127569 0.1436005309224129 0.66372647881507885 0.17542195320129397 0.22359449416399005 0.20671713352203372 3.6762205362319951 0.48303256928920751 0.19801786541938785 0.21800297498703006 0.74533575773239147 0.62705692648887645 2.3420201539993291 2.3859149217605595 0.24826586991548541 12.568574428558351 0.25207354128360754 0.10518378764390947 0.32680311799049383 0.59400209784507763 0.13391261547803882 2.8937407732009892 2.1397762298583989 1.0000000180025095e-35 8.7296881675720233 0.06827466189861299 0.52464145421981823 4.4829866886138925 0.51665228605270397 0.27890983223915106 0.050942661240696914 4.4139730930328378 8.8337740898132342 1.1811852455139162 10.162673473358156 0.37421239912509924 9.6007256507873553 0.096319317817688002 4.6298508644104013 0.34694387018680578 2.2499048709869389 0.48429270088672643 4.7229433059692392 5.0139575004577646 0.63270419836044323 0.52398183941841137 0.49741783738136297 0.33017480373382574 11.12258291244507 0.23615899682044986 1.544001638889313 0.41880123317241674 0.182930663228035 0.20729269832372668 0.46779036521911627 7.7863438129425058 0.39413943886756903 0.58086121082305919 0.530359447002411 0.4762252420186997 4.5485858917236337
decision_type=2 2 2 2 2 2 2 2 2 2 2 2 2 2 2 2 2 2 2 2 2 2 2 2 2 2 2 2 2 2 2 2 2 2 2 2 2 2 2 2 2 2 2 2 2 2 2 2 2 2 2 2 2 2 2 2 2 2 2 2 2 2
left_child=2 4 3 -1 -2 -6 17 9 18 -8 11 12 13 15 -15 -11 22 -4 -9 -19 23 -5 -16 24 -3 33 27 28 30 -30 -27 -20 -24 -26 35 36 40 38 39 -38 -7 -39 43 -36 45 -45 47 -46 49 50 53 52 54 -37 -50 56 58 -56 59 60 -54 -61
right_child=1 20 6 21 5 34 7 8 -10 10 -12 -13 -14 14 16 -17 -18 19 31 -21 -22 -23 32 -25 25 26 -28 -29 29 -31 -32 -33 -34 -35 42 48 37 41 -40 -41 -42 -43 -44 44 46 -47 -48 -49 51 -51 -52 -53 55 -55 57 -57 -58 -59 -60 61 -62 -63
leaf_value=0.0080575829060516961 -0.022579516593228606 -0.021604695540829132 -0.0062842482723635467 0.014427737320791029 -0.050296704690888733 -0.0059085577991404119 0.0081319134801581296 -0.025410636863966881 0.0047519880408019716 0.010211547841839631 0.0075666503136242918 0.046480408812498937 -0.028683664483324125 -0.068278759777810186 0.00042415309449201087 0.0014733230523143433 0.0077949388645199213 0.028182657870543915 0.036959475390841275 -0.066508880600241224 -0.010914528682612487 0.043394876697050826 -0.030081609211582417 -0.0057644148043151551 0.001629259626443276 -0.012948217924662959 -0.0018401404806501855 0.02979078427179891 -0.017633106445470802 -0.090215871041163867 0.026490252836546643 -0.0021608206000981569 -0.001249946329100784 0.028054607886928814 0.0043213068522164081 -0.010304508434868227 -0.05501228234117405 0.0017505267428532209 0.011808262844677189 -0.00054748205138512344 -0.02336168557688038 -0.011285697988360601 0.034024675140439581 -0.031657050140390927 0.011211967821837298 -0.12397054988426121 0.028072305444024965 -0.13124858968587716 0.033511223559832042 0.00016781838909467971 -0.021415759956155796 0.015316542905702816 -0.0034256486048339927 0.01911307296013259 -0.00099396056657756427 0.0034364730653789846 -0.059815804483946293 0.0067643847459219787 0.018104530388110805 -0.071892920253538606 0.024816775408783812 -0.013465778510396495
leaf_weight=1181.6411776476598 38.014587391626264 38.620663180041447 290.73939774810424 67.296904859715141 7.4276372567983335 569.34069631478633 1292.113774883881 32.428789177884028 933.014430769108 368.14610509719932 808.63331924460363 9.9163562513422203 24.984793345211074 6.0433335956768124 60.862474714755081 1643.5237450396817 78.719966629898408 24.491862139970184 9.6280247631366347 2.100177196058211 218.47592265994172 29.213811438065022 56.365466271090554 1025.0114537471527 1214.9585628061322 32.459890815895051 14404.90282385028 14.176018698955884 142.41077031700115 4.0621264511719337 18.478380929445848 935.37731452152366 24.311207938881125 20.513430727180094 870.69224671851407 65.254102670238353 12.910319327376781 218.16501529398374 286.4921979495557 179.13720139139332 78.919146721600555 242.37501362455077 18.914091161452234 12.023836262698753 2.2982253439840852 2.5687158252112559 9.8836185662075859 1.7625192375853656 22.913815534382593 6231.4108604972789 132.63204516918631 151.6953754639253 438.66036010108655 36.864457005518489 431.91412807036249 476.27542451229237 8.8596413572086004 904.68442093639169 32.245287435362116 5.6444804840721181 26.807771482737735 152.26674208999611
leaf_count=52376 10140 7124 40103 531 166 30564 22704 7460 7522 5692 11493 32 108 166 1262 29275 1804 1483 253 137 20402 151 1374 52795 5942 1154 405649 264 1760 45 250 48540 387 150 15472 2842 110 1560 2630 874 1932 4425 196 470 256 31 48 14 201 116824 1984 1795 13686 854 14929 9482 102 8358 144 57 158 1329
internal_value=2.69995e-05 -0.00112797 0.00424891 0.00920066 0.000255084 0.000329716 0.00329016 0.00365944 0.00101772 0.00481338 0.00342188 0.00194727 0.00175212 0.00209191 -0.00662454 0.00307246 -0.00493291 -0.00402265 -0.00254684 0.0207041 -0.00206989 0.0231961 -0.0120118 -0.00195566 -0.00170998 -0.00166151 -0.00197675 -0.0112771 -0.0142262 -0.019646 0.00135849 -0.00176225 -0.0213934 0.00206802 0.000362067 4.0133e-05 -0.00314139 0.000235557 0.00538027 -0.00420886 -0.0080333 -0.00511023 0.00411579 0.0034867 -0.0219782 -0.0479069 0.00515588 -0.0506214 0.000593993 -0.000272571 -0.0119626 0.00270689 0.00194185 0.00031514 0.00475038 -0.00140525 -0.00487561 0.00425732 -0.00413318 -0.00528346 -0.00179908 -0.0155542
internal_weight=36682.7 28803.1 7879.55 1278.15 11669.1 11631 6601.4 6284.07 1910.45 4373.62 3081.51 2272.87 2262.96 2237.97 226.302 2011.67 220.259 317.331 977.434 26.592 17134.1 96.5107 141.539 16915.6 15890.6 15852 14616.5 211.587 197.411 146.473 50.9383 945.005 80.6767 1235.47 11623.6 10705.5 1587.34 939.08 478.54 192.048 648.26 460.54 918.143 899.229 28.5369 14.5926 13.9444 4.06074 9118.13 6466.16 234.751 2651.97 2500.27 102.119 1359.51 1140.76 664.484 1336.6 655.625 623.379 465.468 157.911
internal_count=970021 737168 232853 53058 241633 231493 179795 138072 63775 74297 51593 40100 40068 39960 4993 34967 4827 41723 56253 1620 495535 682 3023 475133 422338 415214 409122 3473 3209 1805 1404 48793 1761 6092 231327 214840 42095 9599 3614 984 32496 5985 16487 16291 819 501 318 270 172745 122504 5680 50241 48446 3696 23488 24958 15476 23287 15374 15230 13844 1386
is_linear=0
shrinkage=0.05


Tree=104
num_leaves=63
num_cat=0
split_feature=6 6 6 7 8 4 4 9 6 0 3 9 0 10 9 8 13 9 12 0 6 9 2 12 3 13 12 12 10 9 10 0 2 3 12 7 12 10 13 13 13 4 0 6 9 9 7 10 4 4 3 9 0 12 0 10 13 0 4 4 4 0
split_gain=78.2483 15.6574 10.9136 14.019 10.6786 13.9853 9.04612 8.47267 7.27299 7.26306 8.11931 7.08832 6.79245 6.73773 6.4961 9.87758 7.46017 6.3803 6.29946 5.92243 16.5993 8.96617 7.75755 7.27422 5.76452 5.74676 5.69777 8.9706 7.63276 7.75952 10.3723 5.68219 7.23103 6.98061 10.3284 5.66413 5.50452 5.47623 5.45047 5.36373 5.85412 5.71783 5.5166 5.43351 7.48815 7.441 8.95983 6.2954 5.34988 5.1579 7.23071 5.15067 7.86687 7.1248 10.1538 9.98684 5.99154 5.11961 7.06655 5.13266 11.7367 6.24109
threshold=0.29702274501323706 0.1833189278841019 0.37711146473884588 0.38216528296470648 0.086867716163396849 0.58781954646110546 0.37808622419834143 0.16191840916872027 0.11376158893108369 6.9300057888031015 7.0634760856628427 0.028990741819143299 5.5194568634033212 11.196281433105471 0.5069728195667268 0.449978917837143 1.3392080068588259 0.36813701689243322 0.55436629056930553 8.0632195472717303 0.17640253156423572 0.13116636127233508 0.56701073050498974 0.29393498599529272 7.5221281051635751 0.28156302869319921 0.8550342619419099 0.83615449070930492 11.12258291244507 0.12190329656004907 9.5264267921447772 4.8402345180511483 0.41513054072856909 4.9452011585235605 1.1032083630561831 0.09607811272144319 0.84522587060928356 1.0000000180025095e-35 0.14363770186901095 0.31531217694282537 0.34019368886947637 0.35406984388828283 8.9315090179443377 0.50140967965126049 0.54922434687614452 0.44718426465988165 0.39089539647102362 11.162622928619387 0.057706220075488097 0.37102721631526953 5.5548937320709237 0.098035763949155821 5.9467277526855478 1.3778170943260195 4.2972624301910409 12.443595886230471 1.3392080068588259 5.2176458835601816 0.40038679540157324 0.45174746215343481 0.43417602777481085 5.4315338134765634
decision_type=2 2 2 2 2 2 2 2 2 2 2 2 2 2 2 2 2 2 2 2 2 2 2 2 2 2 2 2 2 2 2 2 2 2 2 2 2 2 2 2 2 2 2 2 2 2 2 2 2 2 2 2 2 2 2 2 2 2 2 2 2 2
left_child=1 7 3 14 5 -3 9 8 13 10 48 -10 36 26 -2 16 -16 -8 -15 24 21 22 -21 -24 -13 31 27 28 29 -1 -31 32 -20 -33 -35 -32 -5 -4 -11 43 -41 -42 -43 45 -45 47 -47 -39 -6 50 -9 52 53 56 -55 -56 -50 58 -36 60 61 -59
right_child=2 4 37 12 6 -7 17 49 11 38 -12 19 -14 18 15 -17 -18 -19 25 20 -22 -23 23 -25 -26 -27 -28 -29 -30 30 35 33 -34 34 57 -37 -38 39 -40 40 41 42 -44 44 -46 46 -48 -49 51 -51 -52 -53 -54 54 55 -57 -58 59 -60 -61 -62 -63
leaf_value=0.0073423294105898866 -0.0011824140897193731 -0.019154509386998503 -0.031852689442799301 0.047808211642272995 -0.035004990128303083 -0.15246821988050843 0.0031501902515695653 0.01170244014897189 -0.040783318531408062 0.021523682902959577 0.02098766345056409 0.0030445570895631423 -0.0083114283819454623 -0.10431140491690989 0.00057878785151044764 0.038157961726250231 0.038528910665673516 0.010317538826739317 0.0025785572350489235 0.0039693863431486528 -0.093343271931614846 0.024163845542815976 -0.015650669863090799 -0.084691730153931888 0.015289606864288456 0.023301711597680564 -0.037332323641818335 0.066556258560544965 -0.074860875289285075 -0.10336752128615134 0.021964632601748087 0.059302212739794316 -0.055958918964622996 -0.06258115902293554 0.0096332359265846167 -0.048124286772301635 0.012149831518748528 -0.059236088776845601 -0.009338773663116506 0.0025989382848771395 -0.0068629314139540586 -0.0018926979051094785 -0.047480841703625737 -0.034765227199003816 -0.0083883095071133722 0.013646718043847001 -0.0029011622592291981 -0.0074709480564159395 -0.023695730826207129 0.013120898789975289 -0.01034421147040168 0.0011511929808873899 -0.062214691943276869 -0.029515709640503714 0.057107855039238153 -0.076453769753947645 0.055635973881409367 0.055016040544985802 -0.096665079415079957 0.034288478800762377 -0.11450537106880626 0.0045031978861867408
leaf_weight=230.73773520744362 15691.76547369175 12.311589622462632 16.755038303490437 25.949166420847178 10.386845313787488 2.3413894847035399 5557.8329838596364 92.766945285940892 9.1773574806720699 15.193930499051929 50.576756619848311 1373.1042171696099 12.86560059210751 1.0916038181749161 152.85532005631831 23.904506447084714 14.14841481548501 328.87537823733874 24.069412494020074 17.1523972756695 5.7148500959156072 18.646710922243074 9.0641348697245103 6.5881288656964889 103.34694090364792 133.11744699305564 8.0045550369832181 5.8790058493759707 3.0257517383724908 3.6137528265826395 7.0543472814024408 7.9488698605855452 6.7565146891283794 4.5976316934975321 4.5804895705368827 4.8742359756724909 18.56619881541701 5.915456674876622 244.75004630127296 559.60488881676793 730.51439551237127 3358.3174148190301 6.6491605637129387 28.873730481675011 395.03813689613889 86.739890157594346 1436.4221625296923 825.86528152011306 39.372367069401662 587.92176620056853 62.078352981538046 4147.5519745392303 7.1419088092989105 7.7310412324841336 12.335195112067593 1.5787319516712148 2.5331723255367242 7.335196209838613 2.3737282257643528 29.926803620299324 1.8847281137714151 36.760497203023988
leaf_count=13005 312659 789 4109 454 3772 13 54464 6762 4582 359 1544 51500 270 49 2713 374 153 3224 4090 209 79 160 66 77 1595 4113 722 82 370 175 145 116 319 133 382 240 510 65 8192 21756 66630 65672 113 3203 35968 2984 69431 35813 7293 5515 3950 162345 1083 1750 689 140 394 253 47 224 60 1881
internal_value=1.88904e-05 0.00308894 -0.00172014 -0.000981753 0.00219737 -0.0404566 0.00225732 0.00640252 0.00475623 0.000580084 0.00107303 0.0030281 0.0236878 0.00984786 -0.00107088 0.00809677 0.00379389 0.00355061 0.0155494 0.00329028 -0.0125004 -0.00352098 -0.0192575 -0.0447105 0.00390167 0.0160539 0.00420583 0.00550879 0.0040692 0.00503892 -0.029157 0.00841083 -0.0102519 0.0144407 0.0103634 -0.00667497 0.032936 -0.00329986 -0.00753484 -0.00323551 -0.00219783 -0.00285326 -0.00198278 -0.00497381 -0.0101849 -0.00403576 -0.00195881 -0.00783909 0.000834842 0.0109826 0.00286381 0.000923092 -0.0124597 -0.00686811 0.0164264 0.0419534 -0.0189002 0.0144107 -0.0266503 0.0181725 0.00768331 0.0129059
internal_weight=36640.5 13249.7 23390.8 15940.1 10440.5 14.653 10425.9 2809.19 2066.43 4539.15 4279.21 1542.79 57.381 523.632 15882.7 190.908 167.004 5886.71 260.443 1533.62 57.1662 51.4514 32.8047 15.6523 1476.45 259.351 263.189 255.185 249.306 246.28 15.5423 126.234 30.8259 95.4079 87.4591 11.9286 44.5154 7450.7 259.944 7433.94 4655.09 4095.48 3364.97 2778.85 423.912 2354.94 1523.16 831.781 4228.63 742.767 154.845 4218.24 70.6924 63.5505 21.645 13.9139 41.9055 82.8614 6.95422 75.9072 45.9804 44.0957
internal_count=969829 346952 622877 317133 246051 802 245249 100901 84674 187561 179010 58268 1234 26406 315899 3240 2866 57688 11667 53686 591 512 352 143 53095 11618 14739 14017 13935 13565 560 7505 4409 3096 2980 385 964 305744 8551 301635 154171 132415 65785 147464 39171 108293 72415 35878 177466 16227 10712 173694 11349 10266 2579 829 7687 2847 429 2418 2194 2134
is_linear=0
shrinkage=0.05


Tree=105
num_leaves=63
num_cat=0
split_feature=6 6 6 1 5 5 0 6 9 1 1 1 3 2 10 0 10 9 6 12 5 2 9 5 3 1 9 13 1 1 6 6 5 3 9 8 10 10 3 13 12 13 1 2 5 13 9 9 0 12 8 12 9 6 9 3 1 5 9 3 13 3
split_gain=70.3116 18.9124 11.6702 10.756 10.5631 7.91951 7.38969 7.16686 11.7005 6.98804 6.46291 7.94817 8.03524 7.37555 6.42502 10.7482 7.41702 7.11704 6.27607 6.03649 6.62476 7.57521 6.26222 5.97289 9.57259 8.23077 7.43216 5.86038 7.59618 5.79318 5.61664 5.57795 7.14762 6.27514 6.34601 5.9401 5.60759 7.96602 5.43317 7.761 6.75814 6.2723 12.0463 5.70398 5.43249 6.65252 6.43955 6.0123 5.77455 5.41389 5.38472 5.35506 5.34016 5.3337 11.0386 8.37952 7.69547 8.34791 6.19713 6.01879 5.56152 5.3436
threshold=0.29702274501323706 0.13718584924936297 0.40200768411159521 0.37421239912509924 1.8688347935676577 3.6242519617080693 2.3502402305603032 0.24478444457054141 0.38056065142154699 0.37041097879409796 0.43374226987361914 0.42994327843189245 3.7726949453353886 0.3586773425340653 9.0806851387023944 6.5659687519073495 9.0030698776245135 0.31469248235225683 0.47508443892002111 0.46551689505577093 2.2499048709869389 0.32956974208354956 0.39815825223922735 3.5972183942794804 8.279426574707033 0.38662658631801611 0.090086802840232863 0.5012301802635194 0.58954831957817089 0.18145621567964557 0.34017875790596014 0.082435581833124175 4.3107767105102548 5.2176458835601816 0.028990741819143299 0.12663633376359942 9.586616516113283 10.938645362854006 3.5114340782165532 0.5027308762073518 0.4059648215770722 0.40958805382251745 0.58438140153884899 0.58207994699478161 3.7256208658218388 0.14363770186901095 0.23989140987396243 0.082432270050048842 4.9801702499389657 0.99999120831489574 0.39002437889575964 0.52128341794013988 0.43331512808799749 0.22362303733825686 0.15512134879827502 7.2892689704895028 0.36024290323257452 2.1383330821990971 0.10829129815101625 5.2755572795867929 0.23912712931632998 5.8449916839599618
decision_type=2 2 2 2 2 2 2 2 2 2 2 2 2 2 2 2 2 2 2 2 2 2 2 2 2 2 2 2 2 2 2 2 2 2 2 2 2 2 2 2 2 2 2 2 2 2 2 2 2 2 2 2 2 2 2 2 2 2 2 2 2 2
left_child=1 6 10 9 18 50 -1 -7 14 44 11 -2 49 19 15 17 -17 -9 -4 22 21 -21 30 24 26 31 -8 -16 -29 -6 -12 32 36 34 -33 -35 -25 -38 39 43 41 42 -40 52 45 46 -3 -46 -48 -13 -5 -22 -31 55 56 -47 57 59 -57 -55 -58 -61
right_child=2 3 4 5 29 7 23 8 -10 -11 13 12 -14 -15 27 16 -18 -19 -20 20 51 -23 -24 25 -26 -27 -28 28 -30 38 -32 33 -34 35 -36 -37 37 -39 40 -41 -42 -43 -44 -45 47 53 48 -49 -50 -51 -52 -53 -54 54 -56 58 60 -59 -60 61 -62 -63
leaf_value=-0.0094956907788035783 -0.0016518474721534497 0.022930313146333078 -0.008634737615965506 0.0045192405482417748 -0.016915975981540089 0.0030209422822134384 0.014683038011283185 0.024741882827180251 0.010364194059933697 -0.012000233247948966 0.032662710048887121 -0.032868231306824744 0.00045872454218332892 -0.00013418813492944382 -0.0062704491601128431 -0.040974644753012608 0.01371426819701887 -0.022799828372715571 -0.02909907610091117 -0.01099174939204123 -0.018982722999034002 0.028608480952726192 0.054469183795160969 0.09376574758355799 -0.063450736525475879 0.011619703074812079 0.041477765620624794 -0.015053723740337463 -0.061245117108872593 -0.018226511369061414 -0.01569029897223732 -0.045281143903129137 0.0032408054422283158 -0.013757581097063903 0.01098475850748693 0.012893341073398901 -0.06222916854684072 0.040364872610536028 0.016998451221723103 -0.012593417799596607 -0.0054753587394534547 -0.0019416048803556837 -0.043820314224628752 0.049984293434513848 -0.036668957147107703 0.0048628966862288743 -0.055758605184293597 -0.0027737872627846757 0.0056607772601204248 -0.0057883473056753723 0.023520401592793616 0.02070434546158513 0.0045564100704261461 -0.010515056166526992 0.00078045789575364923 -0.056497347074217913 -0.0066578723557727789 -0.024846508518634815 -0.0081960904024736166 0.043224785126277102 -0.098662753072567416 0.00117929396144386
leaf_weight=51.423806289951244 11542.569628163936 65.478234417518252 567.02097755363502 4876.1011499850429 73.156187445758405 1445.7456207798459 96.760044833063148 52.245143952284707 129.75872247142252 108.72056541015627 14.284278517006898 54.38355626212433 59.334857920941431 6346.6159664342413 403.04199913391858 16.576621369778877 9.9037274820730108 9.2686414557974768 40.116253854183014 70.98488594009541 9.6893074586987478 14.552169078961013 13.729546062182633 3.8380661274422918 3.3730211481451979 658.91183616750641 35.328508710139431 60.218804560558056 10.444141798769122 27.158876294692163 10.362772491294889 5.3052430582029038 42.667324634698161 112.24174607642635 90.446894443011843 25.694002225485747 2.1858957387157743 14.075935518136246 86.049260069325101 82.146527872566367 1958.9475856219651 1767.7586074482533 8.9926411153282952 6.6418590643443158 13.361361542394659 1116.1700362615666 4.9908308335579958 627.83681009498105 16.409393012523651 27.938628904521465 37.573065116186626 69.233021659369115 485.56471956009045 58.159844527428504 2916.5160367322533 8.4947309990238846 2.6336645932169622 60.233213438543316 30.426020830171183 11.781345809169578 4.3645260857301764 21.073843134567142
leaf_count=9264 323355 902 21045 35362 17953 22109 1956 350 1482 2595 79 466 1134 58278 9460 133 41 79 2834 456 71 101 91 250 39 6510 292 2009 101 3248 71 2635 7272 7344 8037 1883 282 535 2500 5838 103020 45039 77 103 12062 44192 124 68914 308 271 353 726 36312 2668 89400 333 27 6803 734 139 111 333
internal_value=-3.11027e-05 0.00287638 -0.00168308 0.00229662 -0.00379649 0.0035594 0.00902676 0.00101855 -0.00316817 0.000539307 -0.00109154 -0.00179632 -0.0135679 0.000165774 -0.0062943 0.00611315 -0.0205208 0.0175785 -0.00998691 0.0095514 0.00538469 -0.00425468 0.0274075 0.00989994 0.0197256 0.00850676 0.0218496 -0.00859907 -0.0218809 -0.00296062 0.0123328 0.00158783 0.0148215 -0.00196666 0.00786729 -0.00879318 0.0394045 0.0265743 -0.00272982 0.00168725 -0.00342503 -0.00126887 0.0112439 0.00394599 0.000814282 0.00145216 0.0151481 -0.0034801 -0.00866308 -0.0236778 0.00466454 0.015832 0.0033496 0.00117085 8.26166e-05 0.00406766 -0.0127787 -0.010407 -0.0187382 -0.00085102 -0.0640381 0.0162561
internal_weight=36597 13259.8 23337.2 12117.5 5103.55 7050.88 1142.25 2137.2 691.458 5066.65 18233.7 11684.2 141.657 6549.45 561.699 87.9941 26.4803 61.5138 607.137 202.836 164.459 85.5371 38.3766 1090.83 135.462 955.367 132.089 473.705 70.6629 4496.42 24.6471 296.455 62.7672 233.688 95.7521 137.936 20.0999 16.2618 4423.26 601.512 3821.75 1862.8 95.0419 519.365 4957.93 4316.73 86.8785 641.198 21.4002 82.3222 4913.67 78.9223 512.724 4229.85 3074.76 1155.09 158.246 151.248 38.9208 91.015 6.99819 32.8552
internal_count=970491 347423 623068 301124 237969 71479 46299 35764 13655 229645 385099 325226 1871 59873 12173 603 174 429 23879 1595 1354 557 241 37035 2287 34748 2248 11570 2110 214090 150 28238 8339 19899 10672 9227 1067 817 196137 45501 150636 47616 2577 39663 227050 146074 1334 80976 432 737 35715 797 39560 144740 99481 45259 10081 9943 1067 3140 138 472
is_linear=0
shrinkage=0.05


Tree=106
num_leaves=63
num_cat=0
split_feature=7 7 7 5 1 5 5 9 10 13 2 10 10 10 3 3 4 10 10 9 7 2 8 3 7 9 8 0 10 3 8 10 0 3 13 8 8 3 0 1 3 0 0 9 10 4 5 8 3 4 13 8 10 1 13 10 5 8 5 3 2 2
split_gain=70.8672 20.6855 10.0119 8.14558 8.01171 8.26816 7.91791 9.41802 7.55804 7.60074 9.86885 9.46411 10.0139 7.92218 7.25861 13.0034 8.64449 6.867 6.67808 6.60393 6.79513 8.93283 11.6114 7.99476 9.11492 7.94476 9.82248 7.15123 12.3339 10.3597 14.78 8.17886 7.88125 8.01924 6.66404 6.54267 7.38575 6.53067 6.38188 10.4269 6.37921 11.797 9.8174 9.31024 7.11376 9.48522 10.6314 11.1254 7.46972 7.33408 7.0853 7.03429 7.51789 7.05967 7.03301 6.2778 6.26684 8.77576 7.8096 6.03464 6.02922 6.4765
threshold=0.28054267168045049 0.16267645359039309 0.33609920740127569 2.4414010047912602 0.39413943886756903 3.5408543348312382 3.3140207529067998 0.098035763949155821 9.2807521820068377 0.5027308762073518 0.67121061682701122 9.3797454833984393 9.5264267921447772 9.4874033927917498 4.9938225746154794 5.4183177947998056 0.37808622419834143 9.7988209724426287 1.0000000180025095e-35 0.36813701689243322 0.20509669184684756 0.68799352645874035 0.26812767982482916 6.535966396331788 0.26113043725490576 0.12190329656004907 0.12369550764560701 6.4109966754913339 11.756690979003908 3.8176519870758061 0.23369482159614566 9.3491868972778338 6.3500125408172616 3.8606742620468144 0.34222483634948736 0.21481795608997348 0.24045157432556155 3.113268375396729 6.1706554889678964 0.33608491718769079 5.6542406082153329 5.5548937320709237 6.1147871017456064 0.27764984965324407 11.437312602996828 0.33129911124706274 2.4414010047912602 0.2794520258903504 6.2738196849823007 0.32784046232700353 0.50001038610935222 0.16545777767896655 10.444619178771974 0.42892284691333776 0.25943198800086981 9.1288576126098651 3.7256208658218388 0.3087535053491593 3.4811217784881596 6.2075829505920419 0.46649423241615301 0.47982618212699896
decision_type=2 2 2 2 2 2 2 2 2 2 2 2 2 2 2 2 2 2 2 2 2 2 2 2 2 2 2 2 2 2 2 2 2 2 2 2 2 2 2 2 2 2 2 2 2 2 2 2 2 2 2 2 2 2 2 2 2 2 2 2 2 2
left_child=1 4 3 -2 5 14 19 60 18 11 17 -10 13 -13 16 -16 -1 37 -4 20 25 40 23 24 -23 26 -3 29 31 55 32 -29 33 -31 -24 -25 -37 -11 -35 -40 41 43 44 -22 48 49 47 -47 59 -46 -50 52 -44 -54 -45 -28 57 -12 -59 -42 -8 -62
right_child=2 6 8 -5 -6 -7 7 -9 9 10 56 12 -14 -15 15 -17 -18 -19 -20 -21 21 22 34 35 -26 -27 27 28 -30 30 -32 -33 -34 38 -36 36 -38 -39 39 -41 42 -43 51 54 45 46 -48 -49 50 -51 -52 -53 53 -55 -56 -57 -58 58 -60 -61 61 -63
leaf_value=0.0042758192395479233 0.0011148594387486563 -0.023879739015698249 -0.020355213523635521 -0.0021259093432206273 0.010669111509063973 0.00045589921632936621 -0.039864587890622083 0.00061989660707877179 -0.040267684020042167 -0.016201441869748947 -0.040552425635039392 0.0002925357392888907 -0.0022078913475793525 0.032163666314045776 0.046078815014145673 0.010833590963182427 -0.066381693517456639 -0.013064043439552545 0.00077778894543630234 0.021076097064130824 0.00089907780668366038 0.0029301656701537916 0.039190254009066346 -0.064851545383568285 -0.037189948619380166 0.011043906074034108 0.024121211495184147 -0.054996822662529379 -0.059376327655940399 0.071664703796428461 -0.064004766553898418 0.0036988294112603988 0.06788673111748339 0.013701042412158691 -0.0072382616591584129 0.0024280346663481159 -0.054278199320351543 -0.0030596742824178179 0.019584884250978225 -0.091745195194064474 0.0061592576336935963 -0.017561109004194716 -0.046567150344296926 0.024828973607242861 0.0034268787872049375 0.034283501914475205 0.0081101502856250774 -0.0088492403837944576 -0.03645784073756328 -0.066298436562652774 0.010738849304202163 0.0032558145097352034 -0.024873256677635101 0.022472638163327004 0.0059022058786961928 -0.012883794080278801 -0.0075188630504031007 0.0084548346229968742 0.041423457432841107 0.04565755484878932 0.067161911368265728 -0.023985535657280649
leaf_weight=108.98886647913059 5707.0472597885255 33.728320069727488 37.956612239308015 2936.6663416384708 1183.7133951160649 518.35356484587101 23.301987154836755 2997.5840486837551 16.262837453046814 110.76599911224912 7.4883174048736683 40.192480259836884 13090.184560991016 37.868694645003416 32.7912432566809 129.59254944359418 4.5077891075052312 403.45045865017892 2471.8651627979125 52.823006948921829 2320.954746180636 52.460770280798897 16.235386379994456 13.134451331570743 19.389243844430894 557.14320185460383 13.57985072059091 6.5144216991029671 10.537679543951525 5.7734287229832253 6.0530601359787388 66.727654605638236 6.8726969700073814 205.95334215386538 14.750683261081575 13.978816156741233 9.7452039271593076 645.11560426000869 4.6735735911643115 3.8239788636565208 312.88299234968144 80.498851877666311 14.396860109525731 67.899281976046041 70.703626932750922 123.57809490663931 106.28459014702821 17.007581968326122 19.853422870393842 3.9839246071642256 13.265097038995007 1365.1468441178731 17.035664217284651 14.639078650623558 177.11360268882709 73.458491188299377 66.173689692630433 84.965300140785985 22.778036266565323 9.978578844224101 3.0859232235088694 5.2894361112630577
leaf_count=6058 86844 1215 7313 89780 10844 54082 12597 104483 731 6403 44 1894 403211 1144 593 2196 103 16245 28644 687 59520 229 77 72 102 7881 323 89 234 48 136 600 44 3165 78 65 56 27497 115 68 4167 1110 257 1237 1333 547 886 111 229 37 176 12652 284 84 3716 4621 938 690 212 84 118 1012
internal_value=6.30498e-05 0.00343501 -0.00137218 1.38215e-05 0.0080625 0.00417765 0.00241255 0.000333301 -0.00207544 -0.00251323 -0.00609994 -0.00214849 -0.00210142 0.0157537 0.0111705 0.0179509 0.00146949 -0.00779682 0.00045819 0.00347604 0.00331765 0.00254913 -0.00991211 -0.0176083 -0.00789654 0.00708352 0.00204236 0.00420666 -0.00879863 0.0076096 0.0131047 -0.00152178 0.01516 0.0135145 0.0170883 -0.0365398 -0.0208654 -0.00498545 0.011949 -0.0305147 0.00291676 0.00128636 0.00498248 0.00187763 0.00992963 0.0153202 0.0200436 0.0290654 0.00506029 -0.000292354 -0.017554 0.00260731 -0.0166084 -0.00299146 0.0111473 -0.00711022 0.00474458 0.0117871 0.0154247 0.00738002 -0.0267869 0.00959798
internal_weight=36608.6 10929.8 25678.8 8643.71 1977.95 794.234 8951.84 3029.26 17035.1 14525.2 1340.74 13184.5 13168.2 78.0612 275.88 162.384 113.497 1159.33 2509.82 5922.58 5869.76 4874.92 139.695 108.708 71.85 994.84 437.696 403.968 83.7798 320.188 233.15 73.2421 227.097 220.224 30.9861 36.8585 23.724 755.882 214.451 8.49755 4735.22 2646.47 2088.76 2565.97 677.538 321.558 246.87 140.586 355.98 74.6876 33.1185 1411.22 46.0716 31.6747 245.013 87.0383 181.405 115.232 107.743 322.862 31.6773 8.37536
internal_count=970011 298421 671590 176624 73876 63032 224545 118210 494966 459009 52029 406980 406249 3038 8950 2789 6161 50145 35957 106335 105648 87109 679 524 331 18539 10658 9443 923 8520 3576 689 3440 3396 155 193 121 33900 3348 183 86430 65583 20847 64473 7570 2914 1544 658 4656 1370 405 13277 625 368 4953 4944 1884 946 902 4251 13727 1130
is_linear=0
shrinkage=0.05


Tree=107
num_leaves=63
num_cat=0
split_feature=7 7 6 5 4 5 9 0 6 2 12 9 5 2 12 13 0 0 12 9 7 1 7 13 1 4 1 4 8 9 5 9 5 4 4 1 2 12 7 12 6 5 0 1 7 4 12 4 9 5 1 8 5 0 1 12 13 8 2 1 13 0
split_gain=66.9288 11.9312 11.587 10.9979 9.37402 7.1197 7.04962 6.72444 6.398 8.74705 6.58404 13.1107 6.38658 10.0586 7.5866 8.37193 7.17274 7.90608 11.962 10.4263 10.4011 9.84016 7.81356 6.89842 16.605 8.9937 10.0926 8.96033 6.8747 9.342 6.5122 6.16789 7.8471 8.47215 9.07965 9.42892 8.23355 7.17453 6.05294 6.04742 7.29571 6.53462 7.37792 7.63747 6.83709 6.23284 6.1316 5.91819 5.86473 7.70373 6.92355 9.54839 5.85761 5.84781 5.80894 5.78798 8.31691 7.1256 5.76642 5.71677 5.71212 6.71915
threshold=0.28054267168045049 0.10824050381779672 0.33609920740127569 3.4811217784881596 0.36987176537513738 3.5408543348312382 0.3186356127262116 4.6959142684936532 0.2161563262343407 0.74533575773239147 5.19673776626587 0.1248636804521084 4.2972624301910409 0.73364958167076122 2.7577362060546879 0.237531952559948 6.8485357761383066 7.262627601623536 0.084132526069879546 0.17717922478914264 0.18944921344518664 0.58954831957817089 0.11726542934775354 0.19826593250036242 0.55814895033836376 0.44577214121818548 0.43498201668262487 0.54318663477897655 0.1412480175495148 0.18405647575855258 4.3630783557891855 0.065732736140489592 3.4811217784881596 0.42332686483860021 0.39610266685485845 0.3843152672052384 0.56257066130638134 1.4661640524864199 0.14471155405044558 1.1943718791007998 0.15302856266498568 3.2384861707687382 5.7573218345642099 0.37102721631526953 0.1872346177697182 0.36833149194717413 1.2230020165443423 0.36833149194717413 0.023774610832333568 3.7256208658218388 0.45163878798484808 0.032064730301499374 3.7256208658218388 5.6681537628173837 0.38789539039134985 0.43456493318080908 0.33017480373382574 0.34357498586177831 0.46999417245388037 0.43107315897941595 0.14229624718427661 7.6953027248382577
decision_type=2 2 2 2 2 2 2 2 2 2 2 2 2 2 2 2 2 2 2 2 2 2 2 2 2 2 2 2 2 2 2 2 2 2 2 2 2 2 2 2 2 2 2 2 2 2 2 2 2 2 2 2 2 2 2 2 2 2 2 2 2 2
left_child=1 3 60 -1 5 7 -4 47 10 -10 12 -12 13 31 15 23 -17 18 -18 21 22 30 -20 25 27 26 59 -25 -21 -30 -19 32 33 34 35 -6 37 52 -9 41 -41 42 44 -44 -40 46 58 55 50 -50 54 -52 -34 -11 -5 56 -3 -57 -42 -14 61 -2
right_child=2 4 6 48 8 -7 -8 38 9 53 11 -13 14 -15 -16 16 17 19 20 28 -22 -23 -24 24 -26 -27 -28 -29 29 -31 -32 -33 36 -35 -36 -37 -38 -39 39 40 45 -43 43 -45 -46 -47 -48 -49 49 -51 51 -53 -54 -55 -56 57 -58 -59 -60 -61 -62 -63
leaf_value=-0.096284748327047531 -0.012484196443591148 -0.037032231579867195 -0.01476935183111628 -0.012065768854302805 -0.068796140965412741 -0.003008757792493127 -0.002107905582890555 0.018753131013183637 0.0024997995906282065 0.049739157152842932 -0.10933202887612306 0.0029932657950028957 -0.020623410008788128 -0.024767408012068611 0.027898327188783253 0.0067211290102433532 -0.138642261849306 -0.066438201781002459 0.01670755771319845 0.032413665649870624 0.018793557669591718 -0.10531692452076197 -0.055226257420116942 -0.026093437540097433 -0.10922478533337471 0.014779808719369354 -0.081944784870028112 0.0326855915275856 0.05589343622958174 -0.016564098667773877 -0.0029140413169621818 0.0087027184564682884 -0.10403152742229327 0.017424050682316075 -0.072527572813772076 0.017452419054183901 -0.095413193190756154 0.02123353869541315 0.028025192201829564 -0.072867270329357303 -0.054388446339492094 -0.0042013585730281923 0.0019052235967212763 0.042738906264758389 0.0098686381378989552 -0.061655026791580296 0.0012441911417599492 -0.062796123589041172 0.040126464636886697 0.011232915601491382 -0.085530048019641536 0.033572066677598079 -0.019191224317879205 0.010568887073102133 -0.076005721657944558 0.0013622076846573619 -0.0033052127360887712 0.03023309865916678 0.030810813631879021 0.048348063663693833 0.0001464036748406838 -0.085894554556430344
leaf_weight=2.3948426563274543 37.46136198817112 19.056398969725706 110.65524720808389 22.773381319377226 4.09545289460221 868.94907952064932 16907.085033115385 70.944945461349562 3654.8167728761946 15.753913884691427 3.6898033233010201 8.778232933720572 14.218471466323541 23.613806564128026 27.132085153280059 409.05661201871408 2.2379611460492006 4.7124450572300693 4.8325875056907561 27.259465218987316 11.718838349333963 3.0954797682352355 17.250750163657358 35.916323203477077 5.2946839856449506 37.596805201901589 5.7864285024115807 7.9119117981754234 5.5053403489291695 23.17303918977268 28.044287714641541 1784.519146216393 2.8871684519690515 41.097162296529859 6.116118013043887 14.005387107288696 4.0633674311829955 7.3119639611541052 61.001907867845148 3.4691909034736446 9.00828160101082 131.16241889772937 397.30633296899032 11.791089185513554 345.58132827526424 4.0804169541224828 488.50405814881378 3.7569606457836917 24.30628352263011 453.40222474071197 1.9097609606105859 14.159585330868138 6.8888113672073814 24.11207069712691 4.2086141805048092 1158.0026026022242 447.91769706876948 21.773661119746976 2.5476312316022804 3.8092556213960043 8602.2502342895787 3.3999137228820464
leaf_count=45 1029 648 16372 8602 147 100243 479018 1252 37606 52 74 141 695 141 546 6582 13 78 46 279 178 32 385 772 47 328 115 42 36 429 574 15621 137 362 133 102 199 135 1021 149 201 5597 8002 55 6852 47 9163 89 406 14995 191 247 312 111 462 47652 24998 798 31 32 175068 44
internal_value=-4.1283e-05 0.00325204 -0.00143304 0.0106185 0.00287865 0.00100163 -0.00219023 0.0020989 0.00408832 0.00275389 0.0059981 -0.0302484 0.006174 0.00766151 0.00199608 0.000910574 0.00349043 -0.00684779 -0.0266922 0.00094385 -0.0192803 -0.0201052 -0.0394847 -0.0116204 -0.0255865 -0.000448736 -0.0244909 -0.0154826 0.0144348 -0.00265455 -0.0120527 0.0080708 -0.00497115 0.00360057 -0.0198584 -0.00206197 -0.0314402 -0.016228 0.00449211 0.00379649 -0.000606821 0.00615714 0.0078228 0.00308214 0.0125928 -0.000109568 0.000392634 -0.000112912 0.0111102 0.012703 -0.00656501 0.0194174 -0.0442474 0.0260479 -0.022039 3.00963e-05 -0.00468155 0.00189504 -0.0356053 -0.00604975 5.78139e-05 -0.0185924
internal_weight=36505.2 10844.3 25660.9 523.155 10321.2 4044.85 17017.7 3175.9 6276.3 3694.68 2581.62 12.468 2569.15 1894.6 674.553 647.421 536.887 127.83 36.0401 91.7901 33.8022 35.8522 22.0833 110.534 49.1229 61.411 23.8142 43.8282 55.9378 28.6784 32.7567 1870.98 86.4654 65.3141 24.217 18.1008 21.1513 17.0879 1525.4 1454.45 507.61 946.843 815.681 409.097 406.583 504.14 500.06 1650.51 520.76 477.709 43.0513 16.0693 9.77598 39.866 26.982 1646.75 466.974 1179.78 11.5559 18.0277 8643.11 40.8613
internal_count=969759 298228 671531 24948 273280 206798 495390 106555 66482 37769 28713 215 28498 17289 11209 10663 8632 2050 622 1428 609 684 431 2031 861 1170 842 814 744 465 652 17148 1527 744 382 249 783 584 32370 31118 9591 21527 15930 8057 7873 9442 9395 74185 24903 15401 9502 438 449 163 9064 74096 25646 48450 232 727 176141 1073
is_linear=0
shrinkage=0.05


Tree=108
num_leaves=63
num_cat=0
split_feature=6 6 6 5 7 9 2 2 9 9 8 10 4 9 10 6 9 5 8 0 2 9 1 2 6 0 5 6 13 2 9 5 2 9 10 4 8 1 1 6 5 5 10 0 0 10 8 0 1 4 7 13 7 0 10 7 1 6 10 0 9 4
split_gain=66.5242 16.9688 13.2431 9.17161 11.1276 9.50172 7.96893 7.71196 7.64298 7.62027 7.31193 9.46831 7.66406 7.31018 7.99268 7.11752 12.714 7.05869 7.05184 7.85602 13.0293 6.95995 6.9508 6.88977 6.87013 9.69799 10.1738 7.79823 6.66721 7.96561 6.65706 6.63073 7.51479 9.24395 6.82029 6.5539 13.1509 8.61239 6.54753 6.49047 9.63114 8.50735 6.28516 7.85254 9.41489 7.38698 6.62803 6.21833 6.20038 6.18853 8.43433 6.16314 6.01524 5.97628 7.26857 6.49993 6.46986 5.88226 5.78367 5.66264 5.64593 11.7138
threshold=0.25249001383781439 0.32329930365085607 0.13008482009172442 3.3497501611709599 0.18036716431379321 0.053262718021869666 0.35972702503204351 0.17190404236316684 0.14318896830081942 0.23989140987396243 0.23369482159614566 9.0030698776245135 0.55275359749794017 0.31697301566600805 11.380850315093996 0.19434465467929843 0.14920332282781604 3.4498615264892583 0.14666382968425754 4.1510088443756112 0.38656108081340795 0.23730856180191043 0.4369474351406098 0.5191103219985963 0.28507962822914129 6.4777410030364999 3.6762205362319951 0.29193648695945745 1.3392080068588259 0.39454050362110143 0.35804928839206701 3.7012257575988774 0.42227676510810858 0.21552958339452746 11.33040761947632 0.48481185734272009 0.13582576066255572 0.55438220500946056 0.21930526942014697 0.40147370100021368 1.8688347935676577 1.7005987167358401 11.548297405242922 4.1026091575622567 3.6242519617080693 11.535933971405031 0.27497014403343206 2.5249279737472539 0.54456689953804027 0.58781954646110546 0.27497839927673345 0.55490237474441539 0.3289345800876618 4.1190040111541757 10.058737754821779 0.39651151001453405 0.50076606869697582 0.25179842114448553 9.5264267921447772 7.1681945323944101 0.28051167726516729 0.54839965701103222
decision_type=2 2 2 2 2 2 2 2 2 2 2 2 2 2 2 2 2 2 2 2 2 2 2 2 2 2 2 2 2 2 2 2 2 2 2 2 2 2 2 2 2 2 2 2 2 2 2 2 2 2 2 2 2 2 2 2 2 2 2 2 2 2
left_child=2 10 47 4 6 -5 8 -6 38 15 11 17 28 14 -3 -7 35 22 19 20 58 -18 -2 -19 -14 27 -27 -26 -13 -30 -20 32 52 -34 49 -17 -37 -38 -4 41 -41 -15 45 44 -44 60 -46 -1 -23 -35 -51 -40 59 54 55 56 -43 -11 -9 -12 61 -36
right_child=1 13 3 5 7 9 -8 18 -10 57 31 12 24 39 -16 16 21 23 30 -21 -22 48 -24 -25 25 26 -28 -29 29 -31 -32 -33 33 34 42 36 37 -39 51 40 -42 53 43 -45 46 -47 -48 -49 -50 50 -52 -53 -54 -55 -56 -57 -58 -59 -60 -61 -62 -63
leaf_value=-0.0085913994136063831 -0.0013798730501431774 -0.0029177661451261121 0.014411828960160262 -0.040577093534556075 -0.0030438264599053884 0.0024044220272112994 0.015302060216859452 -0.071832253030360033 0.019287015699380638 0.0062425291781500157 -9.2939557628889189e-05 -0.0056986541790460853 0.014440825849768397 -0.0022230644387809975 -0.021244429413730476 -0.040777890462781352 -0.0013310014724255675 -0.018071669215923219 0.0050392121435523483 -0.00014801762134831581 -0.082151228827029188 -0.016573477095261562 0.038143571553255359 0.020862721301429493 -0.072108249462690552 0.052687474316751304 -0.016830129352584267 -0.012216189670315921 0.012229413478800862 -0.047283969803412408 0.032039737777348747 -0.0032781735467721771 -0.0043519105140347875 0.0069981108551433902 0.010839292762164414 0.079086235700424667 0.013135213348988498 -0.079217543239767915 -0.015672519651325528 -0.0092251454690627753 -0.0025638061763709865 -0.0085447216705883452 0.00018249710407775292 0.0018629432928378036 0.049975976602102984 -0.028727684346119182 0.016999522627841639 0.010465885051062138 -0.084880829606696906 0.023024746002999287 -0.0037843514016135575 0.013758722863350441 0.028856282660005568 -0.00066693880496330191 0.0050617927531821719 0.035105502665532411 0.022901160423304215 -0.053533839168361276 0.0015143014415919019 -0.020746070395293983 -0.0074873667777810571 -0.037650550106675798
leaf_weight=44.878766206500586 16.805384993349435 142.86071083393472 39.79509160775342 13.518324669494175 365.58875676864409 1282.2537063006603 398.40088182128966 3.1165232917701422 53.071675235405564 717.79013810225297 3701.7796141143481 824.20422493354636 89.160288290819153 8527.9351514301234 101.94847438568104 33.097641869244399 868.70636879003723 27.929721185970266 2719.7376727284864 134.61895423626993 8.1944680628366751 14.961647670425011 32.905512982979417 19.155691265128553 7.4797083516605225 10.11944540217519 10.966511702630667 19.881316265556961 7.8172155401553054 20.026475343285711 23.021769913379103 800.10680947884248 396.37214994733222 1624.6427441649139 118.97957968967967 3.8237176896072915 5.4410710081283451 4.7094007956329733 83.18889185320586 615.23637970595155 4597.2153990908555 216.89685275581724 64.326798887457699 1469.2441323626554 21.12599789025262 28.585565137909725 54.668349910993129 926.21816020943515 4.2704150145873419 32.973203512374312 266.08836013451219 22.625899136648513 17.8010629581986 3561.9088083291936 1067.440644413 9.9407627813343407 17.691322297323495 4.1392567418515673 19.534174035827164 33.488688553043175 203.47800667956471 13.911026613786815
leaf_count=8598 854 13328 2826 9840 24163 44597 3077 135 1131 20365 98905 28533 450 144702 9274 7211 31985 1111 33721 1747 88 1070 113 84 49 35 77 139 667 357 203 34884 3397 14355 943 25 140 49 4994 23941 213204 10451 461 13976 126 190 409 31677 36 125 1139 691 377 81902 38860 423 103 169 563 1175 1702 65
internal_value=2.43823e-05 -0.00108491 0.00412204 0.00334456 0.00494556 0.00124572 0.0112229 0.00380069 0.00304325 0.00143807 0.000587519 -0.00328355 -0.00474333 -0.00196587 -0.0105497 -1.46394e-05 -0.00333209 0.0116414 0.00466111 -0.00536308 -0.0281234 -0.00198966 0.0247822 -0.00223205 0.00620553 -0.00895045 0.0165323 -0.0285889 -0.00651159 -0.0305754 0.00526585 0.00106287 0.00149447 0.00292284 0.00366258 -0.0286551 5.7671e-05 -0.0297127 -0.00287725 -0.00185298 -0.00335006 -0.00127071 0.00159811 0.00294152 0.014251 -0.00432606 0.026191 0.00958516 -0.0317409 0.00578138 -0.000828499 -0.00937937 -0.00013992 0.000395659 0.00328054 -0.00449516 -0.00617325 0.0058998 -0.0085775 -0.000278106 -0.00225234 0.00576336
internal_weight=36587.8 28793.1 7794.7 6823.61 3870.89 2952.71 597.082 3273.81 198.682 2939.19 9934.02 1086.45 989.655 18859.1 244.809 2217.26 935.01 96.7963 2908.22 165.464 30.8452 887.938 49.7109 47.0854 137.607 48.447 21.086 27.361 852.048 27.8437 2742.76 8847.57 8047.47 4294.4 3898.02 47.0718 13.9742 10.1505 145.61 18614.3 5212.45 13401.8 1974.32 1609.37 140.121 364.954 75.7943 971.097 19.2321 1923.7 299.062 105.815 3753.07 4873.88 1311.97 244.529 234.588 721.929 22.6507 3735.27 336.369 132.891
internal_count=969987 740886 229101 188826 73339 115487 12719 60620 9642 105647 204698 32469 30307 536188 22602 85113 40516 2162 36457 2533 786 33091 967 1195 750 300 112 188 29557 1024 33924 172229 137345 36888 33491 7425 214 189 8511 513586 237145 276441 17872 14972 996 2900 535 40275 1106 15619 1264 5685 100457 131739 49837 10977 10554 20534 698 100080 2710 1008
is_linear=0
shrinkage=0.05


Tree=109
num_leaves=63
num_cat=0
split_feature=7 7 7 9 10 5 3 9 4 10 0 5 10 4 3 3 9 5 4 9 13 3 10 13 11 3 9 12 7 3 0 3 3 0 9 4 10 5 3 0 1 10 0 12 0 9 4 0 7 3 1 7 2 3 0 12 4 2 0 2 9 10
split_gain=74.624 22.5133 11.7924 7.22048 9.47219 7.42434 8.48212 7.88139 7.05618 7.00938 6.7042 6.36301 7.26939 8.02774 9.96953 6.20814 7.63638 6.0189 8.30981 6.98058 6.15366 10.8334 11.1246 10.5695 7.75934 7.74123 7.28559 10.7929 8.6445 7.5416 7.00672 10.0905 8.20759 15.2462 7.4845 6.59185 6.57406 6.55686 8.05557 6.55502 7.85243 6.33225 6.02815 5.99586 9.3035 5.95874 8.08655 8.50565 5.81851 7.93981 5.75408 10.5455 6.27026 8.14208 7.36662 6.54401 5.70497 7.86028 7.41925 5.73723 9.31108 6.59561
threshold=0.2819961160421372 0.16475966572761538 0.33609920740127569 0.023774610832333568 9.2310247421264666 5.0271592140197763 5.8593597412109384 0.16191840916872027 0.23231461644172671 8.8223190307617205 8.635775566101076 2.4414010047912602 9.2807521820068377 0.44371825456619268 4.2555875778198251 5.0657496452331552 0.2573783695697785 2.8617925643920903 0.24247428774833682 0.22734941542148593 0.28301364183425909 4.7578821182250985 11.63736152648926 0.28521916270256048 6.5000000000000009 5.8126356601715097 0.17925535887479785 0.050942661240696914 0.2694301456212998 5.9202361106872567 6.5035390853881845 6.5896136760711679 5.6542406082153329 5.478551149368287 0.26301880180835729 0.28856891393661505 12.636161804199221 1.8688347935676577 7.8460030555725107 4.9801702499389657 0.27497839927673345 11.593066692352297 4.7140145301818857 0.14483378082513812 5.7413980960845956 0.15512134879827502 0.2404502481222153 4.8162329196929941 0.24345834553241733 6.2314648628234872 0.55438220500946056 0.27915035188198095 0.68799352645874035 4.9732735157012948 6.1431114673614511 1.0914794802665713 0.62705692648887645 0.71005317568779003 5.6542406082153329 0.60351046919822704 0.26605591177940374 10.589760780334474
decision_type=2 2 2 2 2 2 2 2 2 2 2 2 2 2 2 2 2 2 2 2 2 2 2 2 2 2 2 2 2 2 2 2 2 2 2 2 2 2 2 2 2 2 2 2 2 2 2 2 2 2 2 2 2 2 2 2 2 2 2 2 2 2
left_child=1 3 11 4 9 7 -7 -5 -3 -1 -8 -2 13 -13 -15 16 -14 18 19 45 24 23 25 -22 -20 -23 27 -27 37 -30 32 -32 33 34 35 -26 -33 -28 -39 40 -36 48 -25 -16 -45 46 47 -10 -29 -50 52 -52 -19 -54 55 -55 59 -58 -59 -17 61 -61
right_child=2 8 -4 5 -6 6 10 -9 17 -11 -12 12 15 14 43 56 -18 50 20 -21 21 22 -24 42 30 26 28 41 29 -31 31 36 -34 -35 39 -37 -38 38 -40 -41 -42 -43 -44 44 -46 -47 -48 -49 49 -51 51 -53 53 54 -56 -57 57 58 -60 60 -62 -63
leaf_value=-0.074187058252095081 0.0010657046341260019 -0.0027977395519485837 -0.0021998728632081485 0.0078587653651449058 -0.025427236605919192 0.0086402349476588439 -0.015019138178919079 0.015758818752375073 -0.019421866544173782 0.045143561681369938 0.047953719965333076 -0.0068828088673852988 -0.018050189887648938 -0.022460553778428351 0.015399858147569574 -0.0066454134602224324 0.0015346188913826176 0.00093653678218299239 -0.0039049016855560535 -0.015501845897390915 -0.063837334734255957 0.013277549845695014 0.052455242135701075 0.0017875789774443917 0.014826230136581056 -0.055250155583177786 0.025449625013443951 0.0030762792198091339 -0.039235091880592557 0.0030260537859620085 -0.060810797039424686 -0.0059990507335730761 0.01186582487406921 -0.025861945597103343 -0.043773064842101569 -1.0257126188806434e-05 0.021365129342047141 0.0049737469399236097 0.023389356129759009 -0.0092974235416401815 0.027226752141034084 0.043495805855683398 -0.068387546635900257 0.022244063577729505 -0.049288746415330612 0.039719729266121946 -0.072973994200907749 0.063073207047834895 0.0075974769017300662 -0.028171137757138687 0.0045185062030955484 0.042268376970076162 0.051779302416095553 -0.076137829079836808 -0.0096045332986387701 -0.0069877547468449701 -0.062256977292699828 0.021417144402847688 -0.028987597094250292 0.005615021244795966 0.00096164362295183116 -0.046624622672567367
leaf_weight=1.4221312418976584 5597.4306798291527 609.56445771571089 16986.218419603116 1426.4175034155123 32.5491816035792 113.38036959440069 85.652670362062054 405.44139538277523 6.5004798020236176 9.1371000745057227 4.4458757145330301 101.47281384378584 52.714613644713609 21.784354487201199 205.98863030155189 933.23839526582378 891.76755260207574 3453.4579837136935 464.29806308163097 10.412131475284694 6.2316318191587916 440.80766809172928 14.069026095792649 820.28341174923116 87.424641313962638 8.8565288754180056 83.265425299294293 243.96486638020724 11.027820847928522 247.01458267797716 7.7279802020639172 176.20652890554629 327.38602975662798 44.932044250657782 4.1109264660626641 521.17143285978818 25.071695831604302 233.26044121501036 79.664107684977353 18.952605207450688 73.903653825400397 8.4185828729532641 3.0717128040269008 8.838824928505348 9.3577366318786499 38.526831927476451 2.8586305368226013 6.0165392635390162 25.929824144113809 38.626427961979061 711.19748926779721 18.994280834682286 4.4800049297045907 8.9062270408030582 56.83055928297108 5.5555415367707601 9.7455441476777178 11.379109933041038 20.368633998557925 9.1061006356467278 575.42428698157892 17.957699182064971
leaf_count=653 84312 59584 494865 47412 11233 6891 3630 7027 240 644 25 5714 6886 122 931 34230 33112 103296 5938 295 62 3106 54 22632 1663 49 428 1585 90 1549 68 1580 2151 507 96 10686 134 1558 355 139 1219 34 29 61 44 615 73 47 162 313 3363 83 41 114 662 95 82 45 125 157 6615 329
internal_value=4.84488e-05 0.00348412 -0.00144006 0.00817192 -0.0120779 0.00860081 -0.000459998 0.00960727 0.00239535 0.029072 -0.0119118 8.43425e-05 -0.0018302 0.00495009 0.00983165 -0.0027644 0.000441527 0.00277494 0.00414742 0.0219778 0.00386185 0.00558308 0.00821266 0.00103478 0.0016361 0.00777457 0.00529939 -0.000809698 0.0083416 0.00121996 0.00363524 -0.00474319 0.00525986 0.00237816 0.00417656 0.002121 -0.0025905 0.01298 0.00966198 0.0170779 0.0234855 0.00071158 0.00152577 0.0129695 -0.0145423 0.0292176 0.00290234 0.0202309 -0.000455869 -0.0138042 0.00146027 0.00550048 0.00062436 -0.0136037 -0.0177123 -0.0495736 -0.00468419 -0.0229786 -0.0109214 -0.0041899 -0.000386376 -0.0290477
internal_weight=36480.2 11027.4 25452.8 2078.45 43.1084 2035.34 203.479 1831.86 8948.98 10.5592 90.0985 8466.57 2869.14 347.442 245.97 2521.7 944.482 8339.41 4079.99 64.3146 4015.68 2264.49 1434.91 829.587 1751.19 1420.84 980.029 325.796 654.232 258.042 1286.89 209.006 1077.88 750.495 705.563 608.596 201.278 396.19 312.925 96.9672 78.0146 316.94 823.355 224.185 18.1966 53.9025 15.3756 12.517 308.521 64.5563 4259.42 730.192 3529.23 75.7723 71.2923 14.4618 1577.22 41.4933 31.7477 1535.73 602.488 27.0638
internal_count=969840 302210 667630 77515 12530 64985 10546 54439 224695 1297 3655 172765 88453 6872 1158 81581 39998 165111 57457 1270 56187 32006 9283 22723 24181 9229 6123 2143 3980 1639 18243 1782 16461 14310 13803 12349 1714 2341 1913 1454 1315 2094 22661 1036 105 975 360 287 2060 475 107654 3446 104208 912 871 209 41583 252 170 41331 7101 486
is_linear=0
shrinkage=0.05


Tree=110
num_leaves=63
num_cat=0
split_feature=7 7 6 5 4 4 5 10 6 4 9 5 5 12 7 12 10 2 5 0 10 0 10 2 2 1 9 9 9 0 0 9 1 12 7 9 4 12 4 12 4 12 10 5 0 12 10 12 9 0 5 6 9 9 1 4 3 3 2 6 12 6
split_gain=63.5133 16.544 11.5456 10.8274 9.44399 8.75756 8.26377 7.56903 7.49603 7.31183 7.24239 7.362 6.70096 6.32424 11.9412 7.31579 8.21854 6.33674 5.99765 5.82093 6.27321 5.75836 5.72627 5.75939 5.54301 5.50496 6.62771 8.81419 6.16961 5.91046 7.76364 6.28145 6.19143 6.8168 6.00189 6.67905 7.83604 9.2279 6.84041 9.29225 10.0701 9.1592 6.54761 8.05478 6.17807 7.15234 6.2049 6.20932 5.92686 5.91925 5.45049 5.41338 6.87776 5.36112 9.58185 5.28853 7.84642 10.8213 9.95569 9.22889 7.68539 6.43751
threshold=0.26778851449489599 0.10824050381779672 0.37065578997135168 1.2424533367156985 0.42332686483860021 0.42159293591976171 1.4978661537170412 1.0000000180025095e-35 0.56405761837959301 0.32784046232700353 0.5069728195667268 3.7012257575988774 3.8176519870758061 0.079371079802513136 0.34997659921646124 0.30568180978298193 10.199286460876467 0.41206875443458563 3.0201274156570439 4.7664294242858896 8.9376769065856951 3.4175922870635991 9.0489382743835467 0.6429714858531953 0.60135018825531017 0.62213659286499035 0.58227023482322704 0.56001487374305736 0.59100472927093517 4.5053346157073983 4.5485858917236337 0.395151898264885 0.46832606196403509 0.64685228466987621 0.38872411847114569 0.43061585724353796 0.56457635760307323 0.34306970238685613 0.51209816336631786 0.52960887551307689 0.58781954646110546 0.45009814202785497 10.80178737640381 2.2499048709869389 6.3198683261871347 1.2511627674102785 11.518420219421388 0.91532614827156078 0.41401511430740362 8.1914610862731951 1.8688347935676577 0.24667318165302279 0.19954100996255877 0.36075122654438024 0.58438140153884899 0.51964622735977184 5.1089665889739999 5.349482774734498 0.6929863989353181 0.39651151001453405 0.2209761589765549 0.52333778142929088
decision_type=2 2 2 2 2 2 2 2 2 2 2 2 2 2 2 2 2 2 2 2 2 2 2 2 2 2 2 2 2 2 2 2 2 2 2 2 2 2 2 2 2 2 2 2 2 2 2 2 2 2 2 2 2 2 2 2 2 2 2 2 2 2
left_child=1 -1 4 19 5 51 9 -8 25 -3 11 -6 53 14 -14 16 -15 -17 -10 20 -4 -7 -22 -24 -23 29 27 -27 -28 31 -31 32 -5 -34 35 38 49 -38 -32 41 44 42 43 -40 46 -46 -41 -48 -49 -37 -47 -2 -53 54 -13 -36 61 58 59 -58 -59 -57
right_child=2 6 3 8 10 21 7 -9 18 -11 -12 12 13 15 -16 17 -18 -19 -20 -21 22 24 23 -25 -26 26 28 -29 -30 30 34 -33 33 -35 55 36 37 -39 39 40 -42 -43 -44 -45 45 50 47 48 -50 -51 -52 52 -54 -55 -56 56 57 60 -60 -61 -62 -63
leaf_value=0.012091888199888667 0.047042176791094611 0.0024942456531568831 -0.029473544563471978 -0.017236427076785105 0.0013111804509498824 0.028832305667535918 -0.021716408158875319 0.0030729908541479974 -0.025467373013863405 0.047299831879202857 0.011506729258776469 -0.013879630278447287 -0.0056610186360898495 0.0040119689550613229 -0.06370571313187251 0.032425236996579274 0.038304772381262592 -0.004713150010344223 -0.0066429622032502522 -0.013439951969108549 0.039267281982293567 -0.038287169467740433 -0.0051465408027865462 0.030568768944185382 0.0050221764008219665 0.0023856117363441169 0.053398806985483008 -0.024364679646558692 0.010471370126237637 -0.02847803600776121 0.0014381905118984253 0.00068077730115175406 0.032491854122974867 -0.018389318691191047 -0.0053527411301776892 0.0051309394587845131 0.065076636455009704 0.010978546280680807 0.049356233529485184 -0.059731813604314038 0.0063687685952305605 0.034573750371060169 -0.047062250774733042 -0.0075733250915759956 0.011861368589656987 -0.098003117673425386 0.041860148013564517 -0.012381057678927958 -0.087033301976510449 -0.031013869785801437 -0.011211850986912901 -0.023285931678880132 -0.0012502383102082849 -0.0020309058533010379 -0.058862089265606238 0.013098938821728127 -0.055865590767177044 0.0059247050912032912 -0.061102124448034804 -0.0027443973849832935 -0.0040553071209753627 -0.024439086964093484
leaf_weight=541.57038951430513 5.7898849157063514 16.807238528272137 24.589428750274237 92.756805749195337 6104.4729890374583 4.8510666249785563 30.903040533215972 8628.1434184024911 49.305819686487666 19.870418270584196 157.94339719763957 62.145249380031601 38.887959229527041 209.28005520695297 11.47519252146594 11.752703263846341 19.062876222043997 505.67633430126443 298.36917362541135 321.5102814927086 7.6725088700186452 33.212842178181745 463.01848780337605 11.56981100514531 9.5014387712872104 384.09250175580382 9.1256944632623327 33.477969584520906 101.08160128688905 30.246128378457797 329.14977170701241 1961.2270811082126 14.946880740229973 11.763468575547448 2319.8988255196782 273.22148216992355 11.60683185327798 24.568336830008775 6.9234678726643315 25.388395445421338 21.60885648522526 15.944206098560242 9.0328002991154772 60.567948715295643 12.812568020308392 3.2779846824705592 3.2476585493423036 8.4588178852573019 3.877540538320317 11.816888896748422 4.0364100285805762 35.51770437892992 11745.901905330651 55.313514051493257 14.624663001624866 129.21324640791863 10.050036773085592 261.64120255468879 13.196823268895967 43.853149898583069 734.28436469842563 12.528706174809484
leaf_count=24941 428 206 609 10813 43285 53 7343 230797 4715 101 1321 1116 213 2946 63 473 295 10286 28889 6230 203 542 15108 101 254 2406 84 265 1038 1528 12965 100496 181 246 114670 6887 50 174 41 244 148 85 47 446 139 15 24 187 35 180 92 11690 306988 741 101 1631 66 1906 154 712 11203 293
internal_value=3.09388e-05 0.00361291 -0.00118595 -0.0027587 -0.000510988 -0.00137932 0.00308484 0.00298452 -0.00214689 0.026768 0.000918159 0.000680356 -0.00346829 -0.0017379 -0.0188864 -0.000579829 0.00687485 -0.0038696 -0.00931256 -0.00817737 -0.00483916 -0.0227905 -0.0035831 -0.00427585 -0.0286534 -0.00179043 0.00311946 0.000240955 0.014026 -0.00219149 -0.00323374 2.73594e-06 -0.0111283 0.0100833 -0.00305822 0.000779287 0.00641459 0.028336 -0.00280993 -0.010792 -0.0229683 9.90892e-05 -0.00708388 -0.00173332 -0.0333438 -0.010659 -0.0444873 -0.019652 -0.0358456 0.00363248 -0.0501078 -0.00129292 -0.00131667 -0.0138982 -0.0224488 -0.00395703 -0.00126945 -0.00274289 -0.0221782 -0.0126486 -0.00143344 0.00978092
internal_weight=36427.7 9237.29 27190.4 8164.96 19025.4 11834.8 8695.72 8659.05 7336.6 36.6777 7190.63 7032.69 928.219 796.135 50.3632 745.772 228.343 517.429 347.675 828.361 506.85 47.5653 482.261 474.588 42.7143 6988.92 527.778 417.57 110.207 6461.15 4380.45 2080.69 119.467 26.7103 4350.21 825.54 321.214 36.1752 504.326 175.177 82.7082 92.4684 76.5242 67.4914 61.0994 20.127 40.9724 15.584 12.3364 285.038 7.31439 11787.2 11781.4 132.083 76.7699 3524.67 1204.77 1063.03 67.1 53.9032 995.926 141.742
internal_count=969489 263388 706101 325306 380795 319955 238447 238140 303055 307 60840 59519 16234 14276 276 14000 3241 10759 33604 22251 16021 849 15412 15209 796 269451 3793 2671 1122 265658 153922 111736 11240 427 152394 21759 7291 224 14468 1503 884 619 534 487 736 246 490 246 222 7067 107 319106 318678 1958 1217 130635 15965 14041 932 778 13109 1924
is_linear=0
shrinkage=0.05


Tree=111
num_leaves=63
num_cat=0
split_feature=7 6 6 5 5 9 13 1 1 13 0 13 2 5 9 3 9 1 2 12 0 2 13 13 13 9 9 12 3 12 12 12 1 9 3 0 12 8 8 12 13 12 2 7 8 0 2 3 9 2 2 9 13 2 2 9 2 13 1 1 12 12
split_gain=59.8134 13.7539 13.4515 10.3723 8.84312 16.5718 8.7566 8.56053 8.07178 10.3171 10.301 8.69841 7.41563 7.02877 9.39191 6.76996 7.60745 7.48579 10.9118 7.09404 5.97676 5.95171 5.84672 12.4886 14.8079 9.58073 9.35072 8.98867 8.79092 8.56341 8.54879 12.9224 10.1528 7.96434 7.87832 10.4175 8.06466 7.43113 6.72211 6.40908 8.79561 6.19586 8.51654 6.14101 6.09824 11.7519 9.79973 8.18527 8.03956 9.36343 8.34598 7.63927 7.88443 13.7473 7.84759 7.41729 7.67859 7.1538 5.83863 5.82481 5.81898 5.79057
threshold=0.26778851449489599 0.1833189278841019 0.44622917473316198 2.4414010047912602 2.6735538244247441 0.098035763949155821 0.14563074707984927 0.3316179513931275 0.35156591236591345 0.19707879424095157 5.1089665889739999 0.34555774927139288 0.15913289040327075 2.8029010295867924 0.11171373352408411 7.5408871173858651 0.23989140987396243 0.46023599803447729 0.40731377899646765 3.4678801298141484 8.635775566101076 0.50417831540107738 0.28324224054813391 0.24826586991548541 0.19724496454000476 0.22734941542148593 0.16758801043033603 0.96964770555496227 6.5154528617858896 0.95843830704689037 1.5042868256568911 0.88494291901588451 0.35584464669227606 0.10099299624562265 7.3095464706420907 4.1026091575622567 1.3612250685691836 0.1964862868189812 0.25217686593532568 1.0176505446434023 0.28290329873561865 1.8243314027786257 0.53754729032516491 0.23676994442939761 0.20224847644567492 4.5485858917236337 0.66372647881507885 2.6735538244247441 0.15512134879827502 0.63270419836044323 0.58719706535339367 0.15194101631641391 0.30734789371490484 0.56044232845306408 0.55561751127243053 0.15512134879827502 0.44050507247447973 0.54873874783515941 0.30961325764656072 0.34313996136188513 1.1943718791007998 1.1678547859191897
decision_type=2 2 2 2 2 2 2 2 2 2 2 2 2 2 2 2 2 2 2 2 2 2 2 2 2 2 2 2 2 2 2 2 2 2 2 2 2 2 2 2 2 2 2 2 2 2 2 2 2 2 2 2 2 2 2 2 2 2 2 2 2 2
left_child=1 13 8 -4 6 -6 15 -7 11 -10 -11 20 -8 14 -1 16 17 18 -3 -20 21 -2 23 24 27 26 -25 -14 33 59 31 32 -28 -26 35 -29 -37 -31 -34 -33 -41 -30 -43 -39 45 55 -47 -46 49 50 51 52 -49 54 -54 56 -24 60 -15 -27 -57 -9
right_child=2 4 3 -5 5 7 12 61 9 10 -12 -13 22 58 -16 -17 -18 -19 19 -21 -22 -23 44 25 28 29 30 34 41 37 -32 39 38 -35 -36 36 -38 43 -40 40 -42 42 -44 -45 47 46 -48 48 -50 -51 -52 -53 53 -55 -56 57 -58 -59 -60 -61 -62 -63
leaf_value=0.0065758995127565504 -0.00086321786789869638 0.02703081329581658 -0.012104793299024542 -0.003260261726692699 -0.037463178937630771 -0.0039782169684838544 -0.0029690282733290342 0.0034242421894510634 -0.0047832403183390776 0.0021609324485482701 -0.00074978482631614092 -0.00441304827341175 -0.058822836272021395 0.00052461879554602708 0.031631871798509036 0.06111245781760323 0.057285243519865595 0.058129989664547403 -0.064196088358669037 -0.002248945671114303 -0.062957602526959866 -0.013418140191445284 -0.025288305829072273 0.00062659086161348922 0.055978102169175294 -0.053977960617807866 0.026484457690119881 0.014551868290897343 0.01186001295767229 -0.023726868629581462 0.0022770492371914776 -0.063093932020107213 -0.0043672815379589168 0.01810331783514723 0.02661430824221029 0.019693617896565336 -0.013067928694208784 0.054531603732242952 -0.050492368497641674 -0.036086230867184779 0.025399131459212992 -0.050638305720927361 0.011680205994763826 0.016320518834027981 0.01954210681075166 0.020914391154979145 -0.018397290174221068 0.040426931898353557 0.0055390878376473949 -0.057662474077942817 0.029649101308467863 -0.074274717115499198 -0.010858465718268866 -0.11216140319707363 0.059586240727825972 -0.005280439821072954 0.025340655252967678 0.041849175830972772 0.0068078349031117993 -0.0018423272366777947 0.067364621450655818 -0.0014392156346169785
leaf_weight=92.517710567917675 7678.1771473856497 17.374105787021108 382.35025207319995 2491.8630998325825 28.32709062545473 720.92445316092926 335.19572430153494 2211.9050552898261 1058.0604682681587 4891.7982122318354 8027.9593089257178 2551.2898643503358 6.5527001977898172 443.57703710046917 62.777682568412274 9.8196570472791773 9.1132155619561654 6.1180140487849703 7.8524278402328518 11.232573637738822 3.8965529672568655 95.570966218598187 39.676620373502374 139.94050489098299 15.063881100155411 6.7019132216228163 17.511086103389971 65.377601437852718 34.668262836989015 9.1323295780457538 43.363400036934763 17.930865858215839 23.125992224551737 176.61247155850288 25.950184815563262 21.500326317735016 148.70492767135147 13.414971404941751 11.996573926880954 48.080839017173275 6.616987175308167 11.941694901790472 10.135586949065326 48.63722433464136 88.139572268701158 242.62150286984979 16.961228071711957 8.0699325576424581 721.16162683599396 8.9153553009964508 15.496603893116115 4.3937568792607626 78.02711241185898 3.2484001275151959 4.1644888762384644 36.154774161055684 9.23143915645778 14.050792575580997 2220.9381552468258 26.704281876794994 2.9841305916197589 846.15762976685073
leaf_count=1868 228096 196 23049 132390 10786 55421 18272 36432 23148 64052 98062 133722 73 52885 644 52 48 20 70 67 68 4095 1062 1377 95 104 234 1291 247 79 421 181 132 1254 190 139 1665 67 87 507 39 154 49 423 1932 2227 78 41 7056 59 74 109 1330 39 16 625 84 233 45456 139 37 17745
internal_value=-2.04532e-05 0.00345323 -0.00120218 -0.00443683 0.00217593 0.000637478 0.00441184 0.000923078 -0.000819688 -3.64402e-05 0.000352298 -0.00187963 0.00396359 0.00636449 0.0167047 0.0230544 0.0158245 0.0069502 -0.00163801 -0.0277368 -0.0010486 -0.00101757 0.00500894 0.0019845 0.00716753 -0.00449506 -0.00892792 -0.000982082 0.0159622 0.00858288 -0.0168571 -0.023481 -0.00461609 0.0210799 0.000467116 -0.00241308 -0.00892949 0.0183838 -0.0201219 -0.0371523 -0.0286481 -0.00132443 -0.0220281 0.0245813 0.00718302 0.0126934 0.0183458 0.00504374 0.00352873 -0.00832418 -0.00444528 -0.00984188 -0.00681437 -0.0112764 -0.00728917 -0.00167778 -0.015732 0.0112451 0.00576183 -0.0123017 0.000258355 0.00207854
internal_weight=36427.8 9246.79 27181 2874.21 6426.98 3807.31 2619.67 3778.99 24306.8 13977.8 12919.8 10328.9 2558.16 2819.81 155.295 61.51 51.6903 42.5771 36.4591 19.085 7777.64 7773.75 2222.96 929.665 516.508 413.157 308.566 268.086 248.422 104.591 168.626 125.262 52.6337 191.676 261.533 235.583 170.205 71.1845 35.1226 72.6287 54.6978 56.7455 22.0773 62.0522 1293.3 361.68 259.583 931.617 843.477 122.316 113.4 97.9037 93.5099 85.44 82.1916 102.098 48.9081 53.1897 2664.52 33.4062 39.1389 3058.06
internal_count=970593 263911 706682 155439 163058 120384 42674 109598 551243 185262 162114 365981 42221 100853 2512 453 401 353 333 137 232259 232191 23949 8947 5157 3790 2978 3358 1799 812 1601 1180 453 1349 3285 3095 1804 569 219 727 546 450 203 490 15002 4346 2305 10656 8724 1668 1609 1535 1426 1385 1346 2041 1146 895 98341 243 662 54177
is_linear=0
shrinkage=0.05


Tree=112
num_leaves=63
num_cat=0
split_feature=6 6 7 6 10 10 10 7 10 4 0 5 2 5 2 9 4 7 9 2 5 13 8 4 8 5 4 9 5 3 3 13 2 0 5 7 4 0 10 9 10 10 8 10 5 7 9 9 13 0 10 7 4 6 4 2 7 10 4 13 5 2
split_gain=62.4705 19.3821 9.11818 8.28989 7.30999 17.5429 8.48846 8.14467 7.3561 6.99675 6.69537 10.9959 8.78892 8.11611 8.43759 7.63248 7.97668 8.35095 7.05476 6.29745 7.23938 6.26616 6.43011 6.27125 10.3365 7.3212 6.1423 6.11747 7.64986 7.58435 6.54753 6.05187 6.00361 5.84457 5.75529 8.35513 7.09876 8.96589 6.4008 5.63573 8.54104 5.60064 6.13742 7.89501 5.95498 8.44643 5.56356 6.00199 5.4781 5.41718 5.4076 6.61925 7.19719 6.34981 5.44525 5.41634 5.36355 5.30397 5.25864 5.1551 6.03154 5.10221
threshold=0.31563769280910497 0.15856875479221347 0.31710684299469 0.047675048932433135 9.5731415748596209 9.851720333099367 9.4874033927917498 0.37811204791069036 1.0000000180025095e-35 0.34099727869033819 4.6586997509002694 1.7005987167358401 0.63781714439392101 4.5053346157073983 0.6473156511783601 0.52726703882217418 0.57175534963607799 0.31844390928745275 0.29559201002120977 0.6429714858531953 3.9019216299057011 0.3101449608802796 0.2773806899785996 0.58086121082305919 0.62546247243881237 4.4127798080444345 0.084557808935642256 0.023774610832333568 4.3757371902465829 6.9221508502960214 5.6784632205963144 1.4867877364158633 0.50417831540107738 3.6242519617080693 3.4175922870635991 0.24345834553241733 0.49515162408351904 1.0000000180025095e-35 8.7140464782714862 0.061210911720991142 9.3032836914062518 11.942002773284914 0.13582576066255572 11.535933971405031 4.2555875778198251 0.15953581035137179 0.22061753273010257 0.45880782604217535 0.28407502174377447 4.5695295333862314 9.2310247421264666 0.33397799730300909 0.37102721631526953 0.33490191400051122 0.61066952347755443 0.64024758338928234 0.1543950438499451 11.437312602996828 0.48242683708667761 1.4913613200187685 1.8688347935676577 0.14390365779399875
decision_type=2 2 2 2 2 2 2 2 2 2 2 2 2 2 2 2 2 2 2 2 2 2 2 2 2 2 2 2 2 2 2 2 2 2 2 2 2 2 2 2 2 2 2 2 2 2 2 2 2 2 2 2 2 2 2 2 2 2 2 2 2 2
left_child=1 3 9 -1 6 -6 8 -8 -2 26 11 12 61 18 -15 16 -12 -18 -13 20 -19 -17 -23 -24 25 -25 -3 28 29 30 -5 34 -4 -20 35 39 37 -36 -37 40 -11 42 43 46 -44 -46 57 58 -32 -14 -10 52 -52 -53 -55 -54 -43 -39 -48 -33 -61 -7
right_child=4 2 32 27 5 10 7 -9 50 31 15 13 49 14 -16 21 17 19 33 -21 -22 22 23 24 -26 -27 -28 -29 -30 -31 48 59 -34 -35 36 38 -38 41 -40 -41 -42 56 44 -45 45 -47 47 -49 -50 -51 51 53 55 54 -56 -57 -58 -59 -60 60 -62 -63
leaf_value=0.032999316489717524 -0.020860880176758842 -0.021521561059111381 0.034805651306903967 -0.013157917953815618 -0.010956100248422411 -0.010989934056081077 0.014139642198600401 -0.0011669931242383762 0.00047858922741877757 0.054683323775985053 -0.0030113580047479447 -0.019402463178710704 0.0039270549759616155 -0.011579872732704574 -0.083275005884829223 -0.0096895752604399324 0.032189090124589606 0.01829158297216683 0.0038426899300589151 -0.00034947281315757283 -0.013577610911868985 0.045177483210105028 -0.0016649702705625825 -0.017426167342052681 0.022122915741735239 0.029999781951939725 0.0002230181982432016 0.0071931386737443155 -0.049763172498162936 -0.088352289521698713 -0.057744063726964293 0.023166376028837324 -0.007425346362742633 -0.0010435883864304829 0.036513319042103046 0.017060356733898659 0.0027173416105535798 0.011271209389678735 0.0016474328365857186 0.0059852027258054758 -0.064307651728069667 -0.077941486645393923 -0.00061589474144846444 0.027202605437784511 -0.082996770179316073 -0.0086537435974110115 -0.033249576689971486 0.059519511647550205 0.053795969753563225 0.03452250492234922 -0.0056209474448934739 -0.053646964708344125 0.04446547676216181 -0.0057198280005302804 -0.049696449521156059 -0.016711243916780017 -0.0093274442051210649 -0.041559374477692528 0.026087011259464662 -0.033135929562990156 0.0084312669909275793 -0.0023575612196041419
leaf_weight=30.621474468205633 44.563612324771384 32.684348657579903 33.468891402386362 13.896779359696671 575.14054659669637 177.63124617235735 199.63185801343934 153.90883040920016 2668.5124045466364 1.9896677864016945 5432.8989577750981 38.448506514363544 34.781702864915133 52.86002404953615 4.4491379626560947 702.02399390467326 22.459342579357326 93.200563990976661 1783.7433809568174 756.11192924145143 22.032137507107109 6.7458575351920436 740.73715359390189 177.14635018608533 20.55161836289335 8.5292907436378282 5106.3482830117682 1678.4102269047944 10.398026425646092 2.1794343983638091 1.2584282993921068 60.176791111298371 11.242626049323006 931.59709335310617 14.625365666972355 68.334175924770534 1394.1994508474745 75.987195798814355 4726.4030398472969 1867.2099636940984 6.2305053780437447 2.8872369057498863 697.00611529767048 39.408991435950156 3.8867585507978211 224.48777404065913 23.259387567639358 2.3489609174430361 8.7882809817092475 24.771634155418724 26.773438727868779 7.2495578677480799 18.513945710263219 419.91624776482058 7.1590577058959743 4.4968175347894421 210.52083164137002 5.0676768583361982 4.4480116525664917 9.3255533305928093 135.97618227369094 4708.950799923361
leaf_count=3092 8592 11231 927 3135 29537 6841 4305 4868 28339 14 134763 7018 272 6561 123 42649 125 547 87514 5411 210 118 28856 2042 1024 191 218868 55141 6189 227 195 399 191 38054 441 313 11574 2043 38851 14287 165 56 16820 752 115 12023 780 33 406 134 1539 303 216 20387 83 42 9211 105 56 63 999 100485
internal_value=-4.28019e-05 0.00223079 0.00164147 0.00721306 -0.00193156 -0.00237901 0.000124381 0.00747612 -0.000688565 0.00157296 -0.0020656 -0.0010195 -0.00243868 0.00147756 -0.0171459 -0.00308219 -0.00229125 0.00208586 0.00186513 0.00130993 0.0121983 -0.00610442 -0.0034654 -0.00381192 -0.0115234 -0.0152476 8.47222e-05 0.00675263 -0.013492 0.000945401 0.00907364 0.00237181 0.0241867 0.00216627 0.00218564 0.00297384 0.000237095 -0.00241485 0.0018671 0.00580334 -0.0355062 -0.00285643 -0.00138876 0.00797477 -0.00291181 -0.009919 0.00115504 -0.0172183 0.0398247 0.0166535 -0.00040342 -0.00526525 0.0120036 -0.00724468 -0.00645701 0.0325102 -0.0102557 0.00796816 -0.023724 0.0108601 0.00576346 -0.00267136
internal_weight=36368.6 16503.1 14757.5 1745.55 19865.5 16314.8 3550.73 353.541 3197.19 14712.8 15739.7 7757.23 4946.14 2811.1 57.3092 7982.44 6326.7 893.804 2753.79 871.345 115.233 1655.73 953.71 946.964 206.227 185.676 5139.03 1714.93 36.5209 26.1229 23.9435 9573.78 44.7115 2715.34 9368.3 6670.17 2698.13 1303.93 4794.74 1875.43 8.22017 1289.31 1075.9 150.52 925.381 228.375 111.111 30.0564 10.0467 59.5533 3152.62 484.109 49.7842 434.325 427.075 23.0108 213.408 81.0549 27.7074 205.479 145.302 4886.58
internal_count=969851 408702 340317 68385 561149 492475 68674 9173 59501 339199 462938 247002 107732 139270 6684 215936 141056 6293 132586 6168 757 74880 32231 32113 3257 2233 230099 65293 10152 3963 3736 109100 1118 125568 107639 53630 54009 42435 39164 14466 179 41994 32727 3769 28958 12138 3017 869 601 406 50909 22570 1797 20773 20470 258 9267 2148 836 1461 1062 107326
is_linear=0
shrinkage=0.05


Tree=113
num_leaves=63
num_cat=0
split_feature=6 6 7 9 9 10 10 12 12 6 1 8 1 10 5 5 9 6 7 2 2 9 8 2 8 1 1 9 5 10 12 1 9 1 9 0 0 7 9 1 7 13 10 0 5 10 8 10 12 7 10 12 8 13 9 12 10 5 13 12 0 7
split_gain=77.9088 14.712 10.4936 6.62977 6.26895 6.12773 10.1808 6.60134 6.95588 6.47132 6.11618 9.04032 8.45753 6.0405 6.91723 11.5677 8.82162 11.1981 11.6815 10.4362 8.41546 10.5077 7.62998 7.87155 7.35237 6.68529 6.68182 6.609 9.07987 6.58195 6.49183 6.41566 6.32562 6.17991 6.11076 6.56602 5.84816 5.7682 6.68402 5.41713 5.99001 5.43496 8.28623 5.86036 5.85495 7.97605 6.69971 5.97819 7.72848 5.63331 5.61917 9.11343 10.1607 8.97925 7.79217 10.5933 7.23687 6.40343 5.8673 5.6552 5.41934 6.01132
threshold=0.25249001383781439 0.3357179611921311 0.1363976672291756 0.039986019954085357 0.31697301566600805 9.586616516113283 9.851720333099367 0.11357812955975534 0.10328164324164392 0.61986771225929271 0.52398183941841137 0.55739071965217601 0.53546559810638439 9.4874033927917498 3.5114340782165532 3.6762205362319951 0.48956896364688879 0.42096553742885595 0.42683595418930059 0.6929863989353181 0.51187002658844005 0.59796574711799633 0.36980165541172033 0.65615329146385204 0.59528771042823803 0.47323122620582586 0.50076606869697582 0.66434085369110119 4.3107767105102548 9.4392271041870135 0.31757545471191412 0.58954831957817089 0.49813310801982885 0.50076606869697582 0.50363564491271984 6.7280302047729501 7.2086000442504892 0.33662588894367224 0.26301880180835729 0.28342764079570776 0.23676994442939761 0.1948223486542702 12.41173839569092 8.2956385612487811 3.1984648704528813 12.309280872344972 0.46723049879074102 11.504061222076418 0.89521595835685741 0.25585609674453741 11.280583381652834 0.87459480762481701 0.38574092090129858 0.30981232225894934 0.31222327053546911 1.0787262916564944 8.7140464782714862 3.2384861707687382 0.28521916270256048 0.91532614827156078 5.6784632205963144 0.27915035188198095
decision_type=2 2 2 2 2 2 2 2 2 2 2 2 2 2 2 2 2 2 2 2 2 2 2 2 2 2 2 2 2 2 2 2 2 2 2 2 2 2 2 2 2 2 2 2 2 2 2 2 2 2 2 2 2 2 2 2 2 2 2 2 2 2
left_child=2 37 -1 -4 -3 13 10 8 -8 -9 -7 12 -12 14 22 25 24 20 -19 26 21 32 23 29 -17 -16 -20 34 -29 -6 -15 33 -18 -31 -28 -36 -21 39 -39 40 -2 42 -41 -44 46 47 -43 50 49 -49 54 52 57 59 55 -46 -56 -52 -54 -53 -51 -62
right_child=1 4 3 -5 5 6 7 9 -10 -11 11 -13 -14 30 15 16 17 18 19 36 -22 -23 -24 -25 -26 -27 27 28 -30 31 -32 -33 -34 -35 35 -37 -38 38 -40 41 -42 44 43 -45 45 -47 -48 48 -50 60 51 53 58 -55 56 -57 -58 -59 -60 -61 61 -63
leaf_value=0.0087221456146663618 0.030188452495037328 -0.013020953302227693 -0.038265570838457948 0.0036144667598203939 -3.0615022763427364e-05 -0.011974048694296559 -0.007773380280600122 -0.0021970931322345655 -0.053756449987692113 -0.015651932494969122 0.028336153316845542 0.054901992693496007 -0.018336234430650866 0.0017715690569024669 -0.0036024051292888812 -0.0052663249521994644 -0.0426238797578843 -0.094394148164141156 -0.008466463550918301 -0.053359272898586843 0.057367026201791897 -0.079840033647562245 -0.0061633781734049585 0.037923747218853339 -0.083081141480578213 0.026568355022179014 0.044703741690759878 0.047445516566663244 -0.019672655780659715 -0.027124088751185278 0.016995656210206701 -0.11527884516172507 0.048725703071637372 0.082825170370937062 -0.0030596111013253655 0.025027557662427227 0.0031418419756560467 0.050808241279190064 0.007618895687174429 -0.010941085462940788 -0.0035439047106281766 0.0014348430642783416 0.00018747140162066956 -0.037370449665310931 -0.0047733954227136884 0.029159010162219036 0.033465865211050265 -0.09420605830399581 -0.0043529002809838688 -0.0040044395998183619 -0.032738872390147722 -0.043583129923073456 0.025953414143129079 0.027195689244761873 -0.039430483270135409 -0.052344356003416484 0.0027760593774369406 0.026674894496589097 -0.048480256072809709 -0.0046231096938472126 -0.07238180416425978 -0.021102357174924952
leaf_weight=1153.5617448441808 13.310097919458711 133.37042114407814 9.4633613257537927 6612.4145569542925 1484.294542341624 406.8026626339124 23.903260335297091 13614.160792905655 12.53819603146985 89.957231570704607 14.59198783081956 8.0700123843271268 28.991580207832158 247.64073060310329 24.139424571272684 228.87089362950064 2.4529498682240982 3.0233355952950651 46.785432534015854 11.433617371832954 18.082663068780676 2.8605316187022245 782.80948857308249 13.499349646270273 3.0763926362269549 76.696827211882919 10.241039976477621 24.671194559428844 6.3322712779045096 18.127931673981955 97.629711267276434 1.9149860739707936 8.3328832798142667 1.3749551698565472 79.554453348158859 28.177853862755001 7.6400435445830217 11.040806359131237 47.493515071808361 252.20013969363936 1171.3840801080532 6738.9919051589386 692.16938075198414 10.544538999442009 582.26550805130682 20.922061752076843 16.364684655796736 2.7100074043300983 456.90072995152877 26.275108874426223 4.784593319753184 10.423668232120688 3.8732252148911348 21.09194708216819 10.314396435394881 11.94275136865326 662.17361048154999 86.937695597385755 8.3661705233680532 87.515781901878654 7.95810398901813 20.276863607694395
leaf_count=46179 478 17124 5540 177670 17290 22712 475 392958 313 10392 244 220 365 7677 1868 6397 82 94 4117 94 127 67 18552 69 101 453 52 206 63 782 2100 3 253 7 471 135 62 297 938 6838 69607 89574 15034 156 16106 499 202 66 14490 705 103 271 111 769 112 395 13127 1972 253 2284 154 372
internal_value=-0.00011566 -0.00132445 0.00432127 0.00355462 -0.00222199 -0.00213935 -0.00258648 -0.00234193 -0.0235945 -0.00228541 -0.00991617 0.00629084 -0.00271009 -0.000173557 -0.000921693 0.00394645 0.00072176 0.00724574 0.00320398 0.00457746 0.0349974 0.00535574 -0.00215325 -8.69371e-05 -0.00629841 0.0193457 0.00801732 0.013194 0.033737 -0.000427719 0.00607638 -0.0279477 0.0279507 -0.0193727 0.00779524 0.00428671 -0.0307275 0.000111369 0.0157653 2.74572e-05 -0.00316492 0.000415951 -0.0031664 -0.000376102 0.000805564 -0.00155286 0.00151244 -0.00187353 -0.00652234 -0.0238453 -0.000269135 0.00704981 0.0178656 -0.00239669 -0.00155759 -0.0057295 0.00212871 0.0235756 -0.0249253 -0.00876961 -0.0203472 -0.0355556
internal_weight=36315.7 28540.3 7775.44 6621.88 17562 17428.7 14199 13740.6 36.4415 13704.1 458.456 51.6536 43.5836 3229.66 2884.39 582.372 481.536 249.588 217.859 214.836 31.729 13.6464 2302.02 1519.21 231.947 100.836 195.762 148.977 31.0035 1505.71 345.27 21.4179 10.7858 19.5029 117.973 107.732 19.0737 10978.2 58.5343 10919.7 1184.69 9735 954.914 702.714 8780.09 2024.73 6755.36 2003.81 514.121 57.2201 1489.69 222.993 103.962 119.031 1266.7 594.208 672.488 91.7223 12.2394 97.9395 54.5101 28.235
internal_count=970227 740838 229389 183210 505925 488801 427679 404138 788 403350 23541 829 609 61122 51345 14642 12321 5823 5294 5200 529 402 36703 18151 6498 2321 5044 927 269 18082 9777 792 335 789 658 606 156 234913 1235 233678 70085 163593 22028 15190 141565 51789 89776 51290 15787 1297 35503 5763 2439 3324 29740 16501 13239 2075 364 2555 1231 526
is_linear=0
shrinkage=0.05


Tree=114
num_leaves=63
num_cat=0
split_feature=6 6 6 5 5 9 1 1 8 9 13 13 9 13 8 4 3 6 6 6 9 2 8 0 6 5 13 1 5 3 2 0 9 13 8 10 3 2 6 10 8 5 9 3 5 4 2 2 10 6 4 13 13 9 0 6 2 5 10 0 13 4
split_gain=54.403 14.0809 13.8846 9.77429 9.62891 20.9788 8.77923 8.77736 8.409 10.714 7.91611 7.71404 7.68281 10.2761 9.69054 9.39318 7.65802 7.57816 7.94354 7.54582 9.93572 8.11096 9.22528 7.22621 7.08173 7.48703 6.74013 6.72697 6.71702 6.63446 9.55886 6.48554 19.9303 6.46454 6.08998 10.1892 6.681 6.1194 5.98901 5.96319 9.21988 7.20251 5.82605 9.49696 8.47356 9.82427 9.05127 7.52111 6.4999 10.4906 6.30393 5.82159 8.16496 7.846 7.9934 7.57608 7.23408 7.20433 8.7125 9.68927 7.20735 7.15212
threshold=0.2709635347127915 0.1833189278841019 0.35257433354854589 1.2424533367156985 2.7403194904327397 0.10099299624562265 0.41398631036281591 0.62213659286499035 0.37722758948802954 0.38466042280197149 0.14563074707984927 1.2954229712486269 0.21800297498703006 1.4720080494880678 0.23850990086793902 0.26016886532306677 5.8126356601715097 0.40593741834163671 0.38543431460857397 0.4661365300416947 0.40549814701080328 0.7198392152786256 0.37722758948802954 6.6247289180755624 0.047675048932433135 3.2384861707687382 0.34762002527713781 0.35156591236591345 2.1383330821990971 4.9452011585235605 0.62423995137214672 7.7555530071258554 0.078748404979705824 0.50547975301742565 0.21858798712491992 9.0030698776245135 7.7863438129425058 0.74533575773239147 0.38019372522830969 12.199974060058596 0.23551690578460696 2.0126758217811589 0.3155884593725205 8.1947808265686053 1.4978661537170412 0.3979411125183106 0.43846489489078527 0.6193075180053712 8.7140464782714862 0.34268979728221899 0.34530405700206762 0.41065651178359991 0.34555774927139288 0.17925535887479785 5.0205800533294687 0.22362303733825686 0.74533575773239147 2.9174053668975835 8.8768234252929705 8.599403381347658 1.3907248973846438 0.55275359749794017
decision_type=2 2 2 2 2 2 2 2 2 2 2 2 2 2 2 2 2 2 2 2 2 2 2 2 2 2 2 2 2 2 2 2 2 2 2 2 2 2 2 2 2 2 2 2 2 2 2 2 2 2 2 2 2 2 2 2 2 2 2 2 2 2
left_child=1 6 27 8 12 -6 -1 19 9 11 -10 23 14 15 -3 -14 -17 18 38 20 -5 28 -23 -4 -8 -26 -24 -2 -21 30 -19 -27 33 -33 35 -29 37 -37 -9 41 -41 -18 43 50 45 -45 -46 -47 49 -44 -36 52 53 55 -55 61 57 58 -53 60 -60 -7
right_child=2 4 3 7 5 51 24 17 10 -11 -12 -13 13 -15 -16 16 39 29 -20 21 -22 22 26 -25 25 31 -28 34 -30 -31 -32 32 -34 -35 42 36 -38 -39 -40 40 -42 -43 48 44 46 47 -48 -49 -50 -51 -52 56 -54 54 -56 -57 -58 -59 59 -61 -62 -63
leaf_value=0.0034331346053325302 -0.0012065728314871746 0.0052862272601957028 -0.020560450953158973 -0.0054073081186260981 -0.038425462370164504 0.00033886031701763129 0.03683597508996244 0.0073828107887742474 -0.059212840444945104 0.00050720504019939616 -0.0088125889421496739 -0.094168788987508856 -0.0090384263692758465 -0.06266093508175781 -0.002064575121960995 0.0065244298896122242 0.033303752862129873 -0.017964464259374098 0.020736356226594824 -0.018193526307899305 -0.00032114069739374104 0.077825180638463706 -0.0041686021530295712 0.018183068348695371 0.018752126826170935 0.0083989321051082793 -0.040745983958176045 0.016762501665678636 -0.0037709053506699039 -0.003130676744287408 0.032741641081600874 -0.091116100786488019 0.0033893605084891962 -0.017636895822799439 0.020104980021037923 -0.015200831505805659 0.017446088911087541 0.03669547378778918 -0.021245670274227534 0.024488370548873262 -0.028323420401953726 0.014440776839140235 -0.030738714809273471 0.026208422329068354 0.038076486209576897 -0.05824323270456247 -0.025028887527673217 -0.00075939042823571965 1.293969452474101e-05 0.02685894034119379 0.0026973800063786399 0.032959522856716321 0.012260061817921643 0.0074465662202415324 0.00035676495074523458 -0.017226087826169675 0.051552900378885651 -0.0035371006043473339 0.0069705039258960268 -0.095500858477862743 -0.040353740823455359 -0.02635538356191235
leaf_weight=1353.9322261367324 8259.874371405298 1393.2694438485196 80.45368630818848 1213.1091563153823 34.355500295352613 440.00002434046473 22.529505556449294 105.16561972815543 7.8583011986920601 605.06146160606295 908.09396854702209 3.160894757253117 59.4156583857839 4.9246745893033212 661.08864314306993 302.72675935225561 79.71393839456141 13.274229274829848 110.42957398714498 84.396457720256876 4605.5221715144944 2.158259723102673 19.686204451019876 14.152228376478886 160.85085131670348 1169.470707104454 34.962132889544591 38.967696906242054 1857.6023634362064 315.06772455899045 31.001334697357379 7.8773216644185577 97.364119068253785 4.8277933023637161 52.763557402489823 193.77285726091941 18.870033279061317 5.8519114155787966 22.108852366916835 16.822666222695261 16.244436115957797 138.58889083424583 37.458139555645175 27.374934397172183 6.1308868754422283 7.5776342106983092 77.642223995324457 22.845553446561098 4583.7659898005659 10.02028578519821 3633.9527806628757 27.921524409292033 189.24175922101131 656.98467680366593 1006.8115653840068 87.372628804587293 6.314719356596469 1143.8686666228168 136.18909510271624 2.4798789913766077 8.5505383224226517 26.609735989011824
leaf_count=87820 237547 24281 2371 53528 11528 11429 385 486 148 9347 23575 44 2339 78 11675 4893 365 102 525 6358 156407 30 881 160 945 10315 680 223 112956 3227 460 218 986 45 873 3992 392 34 105 111 143 789 227 128 40 64 874 134 50992 56 35406 393 4220 22876 21950 4519 19 41495 3153 20 133 149
internal_value=7.80608e-05 0.00338611 -0.0010556 -0.00253023 0.00209631 0.000467634 0.00633467 -0.00184573 -0.00608827 -0.00197431 -0.00924499 -0.017332 0.00439156 0.00927738 0.00292075 0.00985483 0.0118808 0.00399768 0.0109237 -0.00229201 -0.00138154 -0.00494244 -0.0235653 -0.0147648 0.00902004 0.00858497 -0.0275696 -0.00018411 -0.00439769 -0.000583857 0.0175395 0.00730685 -0.00429635 -0.0631949 0.000784735 -0.00679076 -0.0109914 -0.0136795 0.00240976 0.0183314 -0.00145578 0.0213286 0.00101529 0.00245851 -0.0102499 0.00447695 -0.0204106 -0.0150771 -0.000177699 -0.0185828 0.00294651 0.000825638 0.00229092 0.00144026 0.00315632 -0.00371366 -0.00183557 -0.00209117 0.00735242 0.0024958 0.00417481 -0.00118345
internal_weight=36266.5 9256.35 27010.1 10033.3 6439.5 3766.7 2816.85 8414.48 1618.78 702.828 915.952 97.7668 2672.8 618.437 2054.36 613.512 554.097 597.047 237.704 7817.44 5818.63 1998.81 56.8066 94.6059 1462.92 1440.39 54.6483 16976.9 1942 359.343 44.2756 1279.54 110.069 12.7051 8716.99 257.462 218.495 199.625 127.274 251.37 33.0671 218.303 8459.53 3828.29 141.571 57.7981 83.7731 30.4232 4631.24 47.4784 3686.72 3732.34 2407.02 2217.78 1663.8 553.982 1325.32 1319.01 175.141 147.22 144.74 466.61
internal_count=969644 267272 702372 371390 166558 121884 100714 335745 35645 11922 23723 2575 44674 8718 35956 8640 6301 4905 1116 330840 209935 120905 1591 2531 12894 12509 1561 330982 119314 3789 562 11564 1249 263 93435 4641 4418 4026 591 1408 254 1154 88794 37519 1240 326 914 198 51275 283 36279 110356 65143 60923 44826 16097 45213 45194 3699 3306 3286 11578
is_linear=0
shrinkage=0.05


Tree=115
num_leaves=63
num_cat=0
split_feature=6 6 7 9 9 5 5 8 6 9 2 3 9 4 10 12 2 10 5 0 9 10 12 4 4 2 8 5 3 4 9 10 8 4 2 5 10 3 5 12 3 10 10 10 10 12 6 2 3 2 8 10 5 4 2 5 5 12 4 2 0 10
split_gain=54.0608 16.1162 8.55727 7.20169 7.17349 6.91901 6.38434 9.77268 7.16252 7.01719 6.42265 6.4064 7.43117 5.90256 5.88789 7.62066 6.92541 6.52546 6.14916 5.83508 6.2333 5.69609 5.6859 7.51657 6.8908 5.4183 5.35994 10.8125 7.20031 8.02353 8.42347 8.18903 5.93659 5.86263 10.8249 5.78274 5.64388 5.77872 8.75373 5.88362 7.2626 7.42665 5.92186 5.88905 5.48746 7.9098 7.88645 9.77889 7.30396 11.4607 7.24895 6.41026 6.00893 5.42719 10.6158 6.52122 6.27997 6.61948 5.41933 5.41453 5.4117 5.37626
threshold=0.22555606067180636 0.33609920740127569 0.10166926681995393 0.028990741819143299 0.12190329656004907 3.9415346384048466 2.8029010295867924 0.44718402624130255 0.33490191400051122 0.17717922478914264 0.74533575773239147 8.054997920989992 0.52111247181892406 0.29237166047096258 9.3032836914062518 0.3634446263313294 0.74533575773239147 11.70258665084839 3.7012257575988774 4.4127798080444345 0.16758801043033603 12.501635551452638 0.90482276678085338 0.5150875747203828 0.50377199053764354 0.62169596552848827 0.36980165541172033 1.8688347935676577 3.5114340782165532 0.5510709583759309 0.40054003894329077 9.851720333099367 0.47583316266536718 0.6210572123527528 0.71005317568779003 5.2067463397979745 12.435929775238039 3.8176519870758061 3.7726949453353886 0.99983829259872448 3.6242519617080693 11.79451894760132 8.8223190307617205 11.103715419769289 11.045327186584474 0.80634185671806347 0.34657768905162817 0.68799352645874035 3.7726949453353886 0.58207994699478161 0.57510179281234752 10.582814216613771 3.0201274156570439 0.40038679540157324 0.51187002658844005 3.5694335699081425 3.0201274156570439 0.06827466189861299 0.4620081633329392 0.45235520601272589 3.5694335699081425 9.0030698776245135
decision_type=2 2 2 2 2 2 2 2 2 2 2 2 2 2 2 2 2 2 2 2 2 2 2 2 2 2 2 2 2 2 2 2 2 2 2 2 2 2 2 2 2 2 2 2 2 2 2 2 2 2 2 2 2 2 2 2 2 2 2 2 2 2
left_child=2 4 5 -4 -2 25 7 10 9 -8 -6 12 14 -5 -11 16 -16 18 -17 20 -7 26 23 24 -19 -1 35 32 29 31 -31 -29 -28 44 -35 36 37 39 -39 -3 42 43 -41 -42 46 -46 47 52 49 50 -48 53 -30 -50 55 56 57 -55 -57 -34 -44 -56
right_child=1 21 3 13 6 19 8 -9 -10 11 -12 -13 -14 -15 15 17 -18 22 -20 -21 -22 -23 -24 -25 -26 -27 27 28 33 30 -32 -33 59 34 -36 -37 -38 38 -40 40 41 -43 60 -45 45 -47 48 -49 51 -51 -52 -53 -54 54 61 58 -58 -59 -60 -61 -62 -63
leaf_value=0.031132845077116611 -0.034373086696141315 0.00076850904086318557 -0.02643905804800813 3.5682180753361777e-05 0.0010764761818456688 -0.010023300587885352 -0.01421734991167756 0.033159483458217155 -0.080656601679777784 0.0044959642051166709 0.030903790532030642 -0.01061817117527941 0.014104897535178721 0.0049623212490664198 -0.006304917837221995 0.0035129991171331597 0.048800245978212531 -0.027203762510971959 -0.002148791169353043 0.011791955413939971 0.042335573084930994 -0.0063737763052301184 -0.0029289794461892834 -0.11091607695224515 0.053824562221635952 -0.04681536787617855 -0.005150483858762012 -0.011032120783960889 -0.046303470976529537 -0.022234999752662275 0.04671447758486804 0.0037411716907869118 -0.0059952164223396193 -0.0021018946089190541 0.014626246832427223 -0.055345181229690892 0.0067481240336523269 0.001298704621841942 -0.0064867683109156235 -0.034216467372456316 -0.0056150882881246819 0.0063385495707970821 -0.0029111847203910821 -0.039335255033989519 -0.0096110356286179029 -0.0026748518030059632 -0.019405201973547889 -0.075325549251425886 -0.0075899321109031614 -0.077409887942689423 0.037741745176264552 0.0038893821424678663 -0.0032375445841808328 -0.01062751460660773 -0.012465351589906581 -0.0047808385132473829 -0.0092977502473921871 0.019256698334443823 0.021818291057964418 -0.026023945526967934 0.030680213002131203 -0.0016065458855759115
leaf_weight=53.387363617479423 14.780500897708405 1217.1254766745478 19.231766904933465 715.86615590819929 9537.2760554609995 57.2010261855321 98.356366609696124 23.879037264967337 2.8242023673810754 491.00479129666928 18.082082282751799 157.62572715152055 87.050287511083297 4033.5520336551781 733.31022748960822 1278.6874555545946 5.7463300600647917 22.840389961085755 767.36041224851215 315.19832573586609 6.3115067161852485 667.21490369802268 940.32519189179584 2.3712744717486194 2.9643671363592139 2.3265688559040418 1717.8905278453531 107.70527792059147 10.17638503044145 5.7717663408257094 19.04967499896884 726.73449407485896 67.278946346719749 307.36477028942318 141.1066136098234 4.8552449167545992 242.96931774771656 3355.6443421290023 404.57635469621164 15.055213363142682 19.743819215946132 22.184442784913699 3152.4682819557129 37.618469577777432 602.77194936120941 1292.0539177070023 32.876519265031675 6.9519454885739824 353.75236956870503 7.4377576207043594 6.6760217177798031 609.68904268841288 39.691276357618335 26.339876272715628 126.76091175386682 23.738537135533988 74.36423990665935 62.497191327565815 99.049878214427736 67.697545021364931 12.035739288607145 1131.1568133858382
leaf_count=1601 8221 22113 6404 62743 153971 9380 8277 355 165 11241 82 3068 1337 77076 31020 25316 19 666 26841 10538 252 31523 35461 21 13 33 43552 8178 266 27 245 47341 4781 2562 1557 539 4891 51459 18687 129 394 552 70862 511 20119 73214 1795 46 36229 75 478 21058 1460 233 668 1047 1042 1019 815 2118 287 22617
internal_value=-8.07516e-06 -0.000799581 0.00470812 0.0040961 0.000441739 0.0114262 0.000478054 0.00121276 -0.0010551 -0.00100609 0.00113292 -0.000716645 -0.000356336 0.00421974 -0.000652913 -0.00132643 -0.00587646 -0.000210932 0.00138957 0.00900598 -0.00482018 -0.00184652 -0.00359214 -0.025724 -0.0178955 0.0278778 -0.00165949 -0.0026177 -0.00155765 0.00266762 0.0306816 0.00183431 -0.0059438 -0.00229044 0.00316143 -0.000793636 -0.000762401 -0.000983956 0.000461036 -0.00219781 -0.00330559 -0.018228 -0.00293226 -0.0277289 -0.00283306 -0.00488135 -0.00134668 -0.0197707 -0.00093685 -0.0204673 -0.00975944 -0.000570829 -0.0120259 -0.00200383 -0.000723893 0.00797144 0.00142243 0.0103961 0.0166759 -0.0160406 -0.00278342 -0.00270079
internal_weight=36205.6 31002.6 5203.07 4768.65 14184.5 434.425 14169.7 9579.24 4590.47 4587.64 9555.36 4489.29 4331.66 4749.42 4244.61 3753.61 739.057 3014.55 2046.05 378.711 63.5125 16818.1 968.501 28.176 25.8048 55.7139 16150.9 7666.58 5813.72 859.261 24.8214 834.44 1852.87 4954.46 448.471 8484.28 8479.42 8236.45 3760.22 4476.23 3259.11 79.5467 3179.56 57.3623 4505.98 1894.83 2611.16 56.8196 2554.34 46.9903 39.5525 2507.35 49.8677 1897.66 1543.91 285.99 163.201 88.8371 122.788 134.976 3164.5 1257.92
internal_count=968590 800563 168027 146223 306074 21804 297853 154408 143445 143280 154053 135003 131935 139819 130598 119357 31039 88318 52157 20170 9632 494489 36161 700 679 1634 462966 292542 242091 55791 272 55519 50451 186300 4119 170424 169885 164994 70146 94848 72735 1457 71278 905 182181 93333 88848 1772 87076 2348 2273 84728 1726 63670 27441 4156 2294 1252 1862 6899 71149 23285
is_linear=0
shrinkage=0.05


Tree=116
num_leaves=63
num_cat=0
split_feature=6 6 6 5 9 1 12 5 13 1 5 9 7 9 1 6 4 7 13 2 4 13 4 3 9 3 2 9 6 5 1 3 13 5 9 6 13 9 0 13 13 12 10 1 6 2 10 10 12 0 5 2 2 2 9 6 1 5 4 4 13 13
split_gain=54.1496 13.5927 12.6787 9.35264 8.47284 7.88727 7.10802 7.8698 7.6402 6.97817 6.65485 7.19603 6.6078 9.27294 7.90318 8.39583 6.59644 7.33805 7.42352 6.4121 9.42308 12.954 8.12676 6.3249 7.95315 6.22661 10.3011 6.31638 6.19629 6.13493 6.13383 6.104 6.09321 6.0553 5.9819 8.1446 5.97915 5.97301 5.94769 5.87825 7.56204 7.55555 8.33262 8.64168 5.87323 5.55562 5.44745 8.54794 8.51027 6.8166 6.05195 5.58362 5.79436 5.38049 5.37409 7.85839 8.93824 5.98745 6.2303 5.70942 5.29025 7.56663
threshold=0.25249001383781439 0.33609920740127569 0.13008482009172442 3.4175922870635991 0.078748404979705824 0.54456689953804027 0.68936580419540416 5.5114085674285898 1.4867877364158633 0.40865154564380651 2.4414010047912602 0.19400765746831897 0.20509669184684756 0.17717922478914264 0.35891820490360266 0.20510912686586383 0.53132507205009472 0.33662588894367224 0.50001038610935222 0.3644657582044602 0.39164464175701147 0.5027308762073518 0.3670667856931687 8.054997920989992 0.13741108775138858 2.0126758217811589 0.24980407208204272 0.32300746440887457 0.13718584924936297 5.1269311904907235 0.65258482098579418 5.9202361106872567 0.19787539541721347 2.0126758217811589 0.50124558806419384 0.4337878972291947 0.23605478554964068 0.23604339361190799 2.2499048709869389 0.28290329873561865 0.28632171452045446 0.80634185671806347 11.518420219421388 0.46023599803447729 0.20510912686586383 0.37301026284694677 11.196281433105471 10.97793483734131 0.980114907026291 5.0466406345367441 4.7050054073333749 0.32016836106777197 0.33976615965366369 0.14390365779399875 0.24934934079647067 0.23303436487913134 0.53546559810638439 4.3372693061828622 0.6210572123527528 0.42585149407386785 0.14987912774086001 0.1948223486542702
decision_type=2 2 2 2 2 2 2 2 2 2 2 2 2 2 2 2 2 2 2 2 2 2 2 2 2 2 2 2 2 2 2 2 2 2 2 2 2 2 2 2 2 2 2 2 2 2 2 2 2 2 2 2 2 2 2 2 2 2 2 2 2 2
left_child=2 10 9 12 28 19 7 8 30 46 60 -12 13 39 15 31 17 -7 -19 20 21 33 -21 -8 -25 26 -22 -27 -5 -18 38 -15 -13 53 -28 -36 -33 -16 -6 41 -41 42 -4 45 -42 -44 47 50 -48 51 -1 -50 -53 -3 55 57 -57 59 -59 -40 -2 -62
right_child=1 5 3 4 6 16 23 -9 -10 -11 11 32 -14 14 37 -17 29 18 -20 22 25 -23 -24 24 -26 27 34 -29 -30 -31 -32 36 -34 -35 35 -37 -38 -39 54 40 44 -43 43 -45 -46 -47 48 -49 49 -51 -52 52 -54 -55 -56 56 -58 58 -60 -61 61 -63
leaf_value=0.0063765543444137228 0.0087226407337962358 -0.010657786211159417 0.020797296426610223 -0.0011761104657157942 0.0096139178376465958 0.059496712524127082 0.0039253505954176633 0.032772185191322981 0.011418950387366426 0.012887439364648113 -0.021400107553204775 -0.0065166401719671495 0.0030248357769115061 0.0038685928537866652 0.027715972471379205 0.026664090962905725 -0.00022362326466709073 -0.013502925348852958 0.016345666853206906 -0.0069694601556588923 0.073666550354481025 -0.0097542980393577026 -0.002664686566512408 -0.081664655094716321 -0.0086708789416236609 -0.055113790043817237 -0.006112504904286371 0.0072868480144357289 -0.036946959024591497 0.034557805962275583 0.02196928708364311 0.0067520882027593404 -0.00040421984971083922 0.0025100548847585675 -0.079313679371510001 0.0019626431521788988 -0.053199341385940901 0.0034050306585317346 -0.0083220879060130881 0.023185989981133623 0.0055656699333658972 0.0019675708999409439 -0.025886240103566206 0.026937701981583396 0.038629706280029735 -0.10409270980568108 0.024155126190648267 -0.035491507262403479 0.00018814963496163574 -0.0046033281935996245 -0.016916356519028123 0.062982224871594494 0.017543712598731765 -0.001630595282850371 0.0016618367460801255 -0.012948455695542522 -0.052017683779305726 -0.010271170216696768 -0.056535374824672961 0.0026021645137081751 -0.0039651363916141553 0.0015258852042700527
leaf_weight=127.15440674224374 227.67430078284997 171.11127614275028 5.3399125398718779 22.990264229054446 77.342041483061621 7.6153023201040915 1425.4755354958252 16.368320000809035 96.178379988632514 531.15094656220754 43.835444455487959 455.08876317860268 2677.673811364657 47.939945387479383 125.77310310490429 29.657987043319736 2796.4578915483435 27.952839984442107 81.754907995695248 1359.4480706757022 3.6258242373587555 485.45462149195737 5665.4407550914038 4.3512133697222479 26.210310464724898 4.0886448462551916 59.838634234736674 498.22343710355926 25.572396571424179 12.7358548163902 23.62579188728705 6.6923292211722609 3916.9154834466754 903.11814502092966 7.1099867662414891 5.4412676764768548 10.986292595393023 31.616895685903728 201.51666814138298 74.191410065162927 607.4705127615016 380.55264865380013 3.5817112484364753 2.609279876574873 13.734564212267285 6.2046660021878779 68.308359063084936 17.515232816731441 36.209933004836785 108.46322648183559 35.719791710893332 8.8114172577916161 34.435621058175457 4671.8390678649303 249.72153255503508 87.68370080270688 17.573364986572415 199.85811977931007 7.5520841404795638 294.24774270015769 696.97247339470778 6284.0073681789363
leaf_count=9783 1987 7950 145 1836 6493 36 45473 719 2131 4855 12157 18901 50653 1489 631 341 27513 564 770 71061 57 39268 138218 161 809 217 776 8688 14166 176 71 100 104195 90190 118 430 295 214 14076 540 15053 8143 186 12 140 77 3025 2291 6611 4650 7545 264 1309 109217 6939 4944 154 10555 44 2646 15911 92071
internal_value=-1.56122e-05 -0.00102788 0.00368339 0.00292136 0.000688952 -0.00193907 0.00105751 -0.00167364 -0.00212279 0.00903801 0.000285946 -0.00124258 0.00446154 0.00731892 0.0159521 0.00458651 0.000419184 0.012035 0.00874043 -0.00243792 -0.00134463 -0.00191124 -0.00349774 0.00344283 -0.0190634 0.00476068 -0.00857588 0.00677893 -0.0200125 -6.5937e-05 -0.00324642 -0.00539201 -0.00104047 -0.00124862 -0.0126952 -0.0440785 -0.0305044 0.0228323 -0.00377107 0.00532445 0.00809861 0.000480884 -0.031419 -0.0539132 0.0062967 -0.07547 0.00435512 -0.00230104 0.00904118 0.00354732 0.00126821 0.0146734 0.0268016 -0.00194954 -0.0047494 -0.00672981 -0.0194713 -0.00482255 -0.0119557 -0.00183829 0.00122228 0.000977668
internal_weight=36153.8 28385.8 7768.06 6800.29 2776.27 16761.3 2727.7 1271.67 1255.3 967.769 11624.5 4415.84 4024.03 1346.35 252.667 95.2766 2926.52 117.323 109.708 13834.7 6809.85 6231.52 7024.89 1456.04 30.5615 578.328 76.0157 502.312 48.5627 2809.19 1159.12 65.6186 4372 5746.07 72.3899 12.5513 17.6786 157.39 1135.5 1093.68 695.396 398.288 17.7356 12.3957 621.205 9.78638 436.618 180.389 256.229 187.92 162.874 79.457 43.247 4842.95 1058.15 808.432 105.257 703.175 207.41 495.764 7208.65 6980.98
internal_count=970040 740471 229569 189236 111217 495249 95215 48772 48053 40333 245222 135253 78019 27366 3070 2225 29059 1370 1334 466190 256911 246625 209279 46443 970 10286 1381 8905 16002 27689 45922 1884 123096 207357 1324 548 395 845 45851 24296 15733 8563 420 275 15193 263 35478 19619 15859 12834 17328 8184 1573 117167 39358 32419 5098 27321 10599 16722 109969 107982
is_linear=0
shrinkage=0.05


Tree=117
num_leaves=63
num_cat=0
split_feature=6 6 6 5 5 7 13 9 9 13 12 2 3 4 9 2 6 9 2 12 4 5 0 10 12 7 5 4 7 6 12 5 9 0 5 4 10 3 6 5 3 5 5 2 3 12 4 9 9 9 10 6 4 2 3 13 0 6 7 4 12 4
split_gain=64.6386 13.3777 10.373 8.33607 7.90718 6.92583 7.72473 7.46518 6.74876 8.9667 10.4089 12.3324 10.9828 6.27254 6.738 5.72693 5.65708 9.63576 8.17756 9.60666 7.43222 6.56224 6.61406 9.23064 9.33037 6.12441 5.93275 5.81182 5.64314 5.63739 5.63471 5.62371 8.64957 5.85273 7.64466 14.5597 7.41883 9.36763 7.49755 7.30621 8.77379 6.92017 6.20003 5.58092 5.37118 10.402 7.56526 8.25913 7.76347 9.47648 6.27028 5.79014 5.3572 7.36355 5.70746 5.3362 5.2649 6.1655 6.12943 7.35642 5.25879 7.7868
threshold=0.25249001383781439 0.33609920740127569 0.13008482009172442 2.8029010295867924 3.7256208658218388 0.19420878589153293 0.14563074707984927 0.14025881141424182 0.08653349801898004 0.14363770186901095 1.3449223637580874 0.41513054072856909 4.9732735157012948 0.57175534963607799 0.52111247181892406 0.32334837317466741 0.46088890731334692 0.50363564491271984 0.48318532109260565 0.43456493318080908 0.54839965701103222 1.7005987167358401 7.077075958251954 8.8768234252929705 0.074341304600238814 0.45678780972957617 3.1567740440368657 0.52282473444938671 0.2657808661460877 0.4146538525819779 3.7601437568664555 2.6020033359527592 0.21552958339452746 5.3254430294036874 4.8940944671630868 0.50241306424140941 9.2807521820068377 7.3359596729278573 0.27407647669315344 2.9174053668975835 7.4891321659088144 4.0163424015045175 4.388237953186036 0.17926145344972613 3.3842465877532963 0.31757545471191412 0.46854975819587713 0.20632135868072513 0.32150796055793768 0.31469248235225683 11.103715419769289 0.31832985579967504 0.44577214121818548 0.56437939405441295 6.6247289180755624 0.55083328485488903 7.4238569736480722 0.37245103716850286 0.34427683055400854 0.48932887613773351 2.9680498838424687 0.21517302095890048
decision_type=2 2 2 2 2 2 2 2 2 2 2 2 2 2 2 2 2 2 2 2 2 2 2 2 2 2 2 2 2 2 2 2 2 2 2 2 2 2 2 2 2 2 2 2 2 2 2 2 2 2 2 2 2 2 2 2 2 2 2 2 2 2
left_child=2 13 4 5 8 6 -4 30 9 -1 12 -12 15 14 31 -11 21 18 27 20 55 29 -23 -24 -25 56 -19 -18 -16 -3 60 44 -33 34 -34 -36 37 38 41 -39 -41 -35 -43 -9 45 -2 48 -48 49 -47 -49 -51 -8 -54 -55 -20 57 -26 59 -58 -7 -62
right_child=1 16 3 -5 -6 7 52 43 -10 10 11 -13 -14 -15 28 -17 17 26 19 -21 -22 22 23 24 25 -27 -28 -29 -30 -31 -32 32 33 36 35 -37 -38 39 -40 40 -42 42 -44 -45 -46 46 47 50 -50 51 -52 -53 53 54 -56 -57 58 -59 -60 -61 61 -63
leaf_value=0.062412893030445386 -0.0078447946248718977 -0.0022370315512033581 0.060740565585076303 0.0021856828140722259 0.0070234225968961025 -0.0011213930961266542 0.014819725993225681 -0.0018273262538768043 0.035048420892651658 0.0018750597634068348 0.018836109066368793 -0.052297484380782328 0.029642585358840758 0.0042474557632363446 -0.024179077037668979 -0.061233614306052342 -0.027161887995190283 -0.0067149417538838272 -0.031575753602364774 -0.025354732236764061 0.027265638766004737 0.00030114270634213247 0.0081007779023865422 -0.077467254278215436 -0.024707447424638922 0.021810941214401643 -0.0013416711041149246 -0.085067647372297162 0.020544977918325751 -0.0086347111450821492 0.019840527143962561 -0.017824351215012562 0.0011946641817013152 0.00086951629689921764 -0.003253214681801047 -0.094583850522823615 -0.0046762635111280053 0.028290491827394612 0.013075061161576779 -0.084290948917921188 0.029137003024649284 -0.09958812530222233 -0.013543344687205403 0.0077160414152592756 0.0015662364990742966 -0.00052286096492740717 0.056893890894995205 0.031875840352190273 0.0061275735640451377 -0.0096598354501139672 -0.00013140123515558452 -0.038487967708411765 -0.02910249949535286 0.030757582455832225 -0.0080479352263704545 0.014599020674423719 -0.012706651090762201 -0.0069068479129484016 -0.0051987712598694467 0.039245080688936673 0.059368194345181952 -0.049601560534824743
leaf_weight=8.1864424755367491 487.10961226248583 7805.2292229523518 8.2152217100374383 4550.3376659728601 810.85619460256567 433.20431384787662 241.02745754469652 173.87458108022111 47.761186997289769 12.557523034687621 11.13982498785481 13.44960632896982 50.829750135017093 907.86593161072233 7.9645930111873886 5.0367580018937579 48.377917528938269 835.98819296220609 14.423082311812324 41.638772592588793 23.918321601813659 5390.7146756338952 130.59320532673883 4.5694443511310956 75.469968844845425 19.571738909988198 1332.5688807266124 4.7595086257206267 61.627908788213972 360.21943154151086 31.437237263191491 83.048585838225335 1503.1174085175298 21.055961527439653 15.673183154111031 6.0475257744546971 1512.0928377790697 3.3218928948626845 152.36619629258348 7.3056964622519427 2.2237976985052228 3.8428851569769886 4.5990730463527143 1288.019488083286 4824.6091860798479 1395.3095555753098 10.292970735579727 21.514088662806898 373.97310076776193 152.87231623986736 52.987279477063566 19.657640508958139 17.627596334554255 17.69842878356576 20.393741081468761 11.051068998058325 11.306758015663947 136.85987762049626 547.55673297164321 17.148976314929314 1.9251022106036533 11.046851432533002
leaf_count=43 15435 136844 64 151236 36579 9161 4693 9921 508 1352 654 164 812 4445 138 171 8535 41500 620 2219 197 192984 982 55 1916 603 76544 38 1107 14533 426 14363 57541 376 1971 115 43334 34 2260 140 101 115 193 12962 54876 35950 36 113 9043 2989 286 440 136 78 86 274 562 4257 12888 207 55 285
internal_value=5.64376e-05 -0.00104682 0.00410296 0.00341566 0.00896856 0.00590926 0.0129137 0.00480791 0.0195568 0.0122455 0.00783008 -0.0200716 0.0178571 0.00025691 -8.09625e-05 -0.0161912 -0.00194873 -0.00424524 -0.0167623 -0.00766414 0.00724935 -0.00158243 -0.000374664 -0.00423764 -0.00622083 -0.00581787 -0.00341309 -0.0323485 0.0154265 -0.00251927 -0.000619145 -0.000182267 -0.00189158 -0.00148213 0.000769088 -0.0286817 -0.00349334 0.00569283 0.00860815 -0.0355628 -0.0578215 -0.0144649 -0.052712 0.00658097 0.000589824 -0.00128422 0.000292664 0.0149117 -0.000345713 -0.00188977 0.00911147 -0.0129444 0.0115896 -0.00238288 0.00998193 -0.0115444 -0.0065038 -0.0132338 -0.00402297 0.0186023 -0.00206072 -0.0334299
internal_weight=36197.1 28442.4 7754.62 6794.81 959.817 2244.47 304.962 1939.51 148.961 101.2 93.0135 24.5894 68.424 11630.5 10722.6 17.5943 16812 2312.73 144.169 91.0312 49.3925 14499.2 6333.79 943.077 812.483 807.914 2168.56 53.1374 69.5925 8165.45 477.614 10653 3314.7 3231.65 1524.84 21.7207 1706.81 194.716 181.864 12.8514 9.52949 29.4979 8.44196 1461.89 7338.33 2513.72 2026.61 84.7943 1941.81 1567.84 74.5014 172.53 296.747 55.7198 38.0922 25.4742 788.342 212.33 576.012 28.4557 446.176 12.972
internal_count=970545 741159 229386 189103 40283 37867 5057 32810 3704 3196 3153 818 2335 245401 240956 1523 495758 129927 11883 3310 1091 365831 214454 21470 20488 20433 118044 8573 1245 151377 9927 239711 120543 106180 59627 2086 46553 3219 2944 275 241 684 308 22883 119168 64292 48857 435 48422 39379 399 3429 4993 300 164 894 19830 6173 13657 769 9501 340
is_linear=0
shrinkage=0.05


Tree=118
num_leaves=63
num_cat=0
split_feature=7 6 7 5 5 2 13 6 5 12 6 5 9 0 8 7 2 0 6 9 5 0 9 13 5 13 2 9 6 0 5 10 9 12 10 6 8 5 13 2 2 13 3 9 5 2 6 10 9 2 0 6 8 9 5 5 5 6 3 0 2 0
split_gain=62.2521 13.6104 11.5325 11.1657 7.87095 6.42498 7.77174 7.24447 10.1273 6.6962 5.78292 8.44846 8.08233 7.43499 7.09684 6.59554 12.4096 10.0808 5.76452 5.69751 5.78501 6.75796 5.43745 5.98036 5.4554 5.47053 6.90417 5.4137 5.40485 6.21983 7.60879 5.26937 5.15817 9.56273 6.24704 5.06005 5.023 6.21037 4.93097 6.18971 6.23351 4.88319 4.87406 4.86564 5.39286 4.78212 4.71531 4.89118 5.25483 4.63996 5.93648 4.85434 4.62586 4.49713 5.80053 5.77265 5.7181 8.80266 9.92276 7.0879 14.3183 13.1265
threshold=0.28054267168045049 0.37711146473884588 0.1363976672291756 2.2499048709869389 3.9607677459716801 0.65893816947937023 0.23605478554964068 0.21852187812328341 4.424828529357911 1.1943718791007998 0.22954047471284869 2.4414010047912602 0.13476385921239856 4.7140145301818857 0.12663633376359942 0.21439193189144137 0.32334837317466741 3.7256208658218388 0.59400209784507763 0.23435231298208239 1.0000000180025095e-35 8.9315090179443377 0.24934934079647067 0.14179672300815585 2.8029010295867924 1.4749132394790652 0.37512327730655676 0.46664221584796911 0.15856875479221347 4.9522936344146737 4.7833075523376474 1.0000000180025095e-35 0.65760117769241344 0.06827466189861299 9.0489382743835467 0.62921851873397838 0.13282252848148349 3.9415346384048466 1.4913613200187685 0.63044175505638134 0.52614110708236705 1.3392080068588259 4.5163240432739267 0.27020142972469335 3.1567740440368657 0.65137687325477611 0.082435581833124175 8.8223190307617205 0.0068241020198911437 0.63270419836044323 7.3604218959808358 0.24667318165302279 0.14666382968425754 0.082432270050048842 4.5163240432739267 3.113268375396729 3.5114340782165532 0.12670616060495379 4.2555875778198251 7.1819720268249521 0.68799352645874035 6.6688630580902108
decision_type=2 2 2 2 2 2 2 2 2 2 2 2 2 2 2 2 2 2 2 2 2 2 2 2 2 2 2 2 2 2 2 2 2 2 2 2 2 2 2 2 2 2 2 2 2 2 2 2 2 2 2 2 2 2 2 2 2 2 2 2 2 2
left_child=2 19 46 -3 10 -6 7 52 -9 27 11 13 -12 -4 -14 16 17 -16 42 49 21 -21 23 -17 -25 36 -27 28 -8 30 -30 -22 33 -20 35 -34 -26 -38 -24 40 -40 -36 45 44 -18 -5 47 -1 -49 51 -51 -2 -7 55 -55 -48 -57 59 -59 60 61 -58
right_child=1 3 4 18 5 6 9 8 -10 -11 12 -13 14 -15 15 22 43 -19 32 20 31 -23 38 24 25 26 -28 -29 29 -31 -32 -33 34 -35 41 -37 37 -39 39 -41 -42 -43 -44 -45 -46 -47 53 48 -50 50 -52 -53 -54 54 -56 56 57 58 -60 -61 -62 -63
leaf_value=0.039810458837104074 0.044698446718723479 -0.0061560455453302555 0.0033279025318332638 0.00071633216003017647 -0.0020532428992352295 -0.035384055439961641 0.024245382050217992 -0.010640339389975531 -0.11006395504122468 0.022809371370335351 -0.028655490791876254 0.003762709877744515 -0.045590797576866494 0.015798995830586287 -0.027095399712294622 0.033202194543963892 -0.077077748341245783 0.061413560729281107 -0.10882201076729699 -0.0019637221931063939 -0.019714035807718244 0.068244318386316657 0.0054916182832592461 0.0024617434802707886 0.052091331233032057 -0.044026078139322883 0.034265072059031787 0.035338528862214752 0.046067107973728746 -0.0027902440239566391 -0.011038711522509225 6.3361940792625951e-05 -0.0078472110139468799 -0.019025415689126787 -0.0086453996621010699 0.035751257649960906 -0.002797935577350575 -0.062518115119357467 -0.035563502550206183 -0.08025092410690586 0.032241110833163486 -0.045490809368754909 -0.0024505540454457502 -0.0065256316087427442 -0.01119429179341906 0.01962062682253159 -0.097980666095421637 -0.040305495317580479 0.013668831978538958 -0.011258624239945661 0.069193035575158421 -0.018387901408048756 0.023991783597367852 0.013269021543544764 0.00328449648175162 0.013762870498945524 0.00095412888893273834 0.012004131565089497 -0.061185230484157818 -0.020295095656297116 -0.12436915033922567 0.037082090023747717
leaf_weight=17.735029357929307 3.1608359252404616 2251.1482709340344 198.50522857636679 1107.3110963479849 1366.9633719336452 5.2276018669945215 25.815694157849066 5.999497421551494 4.4692679143045098 59.145941537921317 21.259030024368258 2745.2864655004778 7.7409040873753829 300.32607714197366 6.1230801916681212 14.698923223419113 10.779560608789327 6.7784431081963703 3.4247349766083088 5677.869991895117 33.772145241811813 3.4296070784330359 1338.4417640747997 2394.9529729068454 4.1411351897986597 3.3168701296090175 18.646377268480137 13.266547762323169 15.002818770532032 201.93897404104064 9.5435243621468526 12222.093919213185 12.551842054774172 22.078880936518544 150.04360506669036 14.165914410608819 825.02970334663405 4.3763619472738347 7.826720086741263 3.5467443428933612 5.9791230317205191 9.565720967948435 3691.4539482787404 6.5539012765511862 4.3632690659724167 34.495479266624898 1.4411105148028571 4.6229174347463404 183.73351180610189 5.8266370313940552 3.7808735549187986 86.409320640463193 8.8060546817141567 341.32538775471039 253.49552354835032 82.998459430236835 183.98307810939878 7.457106659756394 12.219720586290348 32.965716911101481 2.1307221363531417 29.121632734211744
leaf_count=766 336 71187 5677 70260 79483 50 209 56 84 365 4072 68434 246 2573 181 175 102 134 46 92530 5063 46 24838 39923 98 243 128 61 72 1566 55 252287 302 2140 17094 296 22818 230 235 15 30 459 143019 86 79 521 45 2834 8599 195 41 14933 85 6299 8572 2062 13014 1195 1444 623 48 546
internal_value=-5.06916e-05 -0.0014057 0.0031282 -0.00322788 0.00256317 -0.000506945 0.00554585 -0.0216078 -0.0530857 0.00759483 0.0032277 0.00485037 0.00210399 0.0108362 0.00224421 0.00232375 -0.0194257 0.0194071 -0.00192132 -0.000668576 -0.000602496 -0.00192134 0.00248659 0.00138138 0.00123748 -0.00218977 0.0224416 0.00420632 0.00256931 9.85903e-05 0.0238646 8.86354e-06 -0.00999446 -0.0310837 -0.00710786 0.015269 -0.00283879 -0.00311305 0.00514828 -0.0213341 -0.00619825 -0.0108536 -0.00156749 -0.0425168 -0.058094 0.00128746 0.00785371 0.0147077 0.0123441 -0.0126197 0.0204018 -0.0161617 0.00187401 0.00636232 0.0090139 0.00188563 0.0022958 -0.00125712 -0.033448 0.0012949 0.00460165 0.00589116
internal_weight=36130.7 25332.6 10798.1 7296.24 9644.85 1716.18 349.216 24.5024 10.4688 324.714 7928.67 3244.12 4684.55 498.831 4663.3 4655.55 34.5983 12.9015 5045.09 18036.3 17937.2 5681.3 4620.96 3265.16 3250.46 855.51 21.9632 265.568 252.301 226.485 24.5463 12255.9 211.831 25.5036 186.327 26.7178 833.547 829.406 1355.79 17.3526 13.8058 159.609 4833.26 21.6967 15.1428 1141.81 1153.23 206.091 188.356 99.1777 9.60751 89.5702 14.0337 947.138 594.821 352.318 350.876 267.878 19.6768 248.201 215.235 213.105
internal_count=969205 670755 298450 305324 252403 82086 2603 275 140 2328 170317 76684 93633 8250 89561 89315 582 315 234137 365431 349926 92576 88733 63615 63440 23517 371 1963 1902 1693 127 257350 20337 2186 18151 598 23146 23048 25118 280 265 17553 213800 267 181 70781 46047 12199 11433 15505 236 15269 135 33848 14871 18977 18932 16870 2639 14231 13608 13560
is_linear=0
shrinkage=0.05


Tree=119
num_leaves=63
num_cat=0
split_feature=7 7 7 2 5 2 2 9 4 7 8 9 1 8 9 3 5 5 9 10 10 5 8 4 10 7 9 2 7 2 4 3 9 7 2 8 12 3 1 5 2 12 1 0 0 9 5 8 12 4 4 5 12 7 12 2 12 0 10 8 7 8
split_gain=57.3954 11.8835 9.373 7.35898 10.5995 8.72309 7.96377 7.44006 9.24944 8.5953 8.10816 6.93539 8.87059 6.92875 6.54266 6.49795 6.35333 6.30106 6.35001 6.17201 13.4058 5.83579 5.71868 6.40686 5.68987 5.64883 6.25713 10.1838 7.11016 6.86085 5.42185 11.171 9.20779 6.35467 6.25437 6.19307 6.16528 5.36 7.00094 5.34867 7.96424 6.42028 5.21599 5.15232 7.7147 8.45678 6.89734 7.77494 6.74065 9.16626 6.69639 6.00372 6.83291 5.70253 6.20428 5.51356 5.25883 5.07702 5.59487 6.51165 13.9633 5.04014
threshold=0.3018276989459992 0.17072947323322299 0.46081715822219854 0.69798648357391369 3.3140207529067998 0.70330616831779491 0.17190404236316684 0.20401369035243991 0.61066952347755443 0.22122069448232654 0.3087535053491593 0.12190329656004907 0.62213659286499035 0.18416015058755877 0.30149586498737341 5.1619205474853525 2.8029010295867924 2.4414010047912602 0.47483263909816747 9.5731415748596209 9.851720333099367 5.6646935939788827 0.37101647257804876 0.56064805388450634 9.9536099433898944 0.23893107473850253 0.17717922478914264 0.63566216826438915 0.21852187812328341 0.64024758338928234 0.6513611674308778 5.5891180038452157 0.54099115729331981 0.58176240324974071 0.73364958167076122 0.53842452168464672 0.225926548242569 5.4992132186889657 0.54935389757156383 1.2424533367156985 0.43535533547401434 0.52960887551307689 0.51505503058433544 4.1510088443756112 2.3502402305603032 0.10099299624562265 2.6020033359527592 0.23850990086793902 0.10673087462782861 0.38669966161251074 0.27210004627704626 3.2769666910171513 0.060705231502652175 0.22505711764097217 1.2369585633277895 0.31568570435047155 0.050942661240696914 7.6076290607452401 11.488381862640383 0.21481795608997348 0.19420878589153293 0.60104432702064525
decision_type=2 2 2 2 2 2 2 2 2 2 2 2 2 2 2 2 2 2 2 2 2 2 2 2 2 2 2 2 2 2 2 2 2 2 2 2 2 2 2 2 2 2 2 2 2 2 2 2 2 2 2 2 2 2 2 2 2 2 2 2 2 2
left_child=1 16 19 4 6 13 14 57 9 -9 -11 12 -6 -5 24 -16 -1 -4 -19 -2 37 -13 23 -12 -3 26 27 43 29 -29 34 -32 -33 35 -20 -34 -36 38 -21 40 -39 -42 -23 44 45 -8 47 -45 49 50 -48 52 56 -47 -55 -50 -46 58 59 60 -7 -37
right_child=2 3 17 5 11 7 25 8 -10 10 22 21 -14 -15 15 -17 -18 18 30 20 -22 42 -24 -25 -26 -27 -28 28 -30 -31 31 32 33 -35 36 61 -38 39 -40 -41 41 -43 -44 46 51 53 48 -49 55 -51 -52 -53 -54 54 -56 -57 -58 -59 -60 -61 -62 -63
leaf_value=0.021989701794284441 0.0010971137720025019 -0.010203454281700006 -0.012594948828516998 0.045290184015738998 -0.022828449587421414 0.017804902090706527 -0.040056767577368632 -0.032447767938805057 0.01271645708571134 0.0036754111556261816 -0.018232337414399915 -0.00030558658123882058 0.07728236548284885 0.013772238762479483 0.0085430721048251109 0.055754578523393897 0.0057917224823943354 -0.019376213450102764 -0.0029975160120447267 -0.011858460405590238 -0.00097975891599514091 -0.033115463470153775 0.010834657993230874 -0.076836275554387601 -0.00018875940305407594 0.0026941288718778131 0.009604545233463881 -0.040899799574580536 -0.048695238916618706 0.0046192633603672545 0.041615408476030305 -0.048626920938873511 -0.0038639735319781938 -0.04725664194295693 0.074475557754344043 0.065586043679924114 -0.027604935190634491 -0.0095462046635610455 -0.075993484537853873 -0.0066528830190659407 0.067105035156533793 0.011761481313324031 0.06377051010798955 0.012230723718859172 -0.01808845096643898 0.025678361753175595 -0.0082830645232006336 -0.046005986821710296 -0.020914179794286281 0.00063184217239653875 0.058065759487505232 0.035602363426144479 -0.012107673715992619 0.0079455824873070988 -0.073347784684084913 0.0022538965606272283 0.066886401519786448 0.046655039604016339 0.030705910370345729 0.021908633884056977 -0.046265699616638664 0.0062475018393692676
leaf_weight=62.249916221771855 3410.2805031400676 167.50259037839714 203.9940867840487 24.402492675930262 50.605709213115915 19.340011032647453 6.9734117686748496 25.583477866835892 110.24181356932968 137.1220311941579 12.4769843434915 2977.6203919313921 2.3139161672443143 61.09148730779998 47.994913082162384 8.5931038419948873 2199.7943456538778 60.351084417969105 1941.3756988396199 346.69971522258129 16338.14230573746 1.7844540877849775 7.602079468779265 7.447466365993022 925.3638750743703 4642.4081113924185 719.54693489972851 11.142832961864768 13.45155885000713 32.199253902072087 20.692007158417255 8.8003268549218756 17.622995379380882 4.5128926030592984 1.5416017216630269 8.3513471037149412 36.501734454068355 19.245495069480967 4.3079337482340625 144.25780529958138 8.9459098220104369 12.65115930396132 6.2712077649775892 393.43681512691546 2.8735748921171753 49.562871730071492 4.8411849907424793 5.8158908233745015 27.162167360074818 26.915206403005868 17.731583730783314 7.6454262271290636 151.68439119280083 9.6625026169931498 3.1000533639453343 470.54668644443154 4.9694707454182208 12.438530515210003 29.239096953999251 28.556313920998946 15.176995257614179 6.2617128924466661
leaf_count=748 61317 12221 13863 99 16370 111 467 189 427 963 104 113209 7 338 2118 206 83090 6935 107439 17581 394884 278 71 67 42495 58557 8146 50 95 174 353 55 136 131 15 77 1197 828 32 7555 101 163 27 3490 141 1127 387 72 1624 125 88 162 3563 254 115 4980 19 81 111 170 129 70
internal_value=0.000356073 0.00292993 -0.00118662 0.00226668 0.00199433 0.00825499 0.00297554 0.00519297 0.00119273 -0.00548541 -0.00129594 -0.00050863 -0.0184511 0.0227684 -0.000865321 0.0157123 0.00623748 -0.00420437 -0.00339164 -0.000842958 -0.00123505 -0.000190609 -0.0260605 -0.0401376 -0.0017237 0.00364429 0.00589566 0.00374298 -0.016939 -0.00708325 -0.00292006 0.0111512 -0.00268807 0.00831297 -0.00339096 0.0160924 -0.0234684 -0.00901505 -0.0126456 -0.00213041 0.0138432 0.0346858 0.0423088 0.00473595 -0.0018657 0.0121611 0.00638538 0.0113824 0.0027394 0.0203384 0.0438359 -0.0076803 -0.00975465 0.0180037 -0.0118008 0.000989512 0.0357529 0.0166675 0.0126269 0.00424589 -0.0103667 0.0401594
internal_weight=36137 13542.5 22594.5 11280.4 10789.7 490.719 7751.12 405.225 300.474 190.232 164.649 3038.6 52.9196 85.494 1149.45 56.588 2262.04 2310.01 2106.01 20284.5 16874.3 2985.68 27.5265 19.9245 1092.87 6601.67 1959.26 1239.71 56.7936 43.3421 2045.66 66.2413 45.5493 36.7489 1979.42 32.2361 38.0433 536.108 351.008 185.1 40.8426 21.5971 8.05566 1182.92 236.472 69.2988 946.45 399.253 547.197 49.488 22.5728 167.173 159.527 62.3254 12.7626 497.709 7.84305 104.751 92.3124 63.0733 34.517 14.6131
internal_count=969997 357265 612732 273427 270567 2860 140676 2423 1821 1394 1205 129891 16377 437 57040 2324 83838 130271 116408 482461 421144 113514 242 171 54716 83636 25079 16933 319 224 109473 822 469 414 108651 283 1212 26260 17613 8647 1092 264 305 16614 5848 1963 10766 3562 7204 600 475 3885 3723 1496 369 6604 160 602 521 410 240 147
is_linear=0
shrinkage=0.05


Tree=120
num_leaves=63
num_cat=0
split_feature=7 6 5 7 13 1 9 8 12 9 0 12 12 6 5 7 8 8 3 8 1 6 8 13 6 1 5 8 5 0 3 12 13 2 8 9 9 5 3 12 13 12 9 12 7 9 6 6 13 8 12 13 13 7 6 12 1 3 7 0 2 9
split_gain=55.7901 12.137 12.6959 10.2709 7.78248 7.77489 7.99028 7.51602 7.26228 6.99574 7.15498 9.22758 8.15547 6.652 7.88613 6.54732 13.1135 8.6142 8.53879 7.383 6.75071 6.46659 6.43425 6.19045 5.96697 5.62241 8.23088 5.93738 9.11284 8.04664 6.54741 6.51023 6.68719 8.70985 8.13152 8.5702 7.56135 6.51715 6.25045 6.99156 6.11134 6.41301 9.01141 7.93541 6.08455 8.97581 7.06906 6.0328 6.44022 5.80624 6.37516 6.31157 5.63424 7.14672 8.00194 6.59586 5.59741 5.38891 5.40923 5.36156 7.00593 10.2963
threshold=0.28054267168045049 0.37711146473884588 1.2424533367156985 0.10824050381779672 1.4913613200187685 0.62213659286499035 0.41026654839515692 0.43633569777011877 0.10673087462782861 0.48429270088672643 4.3757371902465829 0.092310994863510146 0.12038390338420869 0.44622917473316198 1.7005987167358401 0.40593741834163671 0.31239810585975653 0.49420657753944403 5.6222093105316171 0.40555673837661749 0.6297823190689088 0.27918012440204626 0.449978917837143 1.4913613200187685 0.38543431460857397 0.3843152672052384 4.1026091575622567 0.13860223442316058 2.8617925643920903 6.7280302047729501 6.974010944366456 1.5236663222312929 0.33735820651054388 0.60351046919822704 0.22825078666210177 0.16191840916872027 0.16940409690141681 3.3842465877532963 6.9221508502960214 2.3859149217605595 0.41769775748252874 0.12397108227014543 0.10099299624562265 0.050942661240696914 0.19420878589153293 0.28941254317760473 0.23511837422847751 0.188193254172802 0.30895987153053289 0.23850990086793902 1.1292131543159487 0.28324224054813391 0.1977123096585274 0.17332834750413897 0.14026395976543429 2.4767742156982426 0.40865154564380651 6.8819243907928476 0.27114666998386389 5.7698810100555429 0.73364958167076122 0.48429270088672643
decision_type=2 2 2 2 2 2 2 2 2 2 2 2 2 2 2 2 2 2 2 2 2 2 2 2 2 2 2 2 2 2 2 2 2 2 2 2 2 2 2 2 2 2 2 2 2 2 2 2 2 2 2 2 2 2 2 2 2 2 2 2 2 2
left_child=3 7 -3 4 -1 6 -4 21 -6 10 11 -9 56 23 -15 16 -7 -17 19 -18 -19 -2 -11 59 -20 26 -5 -27 -29 30 52 32 33 36 35 -35 37 -31 39 -33 -34 43 -43 -42 -32 46 -46 -37 -49 -36 51 -51 53 54 -30 -56 -12 -38 -59 -8 -61 -62
right_child=1 2 5 25 8 15 13 9 -10 22 12 -13 -14 14 -16 17 18 20 24 -21 -22 -23 -24 -25 -26 27 -28 28 29 31 44 38 40 34 49 47 57 -39 -40 -41 41 42 -44 -45 45 -47 -48 48 -50 50 -52 -53 -54 -55 55 -57 -58 58 -60 60 61 -63
leaf_value=0.010647429874829636 0.024989882951991831 -0.0089422569486445821 -0.010131151587334632 0.0019560322760716026 -0.082385396872389743 -0.040329667710062675 0.00061910273825928688 -0.050925197906859211 0.003156247587669081 -0.0029946588406986243 -0.025289328442913591 0.014806872812386674 -0.0033861315651149931 -0.019093487700530546 -0.0037254181511204862 -0.0068659625947487552 -0.025821620734367418 0.026040238685248213 -0.0010368650414466572 0.017526735139303879 0.002628797132663111 -0.00085628330098659687 0.035835557841538829 0.015819930036599494 0.030815786682953841 0.0069509379654222594 -0.0055147098168499215 0.0054560572202807392 -0.041504172232833557 -0.061094428117300995 0.056793451697287202 -0.063608401120224506 0.0047890951301378234 -0.066294676867915042 -0.10201899762030937 0.046653985103660728 -0.048473199395042028 -0.0036662436029824847 0.012802463822326058 0.017965319839854471 -0.041033227034814546 -0.078579098632041045 -0.010113341165362708 0.0071743583724321785 0.015416279969952623 0.04947448126204488 -0.07013189360186127 0.0025076480195579589 -0.057145796506882673 0.02472256439995878 -0.06887083294780566 -0.041523377760968587 0.0031038861981748625 -0.012979844020797011 -0.018699138250227728 0.041284670209890073 0.031514321276720818 0.013456553892264606 -0.039819142128902744 -0.0044950282073756183 0.032563260346540758 -0.016827572311772298
leaf_weight=513.07013858710889 24.233936374308541 814.95001565534767 352.33869966700513 4076.1138547014853 4.3525690380338329 10.861698522698132 1806.5625407605185 5.5422877206583498 5.7708322266698815 15.768428099399896 5.1286812708858625 145.67832421118146 295.38460354586277 86.382051774693537 2481.9705938983025 202.36305356444791 18.512686965987086 41.350161336595193 18.119944860227406 20.925422140397131 120.58884704392403 17510.890163255488 32.984676306979964 55.102867499357671 77.966189716942608 1097.2648669939517 405.35222327224801 1962.9849543607561 5.2538091313908835 9.3091700311633776 10.502714820788244 5.9674497279338521 185.11199086142005 6.0697221747832364 4.1471623040270087 5.4093265598639872 4.4243955835700026 10.526461092522366 89.469616112408403 4.6920281510101631 9.3183515565469843 4.9201648603921049 207.16442757798359 101.73671017773449 5.359009685256753 7.5521824217867097 4.3953695279778913 19.186095117125664 5.9207272198982528 5.525533176027241 10.339824928669257 10.293583959923124 1773.3454634093578 112.84970122436062 6.0868278864363701 18.548883261391893 28.089850874152035 53.804404918453656 5.2273959692101917 1133.0546269545011 30.224493072833866 16.211618938017637
leaf_count=24388 906 22327 27847 156043 313 54 69261 246 179 258 401 5342 7847 5239 142441 1467 94 479 82 93 1823 350016 543 1072 359 10772 61172 11351 68 96 67 111 1897 92 44 34 67 164 1522 98 38 157 3597 693 65 67 78 177 74 44 142 118 20954 2429 109 158 171 811 134 32690 253 147
internal_value=-5.76942e-05 -0.00133837 -0.0030608 0.00295759 0.00979084 -0.00232027 -0.00282745 -0.000643487 -0.0336225 0.00523088 0.00339733 0.0123978 -0.000744605 -0.0023687 -0.0042423 0.0036007 0.0125318 1.19531e-05 0.0167684 -0.00282147 0.00860677 -0.000820563 0.0232765 -0.00078639 0.024809 0.0026086 0.0012803 0.00364157 0.00286324 0.0009799 0.00268425 -0.00338765 -0.00519397 -0.0144636 -0.0278999 -0.0120335 -0.00367292 -0.0306182 0.00849049 -0.0277017 -0.00245487 -0.00660462 -0.0117017 0.00312938 0.0267711 0.00855171 -0.0231321 -0.00124085 -0.0115599 -0.0470539 -0.0383399 -0.018384 0.00233466 -0.00722198 0.0145172 0.0264643 0.0227443 0.00474984 0.00873887 -0.00109283 -0.00371491 0.0153201
internal_weight=36118.6 25351.2 7287.49 10767.4 523.194 6472.54 5961.85 18063.7 10.1234 528.577 479.824 151.221 328.603 5609.51 2568.35 510.688 146.386 364.302 135.524 39.4381 161.939 17535.1 48.7531 3041.16 96.0861 10244.2 4481.47 5762.71 4665.44 2702.46 1943.89 758.565 658.435 150.184 66.892 36.5859 83.2918 19.8356 100.129 10.6595 508.252 323.14 212.085 111.055 27.8093 17.3066 9.75438 30.5161 25.1068 30.3061 26.1589 15.8191 1916.08 142.739 29.8895 24.6357 33.2185 63.4562 59.0318 2986.05 1179.49 46.4361
internal_count=969781 671458 305728 298323 24880 283401 278950 365730 492 14808 14007 5588 8419 251103 147680 4451 682 3769 628 187 2302 350922 801 103423 441 273443 217215 56228 45456 34105 23995 10110 8379 1997 725 377 1272 260 1731 209 6382 4485 3754 731 277 210 143 285 251 348 304 162 23718 2764 335 267 572 1012 945 102351 33090 400
is_linear=0
shrinkage=0.05


Tree=121
num_leaves=63
num_cat=0
split_feature=6 6 5 4 10 13 13 1 2 9 6 5 6 13 5 5 13 8 6 0 10 1 2 0 9 6 6 4 1 1 9 9 1 4 9 4 2 2 8 9 8 9 8 9 5 8 6 13 13 4 2 5 5 0 9 6 9 5 9 5 2 4
split_gain=56.3044 17.5765 13.882 9.66877 8.63375 11.1387 8.65194 7.93627 7.90582 7.29319 7.22998 7.23106 7.76245 7.63415 7.14543 9.2906 7.06699 6.85394 7.24827 6.71165 6.65108 6.95815 6.23732 7.17918 7.84041 10.1459 7.76881 5.98682 7.645 6.76851 6.01359 5.96472 5.87318 5.84393 5.83234 5.51439 5.51027 5.48181 5.46755 5.43356 5.33922 7.26892 7.07936 10.6806 5.29799 6.49281 5.30835 5.25862 5.38444 5.23373 5.19228 5.13015 6.45463 5.66183 5.10788 5.04986 6.55904 5.03341 7.11054 5.91166 9.40814 6.98931
threshold=0.24046788364648822 0.36595837771892553 1.2424533367156985 0.28497314453125006 11.04623603820801 0.34661790728569036 0.40958805382251745 0.50566896796226513 0.51187002658844005 0.15194101631641391 0.13008482009172442 3.1984648704528813 0.17640253156423572 0.48752634227275854 3.0201274156570439 3.6762205362319951 0.14761302620172503 0.44090509414672857 0.41473132371902471 2.9174053668975835 12.185788631439211 0.40220972895622259 0.67121061682701122 5.478551149368287 0.13741108775138858 0.15856875479221347 0.22747477889060977 0.51209816336631786 0.52398183941841137 0.53546559810638439 0.62175089120864879 0.39815825223922735 0.34530206024646765 0.28382761776447302 0.35211953520774847 0.31513835489749914 0.60924673080444347 0.6429714858531953 0.32043042778968817 0.053262718021869666 0.24198469519615176 0.19217444956302646 0.22406403720378879 0.19400765746831897 4.49422311782837 0.17491388320922854 0.063285917043685927 0.48752634227275854 0.4203601479530335 0.31726759672164923 0.69798648357391369 3.4811217784881596 4.0859410762786874 6.6247289180755624 0.065732736140489592 0.50104936957359325 0.54099115729331981 4.5163240432739267 0.42742338776588445 4.6491756439208993 0.60351046919822704 0.4773408323526383
decision_type=2 2 2 2 2 2 2 2 2 2 2 2 2 2 2 2 2 2 2 2 2 2 2 2 2 2 2 2 2 2 2 2 2 2 2 2 2 2 2 2 2 2 2 2 2 2 2 2 2 2 2 2 2 2 2 2 2 2 2 2 2 2
left_child=3 9 -3 33 6 19 34 47 -9 36 44 12 13 16 17 -16 -12 38 -19 31 35 32 39 26 51 -26 -24 30 -29 -30 -20 -6 -22 -1 -4 -18 -2 -31 -10 -13 42 -42 -27 -44 45 46 -5 48 -8 -37 -43 -25 -53 -54 -48 -21 -57 -11 -59 60 -60 -61
right_child=1 2 4 10 5 -7 7 8 14 57 11 22 -14 -15 15 -17 20 18 27 55 21 -23 23 24 25 40 -28 28 29 37 -32 -33 -34 -35 -36 49 -38 -39 -40 -41 41 50 43 -45 -46 -47 54 -49 -50 -51 -52 52 53 -55 -56 56 -58 58 59 61 -62 -63
leaf_value=-1.3214201626237142e-05 -0.031760208112078185 -0.0090402888518616199 -0.038906742801442094 0.054721055841719927 -0.016275261916404486 -0.028240846267870108 -0.0070228291338059806 0.010041320170815514 -0.032003765136726078 4.4370501122194072e-05 0.048385819700225395 -0.037479951577223551 0.0054365491623291698 0.03134941525640448 0.0065169323157996091 -0.0030549546415859843 0.03452815515861004 -0.029476915074439343 -0.0014175647780959822 -0.00380764856947601 -0.022205420030169353 0.018806648465570508 0.013505102722827539 0.025524801792318592 0.032839004596853898 0.0020128784219313493 0.049651487811368675 -0.031889928587599051 0.030782892166736672 0.00044650800473562934 0.044201408488938214 0.0022220448807764252 -0.10485009987674376 -0.030190329311034231 0.0049713664372373553 -0.056406255965377086 0.019688840828917864 -0.018725860685987944 0.0018182387823558817 0.0018946081415276408 -0.02352957143290077 -0.0050908424862365553 0.012698755057066231 -0.074536995417840118 0.0048792712685357259 0.039899396872950146 0.00392856448047326 -0.0064021276817086276 0.0029161959937752373 0.0087208768704738985 0.037431777954873041 -0.064709937074651655 -0.047468390112453837 0.024965444406386924 0.015018782458264171 -0.034633335635883458 -0.0081661704340979732 -0.0084987148478510542 0.016386128083312849 -0.013900976131686622 -0.056112008273638096 0.031057907286096944
leaf_weight=852.70378279269426 29.431587332855997 807.83829521887674 7.6576954587362698 7.0227608964778474 46.980420158804918 46.787858490315557 207.56433890324115 199.60121215332765 12.492546796333043 21003.120336661308 11.423671672120689 8.7943500053843291 1710.3005716812331 54.877169237122871 534.74147011444438 482.0174118722789 21.335815047845244 43.310300672892481 24.827885549981147 2220.0487239466602 6.5631509618833643 6.097580909729003 68.809966919536237 4.5737102534621981 33.85305435070768 129.7232779590413 18.961185051128268 34.668549313442782 11.602375748916527 76.781817514332943 10.188628972973673 602.60474863808486 3.1968363225460052 16.350774614344118 687.39208642338053 3.1529738360550246 6.3221644890872986 72.475038140662946 274.66886951331981 2367.3536276774757 8.7289811787195486 9.5187544743530434 6.3893710295669717 7.782372607383877 371.31759438055451 21.202901973068947 164.95521948381793 1003.1350328352673 396.71240477808897 142.6702887758147 29.20440539624542 8.9409697411174438 4.878208426613126 6.0358916925033554 280.16100595204625 24.783716055408149 421.72062529524555 337.50681042304495 10.60876229798305 11.649529857590094 7.7397340387105933 33.512902290793136
leaf_count=86845 10631 22273 1111 158 4230 1283 12500 1001 70 406863 62 3632 23798 711 4418 6440 349 268 221 88680 389 39 360 39 175 848 83 378 155 575 200 37255 61 724 22508 139 208 830 1711 58294 59 89 36 71 10360 263 5162 62401 25504 2397 144 102 66 59 3231 2756 35021 20044 431 914 91 299
internal_value=6.21945e-05 -0.00085394 -0.00281502 0.004321 -0.00213933 -0.00401504 -0.000593222 -0.00163661 0.000665815 -9.92676e-05 0.00509306 0.0043236 0.00663805 0.0148803 -0.000520262 0.00197916 0.0102321 -0.0050501 -0.0107093 -0.00367323 0.00785064 -0.0230963 0.00265219 0.00901376 0.00468899 0.00760748 0.0213138 -0.00718361 -0.0105934 -0.0060035 0.011856 0.000884251 -0.0492753 -0.00058098 0.00448794 0.0107864 -0.0226627 -0.00886307 0.000346861 0.00174888 0.00314353 0.0176878 -0.00165274 -0.0352065 0.00935022 0.0128575 0.0115894 -0.0041825 -0.000497781 0.00731271 0.0269791 -0.0222155 -0.0332128 -0.00740986 0.0109089 -0.00478346 -0.00963526 -6.15773e-05 -0.00561055 0.00973762 -0.0141949 0.0194609
internal_weight=36077.4 29690.5 8250.6 6386.88 7442.76 3362.93 4079.84 3384.79 1777.38 21439.9 5517.83 4673.17 1959.62 249.317 1577.77 1016.76 194.44 561.016 273.855 3316.14 183.017 15.8576 2713.55 337.4 249.629 225.2 87.7712 230.544 195.528 160.859 35.0165 649.585 9.75999 869.055 695.05 167.159 35.7538 149.257 287.161 2376.15 191.347 47.4521 143.895 14.1717 844.659 473.342 452.139 1607.41 604.277 145.823 38.7232 24.4288 19.8551 10.9141 445.116 2666.55 446.504 21404.1 401.018 63.5109 18.3485 45.1624
internal_count=970015 771270 331789 198745 309516 169225 140291 116672 16267 439481 111176 92002 27945 4147 15266 10858 3436 4408 2627 167942 3374 489 64057 2131 1688 1422 443 2359 1938 1560 421 41485 450 87569 23619 2885 10839 1405 1781 61926 1247 292 955 107 19174 8814 8551 100405 38004 2536 233 266 227 125 8393 126457 37777 428642 21779 1735 522 1213
is_linear=0
shrinkage=0.05


Tree=122
num_leaves=63
num_cat=0
split_feature=6 7 7 1 6 5 7 10 5 1 8 4 13 2 8 4 5 5 4 12 0 12 2 12 10 5 8 0 2 7 6 2 4 10 5 2 5 2 0 7 2 13 8 4 2 5 12 1 5 12 1 8 0 8 4 1 0 2 8 5 10 4
split_gain=61.0171 12.7495 8.56126 7.56745 6.83336 7.17674 7.25336 10.0349 6.40523 6.21755 7.75108 6.11494 5.96675 7.64458 5.92661 5.40782 5.32509 8.60144 10.76 13.6882 5.89035 5.28467 5.19754 7.29342 8.42184 7.76831 7.02055 9.05467 6.96987 10.1693 6.77224 6.66004 11.3647 12.0077 6.73807 9.57831 6.6758 6.2592 11.7483 7.75189 10.573 9.80804 8.95754 11.4198 7.78422 6.10772 6.70159 8.04762 5.92505 6.55543 5.75777 5.53447 5.52302 5.33345 5.26816 5.22336 5.11066 5.08224 5.47461 5.01681 4.99987 4.99884
threshold=0.3007198721170426 0.10824050381779672 0.31710684299469 0.42367811501026159 0.44622917473316198 2.8029010295867924 0.53799960017204296 8.9154319763183612 4.5695295333862314 0.55814895033836376 0.055809393525123603 0.58086121082305919 0.34661790728569036 0.63270419836044323 0.48331122100353247 0.55542856454849254 5.3821961879730233 5.8036265373229989 0.40615101158618933 1.6764401793479922 4.8162329196929941 0.06827466189861299 0.50249308347702037 3.6048977375030522 12.458065986633303 3.2769666910171513 0.13582576066255572 3.9019216299057011 0.50714692473411571 0.18036716431379321 0.20104074478149417 0.55911785364151012 0.45795276761054998 11.593066692352297 3.5114340782165532 0.5191103219985963 4.6395599842071542 0.54109698534011852 7.5448589324951181 0.26113043725490576 0.52614110708236705 0.24826586991548541 0.17491388320922854 0.46854975819587713 0.52614110708236705 3.1567740440368657 0.33632682263851171 0.46442344784736639 2.5249279737472539 0.3634446263313294 0.51505503058433544 0.21313311159610751 4.4367339611053476 0.15815290063619616 0.58086121082305919 0.52398183941841137 5.7120797634124765 0.5102694332599641 0.21481795608997348 3.1567740440368657 11.740730285644533 0.53870505094528209
decision_type=2 2 2 2 2 2 2 2 2 2 2 2 2 2 2 2 2 2 2 2 2 2 2 2 2 2 2 2 2 2 2 2 2 2 2 2 2 2 2 2 2 2 2 2 2 2 2 2 2 2 2 2 2 2 2 2 2 2 2 2 2 2
left_child=1 9 3 8 14 6 7 -6 -3 15 -11 -9 13 -13 -2 16 -1 18 -18 -20 -19 -8 23 24 25 30 28 54 29 -24 -5 32 33 -30 -35 -36 52 38 39 41 50 42 -29 44 59 46 -42 -48 -40 -50 51 -41 -34 -51 61 -52 -15 58 -4 -44 -25 -28
right_child=4 2 57 22 5 -7 21 11 -10 10 -12 12 -14 56 -16 -17 17 20 19 -21 -22 -23 26 60 -26 -27 27 37 31 -31 -32 -33 36 34 35 -37 -38 -39 48 40 45 -43 43 -45 -46 -47 47 -49 49 53 55 -53 -54 -55 -56 -57 -58 -59 -60 -61 -62 -63
leaf_value=0.010609513653666046 -0.0014487153064693305 0.0014463051917140775 -0.034619197565750569 0.026500510586937105 0.014386646998617796 -0.0023723884728479253 -0.083415038558263405 -0.0067204565959347595 -0.007343036892931489 -0.011680929925427736 0.041086743676286702 -0.065531991047887761 -0.036028158169259132 0.037834973534939968 0.0031395584602379283 -0.073560451667964571 0.005805205719705997 -0.049928687356315671 -0.098472068394943768 0.023322956836973135 0.029222391542575773 -0.020921106861177999 -0.082191377054493794 0.011585018598607714 0.03468443947612037 0.0013421464302839044 0.012341763197559474 -0.078547944549070409 -0.02319150775467408 0.022672651540987295 0.0086520483477743031 0.0053001187616632207 -0.0029299325290479575 0.038961372100226356 -0.063841073016884686 0.015907641039124697 0.0019705461572715214 0.0024984448178015789 0.05375577416938794 -0.020188959575292782 -0.041708234910674304 -0.0069920273528697929 -0.05179140071115667 -0.079025885884731861 0.037387233080572034 0.010384753816863115 0.0019086425737081293 -0.043278091080366322 -0.022110949393207076 0.078232619366820966 -0.039547240298735999 0.017293910025369338 0.038811837963822253 0.013842054102379257 -0.0089269684736688667 0.018041566486493112 -0.011545281018061323 -0.011410025092694053 0.040717178839838136 -0.0020706755984445319 -0.041633368943695306 0.03523378116093475
leaf_weight=448.92572355814445 19156.74842016989 6852.1010031116566 2.6300756283453692 59.716221707407385 52.564545351240668 2037.9665831783132 3.5948637410183428 582.94195035586017 213.74834125748566 8.978004257893188 30.951095248805359 4.3778696150984642 37.031520099611953 8.3054255761671829 730.64073454016034 1.9895558317657549 11.140167651989033 2.7715323148731867 8.031886861077508 3.2364546641765619 15.474359541403826 57.358267415562295 5.1658592107705754 6.7348120417445925 27.803349981666543 386.72148096357705 87.219179988409451 8.6424258165061456 29.156260205782019 4.1848561665974557 483.04243317863438 504.28750408907945 8.9235955919139069 20.679130602627993 4.7216047788970199 18.586797731288243 20.21987878944492 3322.1281263126803 11.194447178393601 10.814543953107203 21.654255450004712 217.97605099384236 8.746032620314514 6.9596512352582058 7.191120982533902 24.813599089524359 41.496858063619584 12.921611732337622 9.8625106243416685 4.1583164529874947 10.248807368916461 110.19574803594151 70.783467523870058 14.18999353633262 20.322624947642908 6.3938694177195421 14.19533904828131 7.4644094315590328 29.014420834471821 12.081384008575695 12.804209410358451 32.821435296325944
leaf_count=20424 433139 245663 121 356 979 115284 113 32514 34623 142 132 74 367 194 27874 36 2085 919 255 45 835 5583 82 32 201 4568 785 172 475 33 2633 4003 87 74 50 198 222 27175 51 148 146 2058 61 101 115 353 258 95 138 25 107 906 394 217 103 26 295 144 614 220 205 194
internal_value=-2.91379e-05 0.00265952 0.00234373 0.00227198 -0.00160566 -0.00391906 -0.00806449 -0.00662285 0.00118042 0.0102472 0.029222 -0.00833012 -0.0230123 -0.00508003 -0.00128015 0.00870596 0.00904028 -0.00828798 -0.0290408 -0.0634905 0.0171994 -0.0246068 0.00363332 0.00695125 0.0075685 0.00675738 0.00294208 0.00214064 0.00761278 -0.0352601 0.0106158 0.00820462 0.0166677 0.00169187 0.0181853 -0.00024713 0.0276295 0.00168721 -0.00330782 -0.00537881 0.00113997 -0.011323 -0.0329653 -0.0217027 -0.00746398 -0.0111561 -0.0181823 -0.0088209 0.0229774 0.0107641 0.0101518 0.0139441 0.0341386 0.028435 0.0146152 -0.0174225 0.00668183 0.0257017 0.0344557 -0.0229498 -0.0232898 0.0186009
internal_weight=35987.7 13302 12770.5 12731.4 22685.7 2798.34 760.37 699.417 7065.85 531.499 39.9291 646.852 63.9102 26.8786 19887.4 491.57 489.58 40.6544 22.4085 11.2683 18.2459 60.9531 5665.56 976.823 957.283 929.48 4688.74 4002.03 686.709 9.35072 542.759 677.358 173.071 73.1438 43.9875 23.3084 99.9269 3861.67 539.541 500.136 238.539 261.597 43.6206 34.9782 28.0185 100.886 76.0727 54.4185 39.4053 28.2108 137.653 121.01 79.7071 18.3483 140.363 16.6427 22.5008 39.1089 31.6445 20.8274 19.539 120.041
internal_count=969521 353105 328232 327353 616416 155403 40119 34423 280286 24873 274 33444 930 563 461013 24599 24563 4139 2385 300 1754 5696 47067 7995 7758 7557 39072 33454 5618 115 2989 5503 1500 797 322 248 703 32372 5197 4766 2039 2727 669 497 396 852 499 353 431 380 1187 1054 481 242 1082 133 489 879 735 281 237 979
is_linear=0
shrinkage=0.05


Tree=123
num_leaves=63
num_cat=0
split_feature=7 6 8 6 4 2 2 2 3 12 4 2 6 13 7 9 4 4 7 3 9 2 0 6 8 3 9 2 6 7 9 1 1 13 13 3 9 7 8 1 9 4 0 0 7 3 12 13 11 0 12 13 6 9 3 13 13 3 1 4 7 12
split_gain=44.1922 16.6701 7.16825 6.23187 6.22907 11.3033 8.10354 7.77742 7.03206 5.78431 5.78306 5.38699 5.22983 7.04181 5.00864 7.03012 4.96491 4.79472 5.5667 6.31355 10.3111 9.40409 5.5026 5.40754 4.69061 4.64636 4.45369 7.7936 5.51015 8.93075 4.43518 5.09356 4.2698 7.31167 5.46011 10.1423 4.53184 4.25045 6.11936 4.24859 7.43455 5.21535 4.36546 7.27693 4.13613 4.01942 7.98153 7.07019 5.22821 5.49074 4.36535 4.29091 4.26268 4.60811 4.43194 6.96419 9.04154 5.99959 7.19965 8.86275 6.36894 5.8547
threshold=0.23893107473850253 0.33609920740127569 0.45678754150867468 0.23511837422847751 0.39164464175701147 0.35972702503204351 0.50417831540107738 0.50249308347702037 3.9019216299057011 0.99999424815177929 0.070654816925525679 0.37301026284694677 0.082435581833124175 1.2954229712486269 0.33662588894367224 0.2573783695697785 0.37285098433494573 0.36987176537513738 0.23676994442939761 6.9221508502960214 0.20897566527128222 0.62169596552848827 7.1681945323944101 0.25179842114448553 0.32417838275432592 6.7280302047729501 0.45052036643028265 0.33126540482044226 0.35257433354854589 0.38543431460857397 0.028990741819143299 0.45622405409812933 0.37041097879409796 0.41880123317241674 0.5074540674686433 4.8789997100830087 0.23989140987396243 0.089220777153968825 0.077498830854892745 0.45444042980670935 0.30149586498737341 0.47573676705360418 5.4951148033142099 6.4109966754913339 0.30453343689441686 1.2424533367156985 0.99983829259872448 0.43134306371212011 1.5000000000000002 1.0000000180025095e-35 0.14843849092721942 0.46779036521911627 0.5177636742591859 0.56779971718788158 3.113268375396729 0.30905294418334966 0.28290329873561865 6.4653663635253915 0.36700704693794256 0.38907799124717718 0.34427683055400854 0.32366126775741583
decision_type=2 2 2 2 2 2 2 2 2 2 2 2 2 2 2 2 2 2 2 2 2 2 2 2 2 2 2 2 2 2 2 2 2 2 2 2 2 2 2 2 2 2 2 2 2 2 2 2 2 2 2 2 2 2 2 2 2 2 2 2 2 2
left_child=12 2 3 -2 6 9 7 10 -9 26 -3 -7 13 -1 -5 25 -8 22 32 24 -21 -22 30 37 -20 -16 -6 28 -28 -30 31 -14 33 36 -35 -36 -19 -24 -39 40 -4 -41 -43 -44 -13 46 47 50 49 -48 -12 -50 54 -54 61 56 -56 58 60 -60 -57 -47
right_child=1 4 39 14 5 11 16 8 -10 -11 45 44 17 -15 15 -17 -18 18 19 20 21 -23 23 -25 -26 -27 27 -29 29 -31 -32 -33 -34 34 35 -37 -38 38 -40 41 -42 42 43 -45 -46 52 48 -49 51 -51 -52 -53 53 -55 55 57 -58 -59 59 -61 -62 -63
leaf_value=0.0067908156312014847 0.038502657269838786 -0.033460503613426167 -0.041693800465441543 0.00032108690419573862 0.011454350510183849 -0.023771319899704664 -0.014571063786131931 0.064798645133209556 0.002622133398143176 -0.00372878097781144 -0.043430931298678685 0.045743803649067653 -0.028202049348867449 0.029507365831290266 0.063456421554982337 0.0062913474228768213 -0.003144760753011123 0.0075381230453656529 0.020327839395582307 -0.085197267643360539 0.05118390829367047 -0.042100724553056114 0.039491402674542951 -0.073260151079788935 0.065252594477663392 -0.013833119626066762 0.058780705865615658 0.019986374640135529 -0.042686539998630611 -0.001884082540679715 0.0024917153447559788 0.070219211173070742 0.0040984852712255713 0.042052037116778469 0.038549367877411991 -0.059889767315339383 -0.0430016028025937 -0.061482893539413032 -0.0067535730057316822 0.0624637886764354 0.013204022649993197 0.036247833506972936 -0.025789025648261316 0.030009666263838781 -0.0013699505668416313 -0.018741103212699367 -0.011487101666651033 -0.0050086539870934912 -0.0024817943034668305 0.016509123786100737 0.0037357974315020484 0.021529091732485416 -0.033308927018447086 -0.0084313899253940488 -0.0028518889231626907 0.0072753627041165503 -0.0135229861135452 -0.0077379273656017506 0.015270127202535139 -0.024275432655553833 -0.0028210423324123925 -0.0051477380511346822
leaf_weight=153.30593506559308 10.734555095532412 15.126212329956614 7.6627370515998328 13005.735658963527 329.43609649821883 26.861553669295972 230.69635899599234 8.1050758122000861 10.360209941805804 127.56431311184133 4.9281155134085557 4.6611447010654947 18.506065633486291 43.878696867897816 9.8866043298039568 52.794871770427562 161.70918577196426 57.13418540253042 55.066512584176962 3.58063556352863 6.491606548894195 4.6276401218492538 4.5463518362666937 3.2511922713601953 6.4956722427450577 2.420604490369441 3.1395357849542043 38.475180856883526 16.008387540234253 82.648433604452293 2126.0297206044306 1.4150889826851187 3551.9199776247697 29.703209755349235 6.8462653134483826 4.2353961643675575 4.8089004170615217 5.4359434730577041 84.525171372984914 7.6603602410759768 31.597839633090189 17.73098456999287 11.184602488006933 12.234707712195812 7956.1133632517885 92.725230744174041 254.54697461327305 313.87696045603661 2867.6541912445246 18.807462204014882 1071.4098280321632 18.728362424299121 21.028403614152921 162.1467335040943 963.87119244118367 217.34930248919409 249.98380361573436 188.15918149917707 149.47642673540395 15.651694318017688 555.16569829733271 543.53750450121879
leaf_count=10718 653 6341 675 276209 3214 932 13123 131 599 3328 523 63 8153 1567 218 963 7221 1396 676 39 131 59 98 78 70 52 32 673 144 2795 127834 3 38256 548 75 197 180 379 3770 118 1379 130 111 124 143671 7105 8102 17035 78294 369 23017 221 3442 20857 47941 6833 11263 10405 4711 369 47369 25361
internal_value=-1.77947e-05 -0.000813162 0.000517324 0.00042161 -0.00186113 -0.000921678 -0.00285254 -0.00249728 0.0299136 0.00571311 -0.00257476 -0.00141779 0.00383411 0.0118458 0.000390335 0.0142244 -0.00986232 0.00356969 0.00466812 0.0180381 -0.0114029 0.0123604 0.00174319 -0.00985801 0.025068 0.048255 0.00827736 0.00081602 -0.00642965 -0.00850483 0.00227168 -0.0212107 0.00438913 0.0144385 0.0308777 0.000926062 0.00361451 -0.00767688 -0.0100606 0.0147341 0.00248926 0.0245832 0.0175316 0.00336131 -0.00134236 -0.00251415 -0.00156283 0.00159431 -0.0029519 -0.00956089 0.00351984 -0.002326 -0.00388432 -0.0112873 -0.00342865 -0.00242242 -0.00504952 0.00041016 0.00204526 0.0115218 1.96101e-05 -0.00712876
internal_weight=36061.4 29889.6 13169.6 13081.6 16720 8584.91 8135.04 7742.64 18.4653 597.272 7724.17 7987.64 6171.8 197.185 13070.8 65.1021 392.406 5974.62 3730.91 76.2621 14.6999 11.1192 2243.71 97.7587 61.5622 12.3072 469.708 140.272 101.796 98.6568 2145.95 19.9212 3654.65 102.728 40.7849 11.0817 61.9431 94.5075 89.9611 88.0712 39.2606 48.8107 41.1503 23.4193 7960.77 7709.05 4549.95 1390.21 3159.74 273.354 1076.34 2886.38 3159.1 183.175 2975.92 2339.66 1213.85 1125.8 937.643 165.128 772.515 636.263
internal_count=970343 776116 280632 278095 495484 154852 340632 320288 730 10186 319558 144666 194227 12285 277442 1233 20344 181942 41627 975 229 190 140315 4325 746 270 6858 3644 2971 2939 135990 8156 40652 2396 820 272 1576 4247 4149 2537 2054 483 365 235 143734 313217 127561 40575 86986 8471 23540 78515 185656 24299 161357 128891 59204 69687 59282 5080 54202 32466
is_linear=0
shrinkage=0.05


Tree=124
num_leaves=63
num_cat=0
split_feature=6 6 7 5 1 9 8 5 7 7 10 10 9 5 6 9 9 13 0 4 6 4 4 8 1 4 5 13 5 9 0 1 7 6 13 1 6 0 4 8 2 0 4 8 10 1 1 7 2 8 10 0 0 9 2 13 10 5 13 4 0 9
split_gain=57.1535 10.4394 9.74322 8.7204 9.13525 7.33603 6.57173 7.35197 6.84465 6.00006 5.8883 6.29773 5.64062 7.35774 7.44555 9.65806 8.75499 7.24397 6.51244 6.13827 5.73978 5.59803 5.4702 8.85344 8.88323 8.94268 5.84918 8.07684 7.89283 5.82074 5.59445 8.4175 6.10343 5.37543 6.40306 6.10605 5.37207 5.34128 5.88291 6.87232 5.55325 5.22034 5.15126 5.14175 5.13366 5.11877 5.11174 5.11839 5.05464 5.12144 5.90143 5.18831 5.7346 5.04274 5.04126 4.94847 9.46472 5.79548 10.9556 12.3121 11.8078 8.24644
threshold=0.2709635347127915 0.33567366003990179 0.15953581035137179 3.9607677459716801 0.5946275293827058 0.19954100996255877 0.41121670603752142 2.1383330821990971 0.2467157989740372 0.17332834750413897 8.7296881675720233 1.0000000180025095e-35 0.16464009135961535 4.5695295333862314 0.047675048932433135 0.061210911720991142 0.039986019954085357 1.4935592412948611 2.7403194904327397 0.6513611674308778 0.063285917043685927 0.34872871637344366 0.47573676705360418 0.38330975174903875 0.63244789838790905 0.49741783738136297 4.3757371902465829 1.4867877364158633 4.424828529357911 0.40549814701080328 7.8802359104156503 0.38907966017723089 0.3064767867326737 0.26767948269844061 1.3907248973846438 0.49855451285839086 0.17889843136072162 8.0632195472717303 0.53132507205009472 0.43092836439609533 0.55561751127243053 3.6242519617080693 0.54839965701103222 0.3415305763483048 9.4874033927917498 0.34927795827388769 0.2803934663534165 0.2630132138729096 0.49468632042407995 0.35945497453212744 8.9154319763183612 7.3188710212707528 5.6681537628173837 0.090086802840232863 0.7198392152786256 0.33017480373382574 11.018227577209474 1.4978661537170412 0.4203601479530335 0.18701198697090152 6.5154528617858896 0.31469248235225683
decision_type=2 2 2 2 2 2 2 2 2 2 2 2 2 2 2 2 2 2 2 2 2 2 2 2 2 2 2 2 2 2 2 2 2 2 2 2 2 2 2 2 2 2 2 2 2 2 2 2 2 2 2 2 2 2 2 2 2 2 2 2 2 2
left_child=2 5 12 21 33 -2 7 55 -9 -6 11 -3 13 18 15 -15 42 -18 -1 20 -20 53 30 26 25 -25 27 -24 -28 48 -10 -32 -33 -5 -35 -36 -11 -12 40 -40 -39 -22 44 -42 -16 46 47 -23 -30 50 -50 52 -52 -4 -54 56 -7 58 59 -57 61 -61
right_child=1 10 3 4 9 6 -8 8 22 36 37 -13 -14 14 16 -17 17 -19 19 -21 41 45 23 24 -26 -27 28 -29 29 -31 31 32 -34 34 35 -37 -38 38 39 -41 43 -43 -44 -45 -46 -47 -48 -49 49 -51 51 -53 54 -55 -56 57 -58 -59 -60 60 -62 -63
leaf_value=-0.0045004690485137199 -0.020976636319689643 -0.018785699864279852 -0.0091540977134572047 -0.0021750139033555643 -0.025806405721451677 -0.017921380834695893 0.0084129905634604298 -0.031435235945417216 -0.0022762604231147073 0.042397431001141572 -0.0019915985377581468 0.002086674197875304 0.012076780198562134 0.032300877038403474 0.012338682837290532 -0.075854380478800623 -0.00083889465911209126 -0.10047129714171071 0.040830552185188058 0.055451420120885886 0.018906956424764344 -0.024778810246036457 0.00024832041368394372 0.015902681498519276 0.038504832969944364 -0.025091949256545072 0.043105722688336616 0.020735768168318409 -0.042260649574966849 0.026904220876033353 0.0075947307930699995 -0.041079704386577903 -0.0089167895067433934 -0.015325936336017414 -0.0067078692269816886 -0.14200265514367919 0.0091217575081028908 -0.015763291115819363 -0.088636207329839761 -0.0037489439909988197 0.012491544371756032 0.0064920875979997171 -0.14623583210639832 -0.0063006975839473055 -0.049638993038294756 0.0042297118255204451 0.019334378152051121 0.04775997634718096 0.036890802292372314 0.038735520177427013 0.0052572869910436203 0.034486670248644422 -0.019842660578938028 0.0019338787136947144 -0.088928423791734518 0.058432846942799758 0.00056421288069142563 -0.00048022483104946277 0.0032440422572386409 0.010494315266068937 0.035765746218191216 -0.023154281445877046
leaf_weight=108.35625909536611 40.697808033295587 37.26501059408838 107.74795810992509 1121.7573039692434 11.382316858740522 70.964268506038934 242.9113491406606 18.980093509628205 2536.4833060834644 13.143011492444201 15985.863651767126 1196.3778312626528 379.61651267518755 25.472508026607105 4.7430861792308923 2.2461289312341242 287.6869449115984 1.8360237659653638 13.197284959867828 6.8815415687859049 93.31121664235252 12.979661167788434 1174.4908376327949 16.205400388687849 7.60762677155435 74.280387508217245 17.817464467138052 50.161339168436825 6.3007453681202596 28.548420276725665 27.638810546486638 31.106305230990984 28.052806899184361 25.273171771841593 1.3923439429418061 2.0794125655665994 157.22141026397003 120.87531690718606 4.8526567784138006 4.6873463611118495 45.727993667474948 914.8597845735494 1.0382992124650616 178.42547427414684 11.303989255138729 3726.992555406141 97.16366796575312 2.992488363175652 9.2230283250100893 9.4901588158681971 26.691199263674207 7.0023685509804627 24.519986200495627 2122.3083796817082 2.9592855055816463 15.59560196532402 2856.0798394672747 637.02360180090182 1033.4332858480047 136.166794877965 42.2605483927764 21.019138673320413
leaf_count=11986 10268 7578 9117 61288 82 1723 6541 423 91392 45 488803 6239 7598 2917 923 153 13756 161 644 20 4226 354 8996 224 34 640 168 216 92 249 744 654 563 1740 109 21 686 3326 45 56 771 22516 39 3978 6082 33451 1514 43 33 129 406 192 534 87966 51 307 38637 10986 16177 975 237 183
internal_value=1.04096e-05 -0.00116057 0.00339792 0.00258669 -0.0010765 0.000204617 0.000298797 7.75839e-05 -0.00147894 0.00934063 -0.00187476 0.00145618 0.00664294 0.00524058 -0.00127968 0.0235367 -0.00352319 -0.00147072 0.00715848 0.00838709 0.00806999 0.00339066 -0.00133953 0.00111893 -0.0133872 -0.0177501 0.00216738 0.00108748 0.0121445 0.00733651 -0.0027034 -0.0151855 -0.0258283 -0.00272211 -0.0240723 -0.0877428 0.0116889 -0.00212623 -0.00819609 -0.046928 -0.00712516 0.00764115 -0.0383036 -0.00246702 -0.0313201 0.00454777 0.0150253 -0.0111882 0.000854921 0.00425552 -0.000392776 -0.00601402 -0.0112494 0.00139815 -0.0272826 0.00140286 0.000116042 0.00340051 0.00538062 0.0156484 0.0123029 0.00599477
internal_weight=36020.8 26767.8 9252.98 7402.43 1332.25 9193.71 9153.01 8910.1 4097.56 181.747 17574.1 1233.64 1850.55 1470.93 334.327 27.7186 306.608 289.523 1136.61 1028.25 1021.37 6070.18 4078.58 1455.3 98.0934 90.4858 1357.2 1224.65 132.553 114.735 2623.28 86.7979 59.1591 1150.5 28.7449 3.47176 170.364 16340.4 354.569 9.54 345.029 1008.17 17.0854 224.153 16.0471 3840.13 113.136 15.9721 86.1868 79.886 70.3959 61.1728 54.1705 2230.06 27.4793 4812.54 2927.04 1885.5 1248.48 215.042 199.446 157.186
internal_count=970007 702570 267437 196416 63971 191774 181506 174965 105740 813 510796 13817 71021 63423 24031 3070 20961 13917 39392 27406 27386 132445 105317 11964 898 864 11066 9212 1854 1686 93353 1961 1217 63158 1870 130 731 496979 8176 101 8075 26742 7044 4749 7005 35362 1911 397 1437 1345 1216 1183 991 97083 585 69225 40360 28865 17879 1702 1395 1158
is_linear=0
shrinkage=0.05


Tree=125
num_leaves=63
num_cat=0
split_feature=6 6 7 5 7 6 4 2 4 5 9 2 0 0 12 4 9 9 7 12 2 12 5 0 0 4 6 4 13 9 9 2 0 10 12 13 0 9 0 8 0 0 10 8 12 4 6 9 7 10 12 6 8 8 2 7 2 12 0 12 12 2
split_gain=47.7356 14.0829 8.94367 7.76729 7.38087 7.32634 6.4763 6.26566 6.38386 6.05057 8.24294 7.2352 10.3149 7.09569 10.1628 5.73681 6.01141 5.5359 5.38131 5.34144 8.7171 9.32546 8.73763 6.28531 7.30389 7.07613 8.40647 6.69242 5.52698 5.43494 5.20254 7.49413 14.5841 7.65721 13.8439 14.7218 8.9853 7.66871 10.1364 8.91833 9.2221 9.04627 8.95278 10.1285 7.31622 11.0284 10.3474 11.2328 7.12152 10.75 9.89178 7.25201 6.9624 6.69485 6.6626 9.34123 10.7839 9.39794 8.2476 9.15183 13.0087 12.4408
threshold=0.24345834553241733 0.36479067802429205 0.36248724162578588 2.8029010295867924 0.50159195065498363 0.082435581833124175 0.34872871637344366 0.7198392152786256 0.55542856454849254 3.7256208658218388 0.23989140987396243 0.45641052722930914 7.1320974826812753 7.4888529777526864 0.13391788303852084 0.50377199053764354 0.39270804822444921 0.34015272557735449 0.34997659921646124 2.826136708259583 0.64468553662300121 2.9680498838424687 2.2499048709869389 6.9948496818542489 5.6149497032165536 0.49515162408351904 0.33567366003990179 0.4773408323526383 0.17670939862728122 0.21800297498703006 0.32300746440887457 0.60924673080444347 6.2314648628234872 9.8169755935668963 0.63813453912734996 0.49898879230022436 5.2755572795867929 0.22442625463008883 8.1914610862731951 0.25523337721824652 4.5900437831878671 6.5272264480590829 10.048777580261232 0.3087535053491593 0.060705231502652175 0.53483298420906078 0.31204973161220556 0.26605591177940374 0.29058064520359045 9.9536099433898944 0.52128341794013988 0.29560023546218878 0.23551690578460696 0.28358089923858648 0.65615329146385204 0.29193648695945745 0.69798648357391369 1.0176505446434023 6.1580371856689462 2.0693944692611699 0.57961925864219677 0.6193075180053712
decision_type=2 2 2 2 2 2 2 2 2 2 2 2 2 2 2 2 2 2 2 2 2 2 2 2 2 2 2 2 2 2 2 2 2 2 2 2 2 2 2 2 2 2 2 2 2 2 2 2 2 2 2 2 2 2 2 2 2 2 2 2 2 2
left_child=5 2 9 4 -3 -1 -7 8 15 11 -11 12 -2 -14 -15 -4 -17 -5 -12 30 21 22 -21 24 25 27 -27 29 -28 -23 31 33 54 36 37 -36 -13 39 48 40 -35 52 -41 -44 46 -46 47 -34 49 -39 51 -50 -42 -53 58 56 -56 -57 59 60 -33 -62
right_child=1 3 7 17 -6 6 -8 -9 -10 10 18 19 13 14 -16 16 -18 -19 -20 20 -22 23 -24 -25 -26 26 28 -29 -30 -31 -32 32 44 34 35 -37 -38 38 -40 42 41 -43 43 -45 45 -47 -48 -49 50 -51 -52 53 -54 -55 55 57 -58 -59 -60 -61 61 -63
leaf_value=0.013096025781431786 -0.00063131401582773941 -0.0036333992373235135 0.01452549367731692 -0.021707064922659662 -0.0125082440309221 0.0011614128029240147 0.0045714877144374432 -0.037270032661797195 0.037094164400943909 -0.016892217669355249 -0.0013028750701357741 0.0253196161086995 -0.020965799796354545 0.04527976372843398 -0.0075568240085262806 -0.038105143173400011 0.01282264457856748 -0.00098176659917442862 -0.011026622133608048 -0.053404671915215043 0.014666933418029474 -0.031468030131316195 1.295067595322974e-05 0.0078593707949779316 -0.01458840304151306 -0.022242025614731362 -0.028601411697570744 0.047298548713919197 0.034163852212619493 0.007915199285650194 0.00012456174609709996 -0.00017810529979513174 -0.01020182864941422 -0.051431141445431164 0.0055252273039410032 0.06123114037979234 0.0064034182857271669 -0.049540872062243446 -0.043186388656334319 0.013300735134397348 -0.0012874261590699464 -0.020508162654802219 -0.046600304119460312 0.016328840134921471 -0.0011543571872572288 0.012970841439869122 0.012175232680442157 -0.065363909855125524 -0.028403606791628472 0.010956910375066522 -0.019088158267096023 -0.017136104501698033 0.03940329131864196 0.0067547724098475917 -0.00020248627227983083 -0.0013002652846271429 -0.030849856448578634 0.026161211201831781 -0.062061240468906688 0.020927047154548389 -0.0022629748730683022 -0.035906913438818737
leaf_weight=205.04470878709981 10975.763744349697 3892.4241682255961 98.134296728880145 32.463970308795979 249.27859457003069 2034.0226437537785 4413.2876468988288 6.2217375671025357 24.77149195689708 102.54390647629771 1435.0513616941753 86.910686445422471 104.92395040785777 9.9561677610327006 105.93965087836841 11.814554525655696 11.371406426187603 4289.3424493765706 157.9457926581963 19.169698967831213 57.373853583587334 9.7176620782120136 12.74499838601332 88.066224695765413 168.04355135583319 53.477590578608215 4.7903058514930335 9.8295578407123667 13.096893006935714 88.907300067134202 3534.0003627940314 96.169407640234567 37.51308211311698 8.2689044501166773 1512.1192311021878 11.954120093025265 226.08229773904895 7.6376816444098941 13.261513328179715 10.884650802006943 21.703737684991211 23.118725909153 41.253137603576761 7.5669667292968361 252.32373816767358 305.48476903734263 33.494854432996362 12.240071363747118 19.156376230530441 190.27516498160549 76.871327825821936 33.921938014449552 20.387644576199818 216.31814238562947 78.654525616904721 99.224865320138633 45.196774813113734 45.413934378186241 8.1735579585656506 20.542199560906738 41.208624166902155 82.461857481044717
leaf_count=12193 268940 115774 3482 9572 15730 139415 54004 35 157 13640 57888 854 2802 303 1827 153 98 196084 6852 213 544 112 314 1007 2271 407 91 80 113 1192 33774 654 153 106 13896 77 1996 152 117 107 199 240 434 122 2107 1479 160 58 240 1788 748 432 121 1948 428 539 279 249 55 131 272 686
internal_value=-3.14677e-05 -0.000900858 -0.000200879 -0.00262026 -0.00416755 0.00379157 0.00349566 0.0118706 0.0139634 -0.000289973 -0.0031515 -3.38262e-05 -0.000846573 -0.0115459 -0.00301783 0.00924055 -0.0131279 -0.00113745 -0.00226699 0.00114112 -0.00372722 -0.00598298 -0.0320726 -0.00407294 -0.00709377 -8.99347e-05 -0.0123173 0.00795584 0.0173549 0.00403471 0.00149528 0.00280954 -0.000521295 0.00433562 0.00330107 0.00596216 0.011656 -0.00257143 3.91314e-06 -0.0133506 -0.0016876 0.00462008 -0.0277042 -0.0368465 0.00451781 0.00658133 -0.00930897 -0.0237726 0.00105645 0.00862223 -0.00326785 0.00124641 0.0184218 0.00351618 -0.006769 -0.00130796 -0.0113866 0.00732214 -0.012668 -0.0109885 -0.0139708 -0.0246963
internal_weight=35905.3 29253 20789.5 8463.51 4141.7 6652.35 6447.31 152.313 146.092 20637.1 1695.54 18941.6 11196.6 220.82 115.896 121.32 23.186 4321.81 1593 7745.01 525.218 467.844 31.9147 435.929 347.863 179.819 71.3648 108.455 17.8872 98.625 7219.79 3685.79 1158.1 2527.69 2214.7 1524.07 312.993 690.626 557.442 133.184 73.479 65.2101 59.7048 48.8201 641.057 557.809 83.248 49.7532 544.181 197.913 346.268 269.396 42.0914 250.24 517.046 268.49 123.851 144.639 248.556 240.382 219.84 123.67
internal_count=969894 764282 427122 337160 131504 205612 193419 3925 3890 423197 78380 344817 273872 4932 2130 3733 251 205656 64740 70945 6344 5800 527 5273 4266 1995 611 1384 204 1304 64601 30827 7250 23577 20727 13973 2850 6754 5425 1329 666 560 663 556 3957 3586 371 211 5308 1940 3368 2620 320 2380 3293 1495 707 788 1798 1743 1612 958
is_linear=0
shrinkage=0.05


Tree=126
num_leaves=63
num_cat=0
split_feature=6 6 6 5 10 1 5 9 3 10 9 7 5 9 10 2 1 4 13 13 13 13 1 12 1 2 10 9 2 5 3 9 3 12 4 4 6 2 5 12 13 10 1 9 6 1 3 10 7 5 7 5 6 9 2 5 9 10 7 7 7 12
split_gain=48.7223 11.0071 10.5422 6.6441 6.50544 6.28998 7.63086 7.33894 6.14758 6.08703 5.85944 5.76104 7.87547 7.52946 6.90454 5.83145 6.20679 8.87055 6.57635 10.8057 8.63901 7.80029 6.54063 6.33865 8.97603 6.62307 6.26969 5.67249 5.66676 6.23629 5.73993 6.83234 12.9352 8.47858 8.72968 7.05862 9.03154 5.96465 9.63684 6.81004 8.34448 12.2208 10.3454 6.2949 5.67527 5.57197 9.2586 26.6733 12.9007 9.22672 11.9036 12.2314 8.09924 6.77927 6.25494 6.73313 5.57048 5.56862 5.55848 5.53349 5.51628 5.64154
threshold=0.2709635347127915 0.3357179611921311 0.12253307178616525 2.1383330821990971 12.130815505981447 0.43498201668262487 3.7494349479675297 0.065732736140489592 8.9315090179443377 11.174805641174318 0.21800297498703006 0.21249059587717059 2.4414010047912602 0.11523582786321641 12.724362850189211 0.57025191187858593 0.33010335266590124 0.32926957309246069 0.34222483634948736 0.4203601479530335 0.24826586991548541 0.48752634227275854 0.31557768583297735 0.83615449070930492 0.26313620805740362 0.20318463444709781 9.1288576126098651 0.19027393311262134 0.50084221363067638 3.0201274156570439 5.9039974212646493 0.25385752320289617 5.8593597412109384 0.084132526069879546 0.43907111883163458 0.42436505854129797 0.20104074478149417 0.65615329146385204 3.1984648704528813 0.096319317817688002 0.34087876975536352 10.863555908203127 0.51505503058433544 0.28499121963977819 0.24046788364648822 0.45795276761054998 4.9236173629760751 10.582814216613771 0.1848636940121651 3.6762205362319951 0.21604765951633456 3.2384861707687382 0.17640253156423572 0.11913395673036577 0.4722339808940888 3.2384861707687382 0.52111247181892406 12.443595886230471 0.23893107473850253 0.11221974343061449 0.22953020036220553 0.87459480762481701
decision_type=2 2 2 2 2 2 2 2 2 2 2 2 2 2 2 2 2 2 2 2 2 2 2 2 2 2 2 2 2 2 2 2 2 2 2 2 2 2 2 2 2 2 2 2 2 2 2 2 2 2 2 2 2 2 2 2 2 2 2 2 2 2
left_child=2 3 -1 -2 -3 6 11 -8 10 -9 -5 14 15 -14 59 16 17 18 20 -20 -13 22 27 24 25 -22 -23 -21 29 44 31 33 37 -30 35 36 -35 39 -39 -33 57 42 43 -42 -7 46 47 -31 -48 50 51 -47 -53 -51 55 -52 -12 -41 -29 -4 -37 -62
right_child=1 4 5 8 -6 28 7 9 -10 -11 56 12 13 -15 -16 -17 -18 -19 19 21 23 26 -24 -25 -26 -27 -28 58 30 45 -32 32 -34 34 -36 60 -38 38 -40 40 41 -43 -44 -45 -46 49 48 -49 -50 53 54 52 -54 -55 -56 -57 -58 -59 -60 -61 61 -63
leaf_value=0.0087476065474712764 0.0015258389455231006 -0.0014772132825871518 -0.083437963614131666 -0.017113685805897279 -0.0045361161701602658 0.028988462740716398 -0.039391515516185152 -0.006551845058447971 -0.044083891459696656 0.0016158451966713748 -0.0010823737885577432 0.0089809864257609819 -0.041642040529112856 -0.00136795568085547 -0.018213952722902244 0.024724366584477808 0.00025197424478856179 0.038005260607555387 0.034536042437209952 -0.039540190471958808 0.014897592995526222 -0.011701573994811216 0.010379951672224037 -0.019321843346784801 0.017052656006328531 -0.040345005823397367 0.02115662664984053 0.048392556611915521 -0.038946030746306731 -0.083199689428015464 0.0051481142245112122 0.036275638973137833 -0.051758872656088563 0.048415708085880083 -1.9337459281107616e-05 -0.07044737663604439 -0.043672864328465011 -0.018306350797015754 0.027559039615603631 0.012579382286900748 0.038928498539199441 -0.063603605265763877 -0.029437313010510814 -0.0051567045725531106 0.0078302751483054212 0.0027926471665273732 -0.049677418479802157 0.035153890637036063 0.013537151107968326 0.03491680878437433 -0.050294728213809738 -0.027915683324783499 -0.10320615245282079 0.0029167526609036542 0.029053392418450188 0.0078811391202063385 0.012756367839093908 -0.037403298486016617 -0.016260698063145635 0.0054878598043983477 0.024267672530777357 -0.055065752483997858
leaf_weight=768.54245678248117 5086.668064923032 15247.569300109895 1.7514483693521459 56.059724769366767 1961.7747649805679 67.065203674137592 13.33593174535781 412.30099824850367 8.3162060609902237 510.6183617675506 4211.2400909575372 156.07509352272609 11.710205291157761 1294.2071048240614 31.663422765035648 32.40423249034211 728.32337062043371 22.626235061790794 44.515885052795056 18.972129493078683 8.2426944957114774 17.475562387960963 32.080186882056296 66.149627693579532 40.564547073561698 15.875435720896347 85.773661054263357 4.4156982315471422 15.083898164331911 5.1572144570236551 1946.4645970838174 15.26016159635037 8.999444029061122 5.6574886758462544 738.56908519332501 10.34620703662222 5.0294391451607225 13.647641546092926 71.206866262014955 103.62535678339191 14.588702063541858 9.981833322439341 22.725668948143721 18.198044964112341 60.091126912739128 8.8824282013811189 11.273746679478789 61.88678065300337 28.408483920618892 19.79473643800884 8.0836089961230773 6.1618318038526914 8.4983219008427096 100.99772865907289 13.565492626687044 12.927536037052048 73.995307631557807 5.8891666375566265 13.451676487457005 1479.6279255290428 4.3203467749990505 4.6558502267580479
leaf_count=34361 75358 424428 63 11573 81085 338 11792 41487 186 34882 108742 2659 3011 41889 1129 180 13992 146 592 996 415 1121 369 1974 610 419 1868 69 83 120 16269 55 91 62 6125 210 87 60 340 897 167 97 141 212 306 56 125 596 254 160 56 60 93 866 80 99 1146 89 647 44461 41 70
internal_value=1.14144e-05 -0.0010734 0.0031405 0.000298975 -0.00182591 0.00263168 0.0015083 -0.00256509 -0.00113579 -0.00203295 -0.00105351 0.00243714 0.00100643 -0.00172909 0.00488891 0.00378228 0.00324136 0.00737888 0.00600284 0.0125776 0.00103731 0.00690004 -0.00612623 -0.00843903 0.0026906 -0.0214651 0.0155952 -0.0205 0.00428448 0.00977863 0.00353207 0.000586195 0.00722858 -0.00182205 -0.00109347 -0.0275293 0.00507735 0.00915809 0.0201822 0.00424164 0.00144838 -0.0126696 -0.00351108 0.0144593 0.0189896 0.00567822 0.0147199 0.0260498 -0.00442215 0.000284573 -0.0160849 -0.0435078 -0.0715607 0.00816073 0.00258684 -0.0145008 -0.000843413 0.00989155 -0.000282455 0.00538272 -0.0455635 -0.0168817
internal_weight=35883.4 26645.6 9237.75 9436.28 17209.3 8469.21 5042.16 936.255 4349.61 922.919 4341.3 4105.91 2592.86 1305.92 1513.04 1286.95 1254.54 526.218 503.592 216.685 286.907 172.169 68.9197 130.832 64.6827 24.1181 103.249 36.8395 3427.04 412.794 3014.25 1067.79 284.123 783.662 768.578 30.0093 10.6869 275.123 84.8545 190.269 175.009 65.4942 55.5124 32.7867 127.156 285.638 106.726 67.044 39.6822 178.912 58.1192 23.5426 14.6602 120.792 34.5766 21.0111 4285.24 109.515 17.8674 1481.38 19.3224 8.9762
internal_count=969955 702518 267437 197005 505513 233076 204771 88161 121647 76369 121461 116610 70957 44900 45653 26057 25877 11885 11739 5662 6077 5070 2081 3418 1444 834 2989 1712 28305 3209 25096 8827 2149 6678 6595 470 149 2058 400 1658 1603 617 520 379 644 2565 1095 716 379 1470 444 209 153 1026 235 155 109888 986 716 44524 321 111
is_linear=0
shrinkage=0.05


Tree=127
num_leaves=63
num_cat=0
split_feature=6 7 7 1 5 4 4 9 7 6 1 5 4 7 2 7 1 8 5 9 11 6 5 5 5 12 3 5 4 12 8 8 7 1 5 6 3 6 4 5 0 9 2 5 5 1 1 11 2 8 12 12 5 3 3 12 0 4 2 9 12 7
split_gain=49.978 11.8335 11.5307 6.83105 7.51218 6.79068 6.61145 6.42034 6.097 6.01552 6.11074 5.86203 5.79747 6.37222 10.9733 8.11717 6.2299 8.35332 5.78696 8.00032 10.4937 8.17373 7.65596 10.0157 7.19077 6.00793 5.74236 5.57392 6.53504 5.99125 6.65205 6.28681 5.44989 6.96905 6.54993 7.39123 10.3058 6.80512 5.98097 8.38153 5.41937 5.69117 5.34835 5.21347 5.10615 5.72057 7.19403 5.97211 6.8143 5.09027 5.25871 6.86487 5.22746 5.91358 5.80049 5.92617 9.91608 12.6846 10.5383 8.16526 7.79303 8.30259
threshold=0.2819961160421372 0.19801786541938785 0.33609920740127569 0.23883192986249926 1.8688347935676577 0.20460065454244616 0.23448126018047336 0.17542195320129397 0.36150430142879492 0.59400209784507763 0.63244789838790905 2.8029010295867924 0.31513835489749914 0.26113043725490576 0.46649423241615301 0.28054267168045049 0.44928438961505895 0.24198469519615176 3.0677825212478642 0.49472659826278692 3.5000000000000004 0.41473132371902471 3.6762205362319951 3.5694335699081425 3.2384861707687382 0.61247190833091747 6.0414438247680673 2.4414010047912602 0.54839965701103222 1.1292131543159487 0.22557876259088519 0.13582576066255572 0.11726542934775354 0.37748888134956365 4.0689902305603036 0.11838497221469881 5.9571309089660653 0.063285917043685927 0.32499045133590704 3.5694335699081425 3.7726949453353886 0.034668512642383582 0.71369239687919628 4.424828529357911 1.2424533367156985 0.17889843136072162 0.15083770453929904 1.5000000000000002 0.182930663228035 0.40924552083015447 0.15194498002529147 0.084132526069879546 2.4414010047912602 2.8029010295867924 3.6242519617080693 0.31757545471191412 7.4888529777526864 0.61066952347755443 0.55561751127243053 0.34230823814868933 2.1397762298583989 0.32040852308273321
decision_type=2 2 2 2 2 2 2 2 2 2 2 2 2 2 2 2 2 2 2 2 2 2 2 2 2 2 2 2 2 2 2 2 2 2 2 2 2 2 2 2 2 2 2 2 2 2 2 2 2 2 2 2 2 2 2 2 2 2 2 2 2 2
left_child=1 11 12 4 5 7 -7 -3 27 10 -4 -1 44 14 -14 16 17 -15 19 -12 -21 -22 23 24 -20 -23 -19 -5 -29 31 -31 -30 33 34 35 38 -37 43 -13 -40 -41 -42 -35 -36 45 46 -2 -48 -49 52 51 -51 54 -54 -17 -56 57 -57 60 -60 61 -58
right_child=2 3 9 8 -6 6 -8 -9 -10 -11 18 32 13 15 -16 49 -18 26 22 20 21 25 -24 -25 -26 -27 -28 28 29 30 -32 -33 -34 42 37 36 -38 -39 39 40 41 -43 -44 -45 -46 -47 47 48 -50 50 -52 -53 53 -55 55 56 58 -59 59 -61 -62 -63
leaf_value=0.011882094252971136 -0.0032892829123493811 0.045816327058025658 -0.0019263604632754441 0.0039609293088675064 -0.0073049254238820808 -0.023039111432433059 0.028408483487320044 0.008866284797323187 0.067478975673136682 -0.010384846326111712 0.0052851707800307453 0.023928065241705123 0.017991619849267958 -0.051753737142884705 -0.047795924169950571 -0.000653547849402703 0.036207339471454755 0.027100755704070507 0.030384274651458862 -0.041818651538247147 -0.046608219984320035 0.055362448615424088 0.0011838202437780476 0.045855892075778733 0.00055255095576127651 -0.00056786563154058044 -0.020826467426114999 0.00011396594359478081 0.023502083861313139 0.0026631552750528056 0.021792504772617259 0.0011816370842114583 0.0036149442233082869 0.012681059538675288 0.067827370154664682 0.019180478157836894 -0.10476336040625794 -0.010000488529287033 0.04778272016416283 0.012222764916582097 0.0043476034288934809 -0.074612142914294577 -0.033312098503345329 0.0079263804609895714 -0.0048020533043071868 -0.00038581041078896154 -0.0012576148870152085 -0.012101580709515412 0.061272797659867678 -0.002977286198908313 0.0048024118393479595 0.041249795533393169 0.0056038240910811976 -0.0022943548459917599 0.0070474493699594319 0.0023311757661740665 -0.054553327620036063 0.03294627122406852 0.00091338844661688541 -0.033144354449566218 0.006905854251914186 0.0097400522279518717
leaf_weight=309.32595154625687 24.731013671701476 14.727407656959256 15971.242704762277 2635.8441004980705 374.34529570966788 25.987229470629245 8.2198142705019546 58.272998573258519 3.5751471723197019 205.17767205693235 93.759155604522675 62.201280903507723 10.117970340346803 5.496709798811934 16.969165823422372 1713.512627023505 28.352319814963266 24.438042712165043 30.23855536384508 26.058046638499945 6.8511244375258711 6.7305342620238688 151.62637176434509 25.595165345119312 60.850275492761284 16.75189086701721 8.3973423961433564 3411.1203826210785 33.774146458599716 82.661759822280146 100.94206511590164 478.51144979745732 2575.3486901841679 466.77459239694872 4.5221898091258508 3.6126855545444405 3.1304144407622516 119.2717154795173 5.3366535271052298 6.2307601121719953 3.5009555548895133 6.5547540369443595 6.4075880758464328 18.462159693386639 903.20604483097941 505.38025096920319 8.8557349974871631 3.8822219583671567 17.110108010703698 13.938758184682227 248.47043577513978 23.679210682152188 269.48263375451643 1965.7585704296653 694.19299748551566 1764.9398295737337 26.630563373677433 34.494596602395177 157.0367169030942 19.819747210014611 10.585907294880597 6.1881730929017058
leaf_count=5122 1701 352 471544 37598 41247 832 110 2395 27 20356 512 3365 181 87 183 36235 170 216 202 176 41 62 1345 162 433 276 151 90971 156 442 464 2577 87893 5050 238 135 96 15980 172 848 91 123 96 4868 54331 8316 388 169 293 144 4716 242 12498 34578 4544 13792 200 146 1021 176 88 82
internal_value=0.000115079 0.00295595 -0.00110937 0.00179042 -0.00396292 0.00770665 -0.0106765 0.0163207 0.00220109 -0.0018766 -0.00177009 0.00530212 0.000387514 0.000982516 -0.023222 0.00107597 0.0184374 0.00529392 0.0041944 -0.0036656 -0.0185475 0.00144353 0.00859298 0.0182209 0.0104557 0.0154629 0.0148438 0.00216648 0.00101482 0.00543062 0.0131801 0.00265319 0.00468184 0.00857365 0.00149169 0.0120022 -0.0383592 -0.00519984 0.0160534 -0.00659879 -0.0244182 -0.0471218 0.0120582 0.0197119 -0.00247635 0.00127498 0.0166532 0.0331769 0.0477033 0.000909361 0.00744008 0.0248621 0.000628937 -0.00134214 0.00162407 0.00306212 0.00169232 0.00291806 -0.00832142 -0.00290336 -0.0303979 -0.0424304
internal_weight=35919.2 10818.7 25100.5 7227.98 481.553 107.207 34.207 73.0004 6746.43 16594.9 16389.7 3590.68 8505.67 7042.5 27.0871 7015.42 66.6844 38.3321 418.461 150.151 56.3916 30.3335 268.31 116.684 91.0888 23.4824 32.8354 6742.85 4107.01 695.889 183.604 512.286 3281.35 706.006 232.824 90.5675 6.7431 142.256 83.8244 21.6231 16.2865 10.0557 473.182 22.9843 1463.17 559.959 54.5791 29.8481 20.9923 6948.73 286.088 37.618 6662.64 2235.24 4427.4 2713.89 2019.7 1799.43 220.261 176.856 43.4046 32.8187
internal_count=971005 301248 669757 177171 44936 3689 942 2747 132235 495109 474753 124077 174648 109450 364 109086 624 454 3209 1067 555 379 2142 797 635 338 367 132208 94610 3639 906 2733 118955 31062 25916 4830 231 21086 4599 1234 1062 214 5146 5106 65198 10867 2551 850 462 108462 5102 386 103360 47076 56284 20049 15505 13938 1567 1197 370 282
is_linear=0
shrinkage=0.05


Tree=128
num_leaves=63
num_cat=0
split_feature=6 6 1 6 9 4 2 4 3 12 12 13 2 2 10 1 9 3 9 1 6 9 3 12 2 9 1 0 3 0 1 0 8 6 0 4 9 2 10 12 9 1 2 6 2 0 6 4 4 4 1 12 12 13 2 0 0 9 0 2 9 12
split_gain=53.0595 8.63501 8.37398 9.66043 9.01105 8.86142 8.18452 7.62867 7.88502 6.5503 11.3358 6.47291 6.4663 12.0187 11.454 9.72622 8.11517 7.87528 7.2259 6.72521 7.44016 6.35558 7.65513 6.13254 5.93909 5.86339 5.76572 5.62614 5.53205 7.00163 6.78077 6.31366 5.52954 5.44007 5.3356 7.84033 5.8098 7.37529 9.16146 8.07838 6.62932 6.10856 11.0525 5.40187 5.33302 5.23127 6.09831 5.04249 5.03667 8.16606 5.00871 5.99772 5.2922 7.63452 6.44061 5.69314 10.1546 6.39904 5.06016 5.54668 12.8864 8.66239
threshold=0.2716034352779389 0.082435581833124175 0.48481185734272009 0.4304125458002091 0.44718426465988165 0.46045906841754919 0.40731377899646765 0.50241306424140941 3.5114340782165532 0.18613085895776751 0.31164753437042242 0.4203601479530335 0.57933011651039135 0.57710847258567821 9.3032836914062518 0.49855451285839086 0.20632135868072513 5.747798204421998 0.33461612462997442 0.48921379446983343 0.29702274501323706 0.41401511430740362 5.9976942539215097 0.10328164324164392 0.58207994699478161 0.039986019954085357 0.54034125804901134 0.89587974548339855 7.6755433082580575 5.1789667606353769 0.40460772812366491 5.4445774555206308 0.23850990086793902 0.18078651279211047 7.7863438129425058 0.38514429330825811 0.29702013731002813 0.50417831540107738 11.390254974365236 0.86489665508270275 0.32150796055793768 0.3843152672052384 0.4722339808940888 0.32199369370937353 0.67121061682701122 5.8126356601715097 0.31204973161220556 0.54318663477897655 0.38163714110851293 0.37806759774684912 0.38630591332912451 0.20729269832372668 0.15529232472181323 1.1811852455139162 0.30836375057697302 7.1819720268249521 7.4888529777526864 0.3155884593725205 2.9174053668975835 0.45841021835803991 0.26301880180835729 0.28217308223247534
decision_type=2 2 2 2 2 2 2 2 2 2 2 2 2 2 2 2 2 2 2 2 2 2 2 2 2 2 2 2 2 2 2 2 2 2 2 2 2 2 2 2 2 2 2 2 2 2 2 2 2 2 2 2 2 2 2 2 2 2 2 2 2 2
left_child=1 -1 3 5 -5 32 -4 12 9 -9 -11 24 13 16 21 -15 -8 18 19 -16 -21 -14 -23 -19 47 28 -18 -6 29 30 -3 -31 -2 -27 35 36 41 40 -39 -40 48 43 -43 -34 50 -25 -47 -12 49 -38 51 -37 54 55 -52 58 57 -57 -54 60 61 -60
right_child=2 25 6 4 27 -7 7 8 -10 10 11 -13 14 15 17 -17 26 23 -20 20 -22 22 -24 45 -26 33 -28 -29 -30 31 -32 -33 34 -35 -36 44 37 38 39 -41 -42 42 -44 -45 -46 46 -48 -49 -50 -51 52 -53 53 -55 -56 56 -58 -59 59 -61 -62 -63
leaf_value=0.013358938987167744 -0.0067048815657987596 -0.017584396535541596 -0.025556876368504219 -0.025788872862403597 0.0029285310526238396 -0.0058372314014392829 0.064733959504171504 0.040826874636346433 -0.00079374039086810083 -0.040617765735539942 0.0097241657690076526 0.031009237327944542 0.037257288816767271 -0.016611993323360535 -0.085993048112374071 0.035022459334019124 0.0049507757931320368 -0.035027628616934418 -0.0053294141739973185 0.0040797875344898296 -0.044349785073544784 0.026734272848291774 -0.038522620112722089 0.013964956309689656 0.030380085617988925 0.0051222967390966235 -0.036117150599982308 -0.006042607769737863 -0.08148634850672544 0.041847772672187498 -0.093600435120347783 -0.0044638236358551372 0.00051041045042076816 0.0023372161620491059 -0.0065727890294484479 -0.017390593050498546 -0.007357832943122599 -0.0019567330576710593 -0.047994746299344998 -0.014376795015995439 -0.0014657212101931421 0.04784132338868656 -0.0049818280997617845 -0.017855404198792654 -0.019808055071618286 0.011968261279046179 -0.0034404182633229275 -0.0074341877525594792 -0.046702566665120682 0.022785622749359278 -0.026958859568399197 0.0094655147521406739 0.003985047875259556 -0.024437493586919143 0.0078306879465236002 0.045019331489130544 0.00071047419495364307 0.013052600782227107 -0.10872948829297267 -0.00013956624994821047 -0.0039175971303597934 -0.027439310331239017
leaf_weight=203.37198870155407 435.02544826331177 32.381237179539312 30.808485612738878 53.142099007120123 201.83762058796128 1073.8849315744592 5.6162443514622273 14.515361072495578 6226.1024333976966 12.248312055133281 101.93583358277101 28.580153165617958 30.923684734851122 10.811105924716683 4.8036075184645588 58.312306983629242 578.83204549032962 11.162559147342106 113.17587752453983 14.421744789113289 17.61942532309331 11.094265552470462 7.5540709698107085 81.433546105487039 21.459476778749377 2371.1570222795053 8.6745773651637119 1302.9707325844574 2.6443341353224232 9.3339358474895544 3.2259108170183017 34.788783838423115 2590.8653844283235 6729.43316208547 416.41493175869982 22.475039457596722 614.5629840443944 154.42211376261548 21.54952937993221 104.65368864338961 7566.2321146658287 18.774419113811746 20.955877578002401 40.665583426893136 30.33175569656305 82.494998595007928 289.73867193100159 73.832612226600759 7.7909131702035657 23.320713532273658 13.837229511700569 277.17340927629266 575.16472630371572 31.415840430476237 344.97490742430091 23.581906147650443 148.31542669443297 46.574148554122075 3.697721311938948 2020.7295209579243 388.99022684380179 28.816305660002399
leaf_count=12220 21562 10225 174 9740 19039 16057 82 85 62435 97 979 179 152 259 66 388 7758 117 2354 137 188 121 81 1318 158 71592 86 114202 255 713 321 3202 72082 172213 8294 386 23547 6191 430 4024 245753 253 249 12040 879 928 6677 610 140 468 187 4583 6446 333 3759 305 2741 1350 30 32102 6030 438
internal_value=-6.11183e-05 0.00316835 -0.00120763 -0.00178515 -0.00555392 -0.00144068 0.00016342 0.000264941 -0.000442412 0.00821811 0.00622981 0.00877092 0.00371924 0.00721571 0.000234228 0.0269467 0.00491623 -0.00162983 -0.0115905 -0.0308227 -0.0225516 0.0233544 0.000300001 0.00158492 0.00554838 0.00294267 0.0043444 -0.00483932 -0.0103372 -0.00797741 -0.0244712 0.00533316 -0.00114506 0.00306287 -0.000989386 -0.000835614 -0.0015134 -0.00215311 -0.0101239 -0.0201171 -0.00188072 0.00052039 0.0199796 0.0002266 0.00107704 0.00248578 -2.5523e-05 0.00251669 -0.00674385 -0.0062558 0.00123841 0.00745118 0.000725004 9.19971e-05 0.00648906 0.000330145 0.00812431 0.0237977 -0.000234183 -0.00122784 -0.00644515 -0.0366842
internal_weight=35825.6 9386.34 26439.3 18603.1 1557.95 17045.2 7836.15 7805.34 6478.67 252.572 238.056 225.808 1326.67 662.246 664.422 69.1234 593.123 614.85 150.021 36.8448 32.0412 49.572 18.6483 464.83 197.228 9182.96 587.507 1504.81 82.3742 79.7299 35.6071 44.1227 15971.3 9100.59 15536.3 15119.9 11163.8 8492.53 280.625 126.203 8211.91 2671.26 39.7303 2631.53 3956.08 453.667 372.234 175.768 645.675 637.884 3925.75 299.648 3626.1 3267.29 358.812 3235.87 218.471 70.1561 3017.4 2442.23 421.504 32.514
internal_count=969810 270741 699069 613640 142981 470659 85429 85255 64543 2108 2023 1926 20712 8573 12139 647 7926 11785 2745 391 325 354 202 9040 1747 258521 7844 133241 14716 14461 10546 3915 454602 243805 433040 424746 365177 280553 10645 4454 269908 84624 502 84122 59569 8923 7605 1589 24155 24015 58690 4969 53721 49775 3946 49442 4396 1655 45046 38600 6498 468
is_linear=0
shrinkage=0.05


Tree=129
num_leaves=63
num_cat=0
split_feature=7 7 6 5 3 5 4 3 9 7 2 2 6 0 2 3 9 0 2 4 10 4 5 0 12 5 8 8 10 10 3 9 2 9 10 4 2 4 4 6 0 10 9 12 12 7 8 5 4 6 12 7 2 2 8 12 2 6 5 2 5 12
split_gain=52.0065 13.5929 10.2716 7.60833 7.10586 6.59026 8.21339 7.0803 7.6218 8.54225 6.88341 5.92023 5.95371 6.0521 7.40573 7.6685 5.90166 6.69838 7.89025 5.9005 5.86324 5.78821 5.55692 7.11618 5.5057 6.75397 6.84662 7.11225 6.45419 5.33298 6.51195 5.55698 5.31675 5.49346 5.28892 5.10224 5.03773 4.89463 7.82314 4.77687 6.12219 10.0625 5.3014 4.71555 4.67134 6.24858 6.0778 5.59069 5.55781 5.63269 5.64229 5.42555 4.58784 5.08962 4.57478 4.45214 4.50055 4.45181 6.22779 6.48976 20.9257 11.7687
threshold=0.2819961160421372 0.16475966572761538 0.39164464175701147 1.4978661537170412 4.4367339611053476 3.7012257575988774 0.57175534963607799 4.7578821182250985 0.15194101631641391 0.18276431411504748 0.67684611678123485 0.60351046919822704 0.22362303733825686 3.6762205362319951 0.4722339808940888 4.135134458541871 0.44179719686508184 4.0163424015045175 0.58959981799125682 0.6210572123527528 11.070030689239504 0.20202602446079257 3.5694335699081425 1.2424533367156985 1.0176505446434023 4.9380581378936776 0.16758179664611819 0.22013162076473239 11.518420219421388 10.364418983459474 4.7317931652069101 0.37809175252914434 0.25907966494560247 0.42742338776588445 9.0806851387023944 0.48242683708667761 0.66372647881507885 0.42837297916412359 0.37692382931709295 0.27918012440204626 4.3241107463836679 11.70258665084839 0.22061753273010257 0.060705231502652175 0.79696986079216015 0.47045558691024786 0.39163494110107427 2.8029010295867924 0.55542856454849254 0.40056388080120092 0.91532614827156078 0.39351575076580053 0.51752418279647838 0.50417831540107738 0.36465069651603704 0.9919678568840028 0.50714692473411571 0.063285917043685927 4.5163240432739267 0.62423995137214672 4.5900437831878671 1.9672967791557314
decision_type=2 2 2 2 2 2 2 2 2 2 2 2 2 2 2 2 2 2 2 2 2 2 2 2 2 2 2 2 2 2 2 2 2 2 2 2 2 2 2 2 2 2 2 2 2 2 2 2 2 2 2 2 2 2 2 2 2 2 2 2 2 2
left_child=1 36 39 4 -4 7 -7 8 10 22 11 12 -3 14 15 -14 17 -8 -19 29 21 -5 37 -24 25 -20 -27 -28 -26 30 31 34 33 -22 52 55 57 38 -10 40 -2 -42 -41 -36 46 48 -34 -47 -46 -50 -51 -48 53 -11 -52 56 -15 -1 -59 -60 -61 -62
right_child=2 5 3 20 -6 6 16 -9 9 19 -12 -13 13 35 -16 -17 -18 18 24 -21 32 -23 23 -25 28 26 27 -29 -30 -31 -32 -33 44 -35 43 -37 -38 -39 -40 42 41 -43 -44 -45 45 47 51 -49 49 50 54 -53 -54 -55 -56 -57 -58 58 59 60 61 -63
leaf_value=0.018099319786049707 0.03772690166221241 -0.0022124293294141935 -0.0029778299012259268 -0.015414841534951774 -0.019842762609400579 -0.0020224977799291337 -0.033884617267081578 0.004022846387292927 0.028630109057147853 0.0049820185826270581 -0.11115166019583725 0.043653021825482759 -0.015000072829482347 -0.022051177656211778 0.056269461067210029 0.07034716964873082 0.033308224775594183 0.046709257746290811 -0.003597082597971632 -0.05327838421936805 -0.021195240613472197 -0.00093304397608824435 0.055398201492360605 -0.083484510582694543 0.032756358901430471 0.048230614117591192 -0.025693472142448565 0.024762256758570217 0.0039825209668360876 0.0030931314930272491 -0.07531688519992831 -0.067410634567045144 -0.022851249488403665 0.0031394857717900295 -0.055435459547887068 -0.12511277109096003 0.015292660871320647 0.058710444180348847 -0.056885360046585745 -0.017230236617267889 -0.040924943407616987 0.0534022704751431 -0.00062029897606459376 -0.0051013640500519155 -0.0034293442800331572 -0.01858656349087803 -0.037725378338969877 -0.0057136614649415385 0.026762477691533018 0.024069774660294085 0.024227441591675895 -0.0065011889959372144 -0.068548805814134778 0.049823583489511027 -0.0067584527240235658 -0.052763056404100409 0.061492081905513862 0.0071028959295876678 0.0025497372847494721 -0.11792671337600256 -0.019961931873875211 0.037806900851900541
leaf_weight=72.038728758383513 18.063772226643781 362.25907623226431 122.26243418702506 70.607224433206284 127.68699615608784 1570.1971506570853 10.762834378518162 4438.0378365517172 23.493580228649083 124.07507742202142 1.5218209871090937 6.261826039873994 70.103812908018881 15.616756373390681 4.2282631018315433 2.7345770865795194 19.373920485377312 11.594350625760852 180.24877405838924 4.891573446802794 25.128447470364335 3028.1911121300509 1.4678224576637142 2.4818940698169172 33.278924989746884 13.335534624755381 11.474192285444589 17.849128757603467 47.031465847278014 1528.2408277747309 3.1070396772120139 3.2892469658982 74.317471912916517 300.90544220528682 4.7291981808375558 1.4698262830497686 154.36198868989595 10.889629057608543 3.0179911134764543 48.15899455170802 8.0691986914753198 4.3522401194786644 19293.828593960508 289.40088515047682 712.34560732740647 109.57267601403873 14.352596214623189 366.31463781346974 29.223964109551162 24.397051450796425 13.730162076884879 453.59068500361172 2.026213649660348 6.6680393852293482 89.95210876618512 12.256017268293361 1.797626839019357 1389.7334362322763 408.85247563513985 4.5990902691846705 37.508760502387304 11.525116068776695
leaf_count=5986 499 16793 6227 16788 3781 84911 90 56126 747 3366 15 45 5491 785 23 64 76 52 877 25 5370 97160 55 89 130 39 64 83 236 39833 105 126 1833 28151 173 15 1045 45 50 12751 254 134 396943 13222 38406 7204 228 34040 214 357 203 15846 10 19 1576 483 17 44225 25501 53 494 53
internal_value=8.58134e-05 0.0029637 -0.00117427 -0.00306809 -0.0115933 0.00210816 -0.000487773 0.00282618 0.000689904 0.00204109 -0.00498262 -0.0046437 -0.00528653 -0.0155781 -0.00806147 -0.0117959 0.00649825 0.00490287 0.00622894 0.00156815 -0.00266699 -0.00126302 0.0245314 -0.0318719 0.00468107 0.000636964 0.0185273 0.00501897 0.0159058 0.00170493 -0.00319129 -0.00267036 -0.0046322 0.00126393 -0.00217154 -0.0341805 0.00660182 0.0304878 0.0188953 -0.000630485 0.0191463 -0.00787445 -0.000661656 -0.00591067 -0.0056505 -0.00407154 -0.00956843 -0.00867764 -0.00155101 0.00695502 0.00243553 -0.00745889 0.00611192 0.00726899 -0.00265513 -0.0296758 -0.0134273 0.00590465 0.00543036 0.000404537 -0.0159487 -0.00638372
internal_weight=35852.9 10917.8 24935.1 5562.58 249.949 8839.21 1915.15 6924.07 2486.03 2007.78 478.25 476.728 470.466 108.207 77.0667 72.8384 344.949 325.575 314.812 1966.43 5312.63 3098.8 41.3509 3.94972 303.218 222.908 42.6589 29.3233 80.3104 1961.54 433.296 430.189 2213.83 326.034 426.899 31.1402 2078.62 37.4012 26.5116 19372.5 30.4852 12.4214 19342 294.13 1887.8 1345.54 542.261 475.887 869.649 157.303 128.079 467.943 132.769 130.743 103.682 29.6704 17.4144 1924.26 1852.22 462.485 53.633 49.0339
internal_count=969602 301637 667965 257384 10008 224280 86558 137722 81596 57865 23731 23716 23671 6878 5578 5555 1647 1571 1481 56879 247376 113948 986 144 1429 1063 186 147 366 56854 17021 16916 133428 33521 16790 1300 77357 842 797 410581 887 388 409694 13395 99907 82000 17907 41244 40756 2350 2136 16074 3395 3385 1779 1285 802 76312 70326 26101 600 547
is_linear=0
shrinkage=0.05


Tree=130
num_leaves=63
num_cat=0
split_feature=6 6 10 10 9 4 2 6 4 10 4 8 8 0 0 12 12 6 8 6 2 9 2 6 9 10 2 12 4 3 8 6 12 3 0 9 8 8 4 10 6 4 7 12 13 0 4 4 9 0 7 2 2 10 0 6 7 12 8 4 10 2
split_gain=49.5028 13.0924 10.1394 7.29158 6.49175 6.13744 6.074 6.82068 5.61572 5.6015 5.33488 5.07827 5.08583 5.04381 5.76994 7.27747 5.73218 5.5005 5.48787 5.3894 8.39745 7.30525 5.73734 5.36055 10.539 6.4449 5.60127 9.2454 8.88708 5.27895 6.63186 5.43372 10.9245 9.78464 11.7205 5.71209 8.31169 9.17194 8.73981 5.50761 8.10736 5.36253 5.42156 5.24283 5.49601 5.19392 6.23034 7.24914 6.62153 8.73313 5.09939 5.91684 6.48829 5.14724 5.11901 5.09201 5.02433 5.02268 10.1876 5.89868 5.397 6.80956
threshold=0.28507962822914129 0.13008482009172442 11.715233325958254 11.65768337249756 0.26332737505435949 0.55542856454849254 0.62423995137214672 0.14026395976543429 0.54318663477897655 1.0000000180025095e-35 0.057706220075488097 0.43633569777011877 0.39345377683639532 6.6839864253997812 6.2470748424530038 0.060705231502652175 0.050942661240696914 0.28050477802753454 0.13282252848148349 0.16716509312391284 0.48152036964893347 0.10099299624562265 0.41206875443458563 0.13391261547803882 0.11523582786321641 10.386546134948732 0.48647108674049383 0.10328164324164392 0.47573676705360418 6.5896136760711679 0.077498830854892745 0.20510912686586383 0.092310994863510146 6.3877203464508066 6.335940122604371 0.27764984965324407 0.26101587712764746 0.22825078666210177 0.40197433531284338 11.99997663497925 0.25593917071819311 0.54318663477897655 0.27350832521915441 0.15529232472181323 0.23727313429117206 6.5035390853881845 0.54318663477897655 0.5150875747203828 0.23761668056249621 6.5272264480590829 0.20109672844409945 0.46999417245388037 0.37792408466339117 12.443595886230471 6.4777410030364999 0.17414735257625583 0.34843763709068304 1.1678547859191897 0.20134044438600543 0.30692707002162939 11.52169704437256 0.58959981799125682
decision_type=2 2 2 2 2 2 2 2 2 2 2 2 2 2 2 2 2 2 2 2 2 2 2 2 2 2 2 2 2 2 2 2 2 2 2 2 2 2 2 2 2 2 2 2 2 2 2 2 2 2 2 2 2 2 2 2 2 2 2 2 2 2
left_child=1 -1 3 9 -5 10 -7 -8 11 -2 -3 12 -6 14 -12 -16 -15 29 23 20 22 -22 -20 24 -18 -26 27 -25 -28 30 -17 50 -33 57 -35 36 37 -36 -38 40 -40 42 -37 -30 -45 -31 47 48 49 -47 53 52 -52 -32 -55 -21 -10 60 59 -59 61 -34
right_child=2 5 -4 4 8 6 7 -9 56 -11 13 -13 -14 16 15 17 18 -19 19 55 21 -23 -24 26 25 -27 28 -29 43 45 31 32 33 34 35 41 38 -39 39 -41 -42 -43 -44 44 -46 46 -48 -49 -50 -51 51 -53 -54 54 -56 -57 -58 58 -60 -61 -62 -63
leaf_value=0.0083779238619815666 -0.016011387951973328 -0.034014577953382689 -0.0029960656404301785 0.022387477863217122 0.0039169867070819459 0.014837201747965248 0.034267673990438348 0.0036036551851419876 -0.052149362922125964 -0.0007819011745585022 0.0019573443056526813 -0.0086528609952187703 0.02099965602850697 -0.048831012554200401 0.032320323152152962 -0.045044255415565684 -0.09503393547093654 0.019407131342160645 -0.046434534306202091 0.016365792401921812 -0.06943867440311878 -0.017298002289288916 0.030636021602215225 0.029155857018042602 0.047458037324844105 -0.035359050416030637 0.021929424267749718 -0.020703670195347055 -0.046945429681050074 0.029361361816527345 0.0084436548507335236 -0.040991349184893194 0.0024631637282044919 -0.063226440089992092 -0.0088145607086760804 -0.0010342640963028333 0.0010466112659305606 0.015981992863974386 -0.090975661664588134 0.0067189186373839572 -0.030900931834099671 0.073367804456405478 0.043138884721733772 -0.034766617243111239 0.0080880551783602452 -0.063351061898909308 0.039785442975349007 -0.042211744768501404 -0.0095538239977268381 0.017834789037457666 0.067779568217870151 0.049911568846269329 -0.062769406720390983 -0.056702854808629202 0.039636896486660425 -0.0014266675932924143 -0.0010077299801595956 0.026446745765153712 0.012022526128571742 -0.061878365927938966 0.044251795312277777 0.03559765959137929
leaf_weight=969.94845294484549 60.579810853676463 10.337747502668206 5967.8830335049061 45.940057462674304 572.48753364814911 163.38392883478082 18.549596495111473 810.70368310899357 8.5632910239510256 18059.986750219996 6406.4156243011948 73.86048394095269 47.159435720473994 6.1246452943014438 25.881076545949327 7.3458107933402053 3.7748363630380473 65.26843437703792 2.9757632851978988 41.474154415729572 8.0280564026033954 41.157410653540865 12.808702763039035 12.783000876312142 4.4601811268366856 4.9634165721945465 103.67878921898955 34.099283698073123 5.5837753723026244 34.124626857686962 190.94952877102696 16.075324399353121 48.83121422021577 8.2163005640104512 107.46926021088439 31.318884076434188 23.037772914540255 57.109473143958894 7.9105554402631268 5.453007534146308 19.362719894037582 3.490616211667656 8.9258628891548124 8.4282433018088323 66.605813498434145 3.4413263283422557 13.849802573357008 7.7994627209845921 40.112102602957748 88.449951500406314 1.4546178945165618 14.121458731096935 2.7530866197485011 5.7517420677468172 1.8136151023209093 1321.5455982645399 10.935357423149979 2.4091046562534748 34.653614558630579 8.7773239734815416 17.099489902320784 22.720712647307664
leaf_count=40316 10890 5000 193955 748 7898 917 77 3769 64 444079 211622 3905 1333 267 335 263 128 890 349 644 176 755 268 135 40 63 1527 1670 67 606 3565 246 1278 196 1809 595 727 771 104 52 157 12 157 58 625 74 60 66 1026 1867 84 144 78 194 47 21655 307 95 653 173 128 200
internal_value=3.60445e-05 0.00283128 -0.00119959 -0.000631719 0.00416966 0.00229403 0.00602567 0.00428958 0.00299586 -0.000832816 0.00188342 0.00373991 0.0052171 0.00192461 0.00249059 0.00617985 -0.000547853 0.00542822 -0.000371027 -0.00155591 -0.0156252 -0.0258084 0.0161063 0.00655267 -0.0244399 0.00383821 0.00832209 -0.00710889 0.0122475 0.00433532 0.00219343 0.00273587 -0.000564053 0.00103355 -0.00441634 -0.00258657 -0.00586275 -0.000210058 -0.0225458 -0.0391537 -0.0483255 0.0139191 0.00876288 -0.000203959 0.00327438 0.0117159 0.00779708 0.0046281 0.00739565 0.0147944 0.00917095 0.0344046 -0.0176382 0.00684109 -0.0336077 -0.000885276 -0.0234678 0.0120675 -0.00136975 -0.0428567 0.0190157 0.0129847
internal_weight=35831.2 10983.8 24847.4 18879.5 758.946 10013.9 992.637 829.253 713.006 18120.6 9021.22 693.507 619.647 9010.89 7332.39 925.978 1678.49 900.097 1672.37 1427.99 64.9699 49.1855 15.7845 244.377 13.1984 9.4236 231.179 46.8823 184.297 834.828 647.051 639.705 422.861 406.786 272.294 264.078 220.343 164.579 55.7641 32.7263 27.2733 43.7354 40.2447 80.6178 75.0341 187.777 153.653 139.803 132.003 91.8913 216.844 18.3292 4.2077 198.515 7.56536 1363.02 19.4986 134.491 45.84 11.1864 88.6514 71.5519
internal_count=969959 306780 663179 469224 14255 266464 4763 3846 13507 454969 261701 13136 9231 256701 228274 16652 28427 16317 28160 23847 1548 931 617 4313 231 103 4082 1805 2277 15427 11728 11465 7353 7107 4580 4384 3620 2580 1040 313 261 764 752 750 683 3699 3093 3033 2967 1941 4112 306 162 3806 241 22299 371 2527 921 268 1606 1478
is_linear=0
shrinkage=0.05


Tree=131
num_leaves=63
num_cat=0
split_feature=6 6 9 7 9 12 1 8 4 4 12 7 9 5 12 4 4 12 5 12 9 0 5 4 0 5 1 12 6 3 4 3 12 0 12 11 0 8 3 1 12 5 9 8 8 1 1 9 4 6 4 2 8 3 9 5 5 4 1 12 2 8
split_gain=49.2801 17.9785 6.8851 6.76043 6.94752 7.2947 7.93715 6.67993 9.35301 8.63079 8.46538 6.65131 8.08467 7.6016 7.70428 8.612 6.86226 6.64272 7.6395 6.59406 7.37511 8.8906 7.06299 6.48906 6.32352 6.02682 8.48467 10.4599 6.533 5.95263 7.12012 5.82745 5.73984 5.62714 6.69533 8.30835 9.62381 8.00427 8.02973 6.44294 6.26047 5.53414 5.43514 5.40247 10.0178 8.8142 8.28343 11.2706 7.40104 8.10337 6.9123 6.79895 6.54426 7.08962 6.37952 6.28051 12.4495 7.70143 7.64905 8.14322 5.99594 5.98532
threshold=0.3064767867326737 0.1436005309224129 0.27764984965324407 0.081275444477796568 0.082432270050048842 0.26050662994384771 0.56780785322189342 0.067793045192956938 0.42332686483860021 0.41198657453060156 0.11357812955975534 0.5007586181163789 0.5635681450366975 3.5114340782165532 0.17410154640674594 0.46614517271518713 0.61066952347755443 0.23116090148687365 4.0342013835906991 0.2209761589765549 0.15512134879827502 7.3604218959808358 4.7050054073333749 0.28497314453125006 7.3188710212707528 3.7012257575988774 0.54034125804901134 0.096319317817688002 0.59400209784507763 4.2972624301910409 0.43698139488697058 8.1947808265686053 0.074341304600238814 4.1190040111541757 0.10673087462782861 7.5000000000000009 4.6774799823760995 0.11393573880195619 7.0846455097198495 0.24380752444267276 1.0551121234893801 4.2696731090545663 0.63707229495048534 0.10673092305660249 0.12663633376359942 0.43906483054161077 0.47098995745182043 0.13116636127233508 0.46421742439270025 0.11838497221469881 0.48242683708667761 0.65893816947937023 0.15537236630916598 6.1431114673614511 0.08653349801898004 4.9938225746154794 5.478551149368287 0.55275359749794017 0.38630591332912451 1.7482678890228274 0.53173133730888378 0.091293361037969603
decision_type=2 2 2 2 2 2 2 2 2 2 2 2 2 2 2 2 2 2 2 2 2 2 2 2 2 2 2 2 2 2 2 2 2 2 2 2 2 2 2 2 2 2 2 2 2 2 2 2 2 2 2 2 2 2 2 2 2 2 2 2 2 2
left_child=1 3 -2 -1 29 7 43 8 9 -6 -10 -4 31 -14 15 -15 -16 18 -9 20 21 22 24 -3 -20 -17 28 42 32 30 -5 -13 -27 -31 -35 36 -36 -38 -39 -37 -40 -19 -28 54 48 -46 47 -47 49 -45 -50 -52 -48 -54 -7 57 58 61 -57 -60 -58 -56
right_child=2 23 11 4 5 6 -8 17 10 -11 -12 12 13 14 16 25 -18 41 19 -21 -22 -23 -24 -25 -26 26 27 -29 -30 33 -32 -33 -34 34 35 39 37 38 40 -41 -42 -43 -44 44 45 46 52 -49 50 -51 51 -53 53 -55 55 56 60 -59 59 -61 -62 -63
leaf_value=0.016125702722206869 -0.01302194661758448 -0.0012704679706540835 -0.0013302354107195867 -0.0073196369394145314 -0.016458288043695254 0.035225776095745925 0.03271131785673001 0.029599359161941247 -0.017510409596693349 0.066697054397756042 -0.097264837343849816 -0.017376064510205132 -0.0068217076794099109 -0.014795686639278972 -0.004763293955672601 0.038086323042127251 0.022644071364410531 -0.084023418626701082 -0.0465872122517971 0.059883161086693809 0.011055412436196741 -0.11007990369667575 0.015923866900512493 0.0020569769105653448 0.068473985246417957 0.062575239977397099 0.00022477000758409755 0.025587612083157341 0.054480163318390222 0.032633327065943199 -0.063653865636623091 0.030453691508950179 0.0034281802568231004 0.025574186277431712 -0.051333945741275172 -0.047473532159419275 -0.0086598587154104959 0.023886054682912383 -0.078962739699721507 0.019658061889612357 0.019344236794854967 -0.0031646504507130656 -0.041738542208063001 -0.072165061618423607 0.021294506853591921 -0.10804133142717026 0.023687326152949079 -0.0080028635523385211 0.049949329026882767 -0.015261644720751037 -0.045731925915082627 0.02536245480408483 -0.083108141778619235 0.0012904311276250404 0.010608254898371406 0.0087097342905845965 -0.030769675582547524 -0.055627568878178518 -0.094467614319645177 -0.0065090412611262111 0.056661749651308081 0.027895960378697012
leaf_weight=206.641732206288 131.74869667837993 1691.7098659492622 20337.605665312782 66.908414296602132 13.764866968384018 31.629388041736092 41.869967354461551 30.049126625701319 7.5171086778864247 4.035138586536049 5.969278019387275 155.45720415344113 712.96639932163816 26.708104616147466 320.99539986709715 25.653344755060971 24.588221855461597 3.6348209114512411 13.842774862423543 4.2008879271452306 33.711549124476733 2.6819953517988315 11.037888881139223 10943.571314447516 1.3068299312144525 4.9271335289813605 15.020713530480863 19.300271202111617 14.357063898700288 16.092084735661047 6.1221875012852243 6.6403006167529375 24.486995774554089 27.772451243246906 10.746793698985128 3.8051577489095498 138.79932848316821 39.554829630753375 3.6872109355317653 58.866931280514109 2.8879149262793362 5.0645456711063161 15.867889341199769 8.0930482249823381 78.031885421718471 4.1574879919644436 21.289227020926774 8.7223898973315936 6.977499412372711 27.569546826940496 6.9574615443125349 6.5089959353208542 3.4315268509089938 9.0518517938908172 200.42858799677924 5.9475016359356294 2.6833457811735553 3.9246223936788729 7.0056679509580118 4.214244979666546 7.2837113528512418 66.738410647551063
leaf_count=12167 18951 117944 495696 10740 1306 547 177 758 48 24 123 11321 39566 3265 29801 283 1098 171 942 135 805 83 691 197581 3 33 74 286 268 861 145 175 371 810 1217 897 5036 1379 121 1030 50 265 110 494 3343 100 148 102 40 1134 90 26 70 100 4042 711 444 31 211 65 89 1188
internal_value=-0.000144732 0.00218171 -0.00162633 0.00784959 0.00624314 0.00922329 0.0117828 -0.00111294 -0.0214036 0.00239246 -0.0528109 -0.00155716 -0.00493328 -0.00352289 0.00125841 0.0108749 -0.00281326 0.00490261 0.00866263 -0.000758032 -0.0048287 -0.0233769 -0.0144972 0.00161147 -0.0366618 0.0166068 0.0107424 -0.00328915 0.0268313 0.000768511 -0.0120422 -0.0154167 0.0133358 0.00386425 0.00224621 -0.000261551 -0.00533605 -0.00266297 0.0153809 0.0155821 -0.0357845 -0.0369495 -0.0213323 0.0100668 0.00312006 0.0110154 -0.00617774 -0.0402942 -0.0144255 -0.028175 0.00955918 -0.0113685 0.00683328 -0.0219097 0.0138742 0.0116097 -0.0113249 0.0139053 -0.0371307 -0.06143 0.0331233 0.0149267
internal_weight=35742.8 13906.5 21836.3 1271.22 1064.58 689.333 552.516 136.817 31.2864 17.8 13.4864 21704.6 1366.97 1204.87 491.905 146.322 345.584 105.53 96.8311 66.7819 62.581 28.8695 26.1875 12635.3 15.1496 119.613 93.9601 50.1889 43.7712 375.243 73.0306 162.098 29.4141 302.213 286.121 258.348 195.676 184.929 46.13 62.6721 6.57513 8.69937 30.8886 510.646 180.791 124.684 46.6525 12.8799 56.1066 35.6626 20.444 13.4665 33.7726 12.4834 329.855 298.226 27.1345 271.092 17.1674 11.2199 9.96706 267.167
internal_count=969782 368484 601298 52959 40792 18506 13152 5354 1501 1330 171 582347 86651 75155 35589 4690 30899 3853 3417 2659 2524 1719 1636 315525 945 1425 1142 470 672 22286 10885 11496 404 11401 10540 9730 7803 6586 1550 1927 171 436 184 12975 5647 3863 520 202 1784 1628 156 116 318 170 7328 6781 1520 5261 987 276 533 5230
is_linear=0
shrinkage=0.05


Tree=132
num_leaves=63
num_cat=0
split_feature=6 7 4 3 8 5 1 8 3 3 5 8 5 5 8 1 8 9 5 2 9 6 13 3 8 3 2 3 8 12 7 5 4 4 13 12 13 3 3 13 13 9 13 13 9 5 9 9 9 2 12 2 5 5 1 13 3 9 9 1 6 1
split_gain=43.7401 18.431 7.98282 8.26008 12.2702 6.94478 6.80615 6.75599 6.88962 7.97402 6.677 6.64555 6.36783 7.54711 6.01174 9.2172 8.33428 6.93782 5.94831 5.69363 9.69774 7.94003 7.85746 6.74898 11.0134 6.58971 5.68493 8.07839 6.88668 5.62779 5.60097 5.40703 9.45937 5.62197 5.38805 5.21651 5.86052 6.8692 8.20751 5.15341 6.64775 5.69093 5.46158 5.28577 5.14847 5.08383 5.05382 6.07723 6.27482 5.01367 6.27452 6.22385 6.20362 7.35453 8.19515 6.01876 6.61137 5.65464 5.42799 5.36515 5.08398 4.97755
threshold=0.3357179611921311 0.19801786541938785 0.43417602777481085 5.3107368946075448 0.32417838275432592 4.1666352748870858 0.39413943886756903 0.1412480175495148 6.223567247390748 7.0634760856628427 0.89587974548339855 0.28566093742847448 4.8081026077270517 5.0782890319824228 0.29701511561870581 0.56780785322189342 0.40555673837661749 0.37563802301883703 4.8940944671630868 0.68799352645874035 0.29702013731002813 0.28803330659866339 0.49898879230022436 6.8632805347442636 0.20458423346281054 6.5574882030487069 0.62423995137214672 6.9221508502960214 0.39345377683639532 3.3503751754760747 0.11221974343061449 2.8029010295867924 0.46854975819587713 0.44371825456619268 0.34555774927139288 1.4847240447998049 0.41479688882827764 7.1616215705871591 8.5604410171508807 0.5027308762073518 0.34019368886947637 0.33662384748458868 0.28521916270256048 0.34661790728569036 0.37255132198333746 4.135134458541871 0.33379791676998144 0.34790506958961492 0.40861029922962194 0.50893923640251171 1.7992501854896548 0.50566044449806224 3.8176519870758061 3.979637980461121 0.63244789838790905 0.56349894404411327 4.8081026077270517 0.32562959194183355 0.33140519261360174 0.47537697851657873 0.31404413282871252 0.54456689953804027
decision_type=2 2 2 2 2 2 2 2 2 2 2 2 2 2 2 2 2 2 2 2 2 2 2 2 2 2 2 2 2 2 2 2 2 2 2 2 2 2 2 2 2 2 2 2 2 2 2 2 2 2 2 2 2 2 2 2 2 2 2 2 2 2
left_child=1 6 5 4 -4 -3 11 35 -9 10 -10 18 31 -14 17 16 26 19 -1 -12 21 22 23 24 -21 -26 27 29 46 -16 -8 32 33 -6 44 36 -5 -38 -39 40 42 43 -17 -42 -18 -37 -28 -48 -49 51 52 -33 55 57 -55 56 58 -54 59 -51 -58 -2
right_child=61 2 3 7 12 -7 30 8 9 -11 14 -13 13 -15 15 39 34 -19 -20 20 -22 -23 -24 -25 25 -27 28 -29 -30 -31 -32 49 -34 -35 -36 45 37 38 -40 -41 41 -43 -44 -45 -46 -47 47 48 -50 50 -52 -53 53 54 -56 -57 60 -59 -60 -61 -62 -63
leaf_value=0.0034244493458724444 -0.0022463682122846628 0.00021325058001022253 0.0030557230162774987 0.028879730888745826 0.0047457636439046692 -0.0071241069008475518 0.0121936707195973 -0.0023781835403249019 0.021154947956542131 -0.00061814800183567734 0.0072409144710736274 -0.032601449594880962 -0.068386718569315594 0.014152465929053022 -0.0049647881657215983 0.030096621109510786 -0.017844680365121563 0.021463486549821238 -0.010437734338948575 -0.061744222837704532 -0.029223461621456032 0.042140027114323221 0.022053998929484845 0.017993913701535864 0.010295598896254402 -0.039300928618239903 -0.024844711152346238 0.027532565590540171 -0.075377760974898983 -0.054637007542190863 0.0054982814518820602 0.024309843740754331 0.016162856590791811 -0.029052128979841413 0.041385971496769612 0.018614306100796511 0.018598774322124267 -0.048156386148470225 0.024577940523956052 -0.010517413539654935 0.062068131218598679 0.0061100609649669332 -0.017267267032217481 0.01794797617670334 0.040309920388083439 -0.0569583353181356 0.033917591474626023 -0.045034752764677347 0.022861414866760292 0.022125660070954296 0.048135309463582278 0.068822480290697749 -0.0010520787707712523 -0.003921658823765271 0.065959588356145807 0.057850339670123707 0.04730637100891482 -0.076944518762293732 0.02932363156521757 -0.026009980471769341 0.0050728172676336213 1.351159117457706e-05
leaf_weight=1493.8080076113984 14210.217756864295 8807.8667628827861 1640.7948392390972 49.448247636581073 26.585021745413542 334.74863344617188 386.75704340124503 1275.6333811824152 60.785202807281166 1293.2360987079737 587.8978212619113 13.440642525813017 5.1587269832816656 5.9797599315352272 175.17572708806256 9.5554861396085489 12.103230553795585 72.235084668267518 81.615583655653609 12.410918965935705 30.164398426190019 11.586758804507552 23.707395749399439 13.953514347784219 20.545873401220891 9.9363073028798663 46.960098563751671 19.193197116546798 5.1204105999786398 5.8941759145818642 1623.7385601267233 71.861275030067191 92.968482518568635 22.904960875865072 14.746559913735835 4.0486537977121753 29.585290426475694 10.585251117125155 6.1216208813711992 17.732695976272225 17.324664536397908 14.285374147817491 16.765133939683437 11.162390677491201 5.5514877056702963 4.941484138587839 9.6935060941614228 8.3908197861164791 5.724489754298701 8.210649052984083 11.850830537543514 8.8163905084802519 4.457256369176319 29.446855981048429 4.8924707742407909 8.6477311039343459 18.668911096174273 5.4622101373970509 11.264965706039218 19.625403304817155 11.524504009634255 2940.8720675250515
leaf_count=85385 476131 248997 12194 369 151 42332 3762 11157 354 11052 5156 1202 103 103 1692 77 184 587 17890 94 209 65 100 61 100 56 520 244 56 74 15651 757 523 188 163 42 307 193 24 93 70 85 86 74 70 85 83 117 67 68 132 42 48 405 18 33 107 59 84 136 107 29468
internal_value=-3.611e-05 0.00163896 0.000870903 0.00230113 0.00490704 -5.54002e-05 0.00485341 0.000962854 0.000618249 0.00212796 0.0049952 0.00240763 0.0131542 -0.0240751 0.00416122 -0.000863928 -0.00491361 0.00670051 0.00270631 0.00519897 -0.0046163 0.00343942 -0.00212721 -0.0122118 -0.022038 -0.00587143 -0.0077284 -0.00331221 -0.0193822 -0.00658172 0.00678627 0.0143151 0.00676242 -0.0108966 0.0190765 0.013491 0.0169104 0.00412509 -0.0215056 0.0135275 0.0196986 0.0318648 -7.21943e-05 0.0447801 0.000441907 -0.0229247 -0.0153307 0.00343452 -0.0174993 0.0193258 0.0133987 0.0291741 0.0100301 -0.00491996 0.00603462 0.0185193 0.0136109 -0.0428427 3.93692e-05 -0.0118117 0.0311863 -0.00185887
internal_weight=35814.4 18663.3 15063.9 5921.32 2009.12 9142.62 3599.36 3912.2 3807.47 2531.84 1238.6 1588.86 368.326 11.1385 1177.82 395.379 308.554 782.438 1575.42 710.203 122.305 92.1408 80.554 56.8466 42.8931 30.4822 276.152 200.263 75.8893 181.07 2010.5 357.188 142.458 49.49 32.4013 104.731 95.7404 46.2922 16.7069 86.8257 69.093 42.7724 26.3206 28.4871 17.6547 8.99014 70.7689 23.8088 14.1153 214.729 134.052 80.6777 122.201 44.2588 34.3393 77.9422 69.2944 9.91947 39.101 27.8361 30.1934 17151.1
internal_count=969842 464243 340353 49024 15258 291329 123890 33766 32746 21589 10537 104477 3064 206 10183 3755 3270 6428 103275 5841 685 476 411 311 250 156 2853 2010 843 1766 19413 2858 862 339 417 1020 893 524 217 485 392 229 163 144 254 127 787 267 184 1996 1197 799 1065 530 423 535 502 107 288 204 214 505599
is_linear=0
shrinkage=0.05


Tree=133
num_leaves=63
num_cat=0
split_feature=6 7 7 1 13 5 12 7 2 5 2 6 8 0 1 2 1 5 2 10 10 13 0 5 13 5 13 3 12 8 13 5 5 5 12 2 8 1 5 7 7 8 8 12 5 2 13 10 3 0 8 13 12 5 1 6 13 2 2 0 7 8
split_gain=38.2008 16.2296 6.05028 5.51634 5.99461 11.3565 8.16765 5.46419 5.43724 5.35311 8.22828 6.2603 6.05903 6.73695 5.7463 5.74116 5.6039 5.96804 10.1411 5.30928 7.63525 6.39109 8.21957 9.07913 6.89426 5.78866 5.9551 11.6099 8.80372 5.18001 4.75709 4.73349 4.73264 6.87092 7.37472 12.0411 6.7636 9.38107 5.28619 5.10934 5.35443 4.96773 4.86376 4.78128 7.35559 4.74932 4.73166 6.33678 6.42292 6.70689 7.95679 5.43739 5.40251 4.7191 9.32237 6.88816 6.17772 5.87759 5.59457 8.3922 5.58927 5.54353
threshold=0.3357179611921311 0.16475966572761538 0.33662588894367224 0.23368330299854281 0.4203601479530335 0.89587974548339855 0.19885819405317309 0.57235059142112743 0.71369239687919628 4.1510088443756112 0.71005317568779003 0.17889843136072162 0.04955928027629853 3.1984648704528813 0.48921379446983343 0.6193075180053712 0.40865154564380651 4.2268071174621591 0.6193075180053712 9.5731415748596209 9.851720333099367 0.55362844467163097 7.2933578491210946 4.4367339611053476 0.5027308762073518 5.1789667606353769 0.54873874783515941 3.1984648704528813 0.29393498599529272 0.12369550764560701 0.34019368886947637 4.610145330429078 4.1510088443756112 3.8815106153488164 0.06827466189861299 0.50084221363067638 0.62546247243881237 0.51709344983100902 4.1971738338470468 0.43378609418869024 0.41466477513313299 0.38330975174903875 0.42742840945720678 0.12038390338420869 4.8940944671630868 0.62736389040946972 0.55362844467163097 9.3192381858825701 6.1213951110839853 7.077075958251954 0.11393573880195619 1.1811852455139162 0.088133689016103758 3.0677825212478642 0.43107315897941595 0.22362303733825686 1.4720080494880678 0.4734147340059281 0.74533575773239147 5.9335696697235116 0.19801786541938785 0.26101587712764746
decision_type=2 2 2 2 2 2 2 2 2 2 2 2 2 2 2 2 2 2 2 2 2 2 2 2 2 2 2 2 2 2 2 2 2 2 2 2 2 2 2 2 2 2 2 2 2 2 2 2 2 2 2 2 2 2 2 2 2 2 2 2 2 2
left_child=1 8 3 4 5 30 -7 19 9 12 11 16 13 -1 -15 46 -11 18 -18 25 -21 24 23 -23 -22 26 27 -2 -29 -13 -3 -25 33 -28 35 -35 38 -38 -34 40 -36 -42 -41 -40 -45 -46 -14 48 51 50 -50 -48 -51 55 57 61 58 -55 -56 -60 -57 -5
right_child=7 2 -4 53 -6 6 -8 -9 -10 10 -12 29 15 14 -16 -17 17 -19 -20 20 21 22 -24 31 -26 -27 32 28 -30 -31 -32 -33 36 34 39 -37 37 -39 43 42 41 -43 -44 44 45 -47 47 -49 49 52 -52 -53 -54 54 56 60 -58 -59 59 -61 -62 -63
leaf_value=-0.037359534698158982 0.0010920457506029453 0.015311224789836068 0.016052139762828072 0.0052275661121888662 -0.0075995408930530769 0.069201138332011178 -0.0022006028378164276 -0.0083065429753886363 -0.014597917787992963 -0.0021880558347617068 0.042504769465947119 -0.098646380233977274 0.0050588658707792049 0.041328273818511001 -0.027238088208866008 0.018440799062465985 -0.00021080492509461971 0.0074094101466116238 -0.06303059044073854 -0.008189905870547581 -0.0015595368621307045 0.025504967321897554 -0.025514051345371765 -0.10786743631462992 -0.0082569213549149104 0.042542362958517072 -0.0012241406065843907 0.0066814743797987929 0.030848116316976332 -0.013068696438244737 0.052983155394415796 0.0111481301595536 0.031079200603766802 0.0015117611628405376 -0.011907970095922029 -0.081206183713994629 0.048753280665196644 -0.070519488796249793 0.0088716693300862608 0.037433723973815572 0.00025246747934631425 -0.079010251050333255 -0.0038918830857596546 -0.0031217156809369741 -0.026158592369769907 -0.1319828141776386 -0.051857981094479949 0.029386970026567118 -0.012060486650706401 0.05325990672375637 -0.092407703704111194 0.018045036171762036 -0.029346924861125685 -0.00060289979996235824 0.00088423332690080341 -0.052222928073047681 0.010111719624802725 -0.006142823491998451 0.029090673866068957 -0.0042451623123011583 0.0015308525827575114 0.028286616255236055
leaf_weight=3.5733141310083729 799.44182433481728 39.83145150204291 67.821911185019417 991.24515232484555 369.34813812831999 4.0371701961848876 505.11331906030682 298.61119222191337 31.954566959757358 312.23742089853477 13.280383665231055 2.6292127146734838 786.21198467121576 31.657771145110019 3.3821132928133002 114.32840675499756 33.557774103552219 563.07106364988431 7.9455105465312945 465.97407885890425 12899.783533957305 56.350147232355084 11.470630416763013 2.0024564113991796 396.05055681171871 8.1318896347511309 1716.8404289628743 99.406178157718387 60.695411856664577 5.4001024819444865 10.612841881113125 1.433504012704361 21.332944275571208 8.1226497195093561 47.883691795766936 9.5983455609530193 2.2574842325702758 6.1120309382677078 150.31959088412987 8.6655107100668811 2.9018704695772595 6.2009258181496989 39.917720883968286 34.680102750011429 2.4272905967591205 1.8825065577402709 2.9086960695713051 49.648627127389773 10.474575887434186 4.9898324451642093 4.3655259277438736 63.808277904710849 3.2805126670282334 1461.7898133103481 2774.3215017160401 4.8383951829746357 211.37748923516483 711.96158880305666 43.330317041196395 33.457507981336676 9351.9694922673807 26.767988665960729
leaf_count=628 10141 1278 1224 14924 42895 74 44268 29975 299 39308 74 90 24526 755 36 722 339 5965 75 24633 380189 1073 214 73 11117 279 34250 3138 917 194 134 85 547 558 1249 42 152 35 3441 285 103 156 993 1945 239 25 331 1429 214 68 152 2359 64 83148 32529 42 1215 27313 185 207 137073 395
internal_value=0.00010072 0.00166674 0.00114879 0.00108768 -0.00265558 0.00060757 -0.00163444 -0.00160202 0.00586554 0.00618978 0.00342759 0.00286645 0.00859215 0.0280407 0.0347101 0.00787007 0.00325143 0.00606069 -0.0122372 -0.00148328 -0.00189832 -0.001679 0.0132553 0.0206936 -0.00175904 0.000413545 0.000300057 0.0035533 0.0158432 -0.0410913 0.0232369 -0.0582134 -0.00121593 -0.00204289 -0.0134442 -0.0432913 0.00573222 -0.0383484 0.00748369 -0.00843399 -0.0185904 -0.0537422 0.00347913 0.00482475 -0.0107775 -0.0723823 0.00656452 0.0150517 0.00712847 -0.0155883 -0.0356963 0.0149974 0.0204931 0.00131042 8.67504e-05 0.00192801 0.00186418 -0.00241737 0.00125271 0.0145658 0.00150306 0.00583389
internal_weight=35815 18656.5 16607.8 16540 928.943 559.595 509.15 17158.5 2048.71 2016.75 938.121 924.841 1078.63 38.6132 35.0399 1040.02 916.812 604.574 41.5033 16859.9 13833.1 13367.1 71.2567 59.7861 13295.8 3026.82 3018.69 959.543 160.102 8.02932 50.4443 3.43596 2059.14 1840.13 123.291 17.721 219.012 8.36952 210.642 105.57 56.9865 9.1028 48.5832 189.309 38.9899 4.3098 925.688 139.476 89.8274 23.1104 14.8401 66.717 8.27035 15611.1 5236.24 10374.8 3062.49 2173.75 2851.11 76.7878 9356.81 1018.01
internal_count=970386 464532 386904 385680 88649 45754 44342 505854 77628 77329 46045 45971 31284 1419 791 29865 45687 6379 414 475879 417384 392751 1445 1231 391306 58495 58216 14196 4055 284 1412 158 44020 37636 3386 600 6384 187 6197 2786 1508 259 1278 5650 2209 264 29143 4617 3188 498 366 2690 132 297031 144597 152434 34136 110461 32921 392 137115 15319
is_linear=0
shrinkage=0.05


Tree=134
num_leaves=63
num_cat=0
split_feature=6 6 7 6 5 8 10 1 10 3 13 7 9 6 1 10 8 10 3 1 2 10 10 13 9 6 9 12 12 1 7 8 12 10 12 12 3 2 1 8 1 5 13 8 1 1 2 1 1 10 2 12 8 1 1 12 5 8 12 12 12 7
split_gain=54.9155 12.2512 10.3065 7.66402 6.86267 6.6743 9.82001 8.37632 6.62731 6.73839 9.20854 6.43551 7.87953 6.74127 6.28086 5.96154 11.8288 6.97272 7.9449 6.25166 10.8567 7.94157 12.478 8.53767 13.9079 7.60825 7.10665 7.07062 7.45364 6.33605 6.31502 7.41878 6.38972 7.79537 11.1587 9.15693 6.30486 9.66671 9.13293 6.26496 8.21321 10.237 6.92512 6.00623 7.16916 8.38038 7.23176 5.82233 10.3579 6.15935 5.73372 6.93835 6.53453 5.58804 6.16942 6.0736 5.57799 5.57604 7.67138 5.94237 7.80038 6.30071
threshold=0.28365126252174383 0.13008482009172442 0.23282893747091296 0.40056388080120092 3.113268375396729 0.46387696266174322 8.7140464782714862 0.63244789838790905 11.715233325958254 6.0602900981903085 0.23636734485626223 0.48638045787811285 0.44718426465988165 0.4304125458002091 0.58954831957817089 11.555755138397219 0.42364931106567388 11.594048976898195 6.7111318111419687 0.34530206024646765 0.25784769654273992 11.380850315093996 11.260295391082765 0.28407502174377447 0.2991225421428681 0.39164464175701147 0.51176327466964733 0.41277031600475317 3.4678801298141484 0.36868955194950109 0.33567366003990179 0.30649323761463171 2.1791548728942876 11.083810329437258 0.68936580419540416 0.79696986079216015 6.2314648628234872 0.67121061682701122 0.50076606869697582 0.29280105233192449 0.37979020178318029 2.5249279737472539 0.41065651178359991 0.30649323761463171 0.51209816336631786 0.41398631036281591 0.44452627003192907 0.29554402828216558 0.26814509928226476 11.65768337249756 0.29278567433357244 0.59599521756172191 0.36589853465557104 0.55814895033836376 0.51505503058433544 1.1943718791007998 1.2424533367156985 0.29873219132423406 0.58789399266242992 0.9919678568840028 0.4059648215770722 0.33567366003990179
decision_type=2 2 2 2 2 2 2 2 2 2 2 2 2 2 2 2 2 2 2 2 2 2 2 2 2 2 2 2 2 2 2 2 2 2 2 2 2 2 2 2 2 2 2 2 2 2 2 2 2 2 2 2 2 2 2 2 2 2 2 2 2 2
left_child=1 -1 -2 5 11 8 -7 -8 15 -10 -11 12 13 14 -5 19 17 18 -17 -4 25 22 26 24 43 56 30 -25 -29 -24 39 -32 33 -33 50 -36 37 -28 -38 40 -22 42 -42 44 45 46 -23 48 -19 57 -35 -52 -53 54 55 -18 -21 58 -49 60 -59 -62
right_child=2 -3 3 4 -6 6 7 -9 9 10 -12 -13 -14 -15 -16 16 53 47 -20 20 21 23 29 27 -26 -27 36 28 -30 -31 31 32 -34 34 35 -37 38 -39 -40 -41 41 -43 -44 -45 -46 -47 -48 49 -50 -51 51 52 -54 -55 -56 -57 -58 59 -60 -61 61 -63
leaf_value=0.0084139684307115888 -0.095023740763939546 0.0025053135428500495 -0.0020589127575509308 -0.011758584818258781 -0.0010976872788067515 -0.072731416806761387 0.0043559405565095485 0.031727231845299929 -0.0015530121522835741 -0.0038863464321251006 -0.016363351125678643 -0.010100780345459234 -0.0025951771294203951 -0.02997208581907463 0.018641208938670363 0.01069490102871638 -0.023051144263470217 -0.00062386575983404587 -0.0012387411721470126 0.015110793350461097 -0.019586609456301064 -0.020917399663218095 0.026430631997091492 -0.068916748537858272 0.0028604372063956904 -0.057671656572498668 0.010214492873453353 -0.0097295343540543134 -0.055746189311314968 0.0061906118289885327 -0.010249550704651857 -0.00057484365024852171 0.019230623805301175 0.043646062295627092 -0.033824345656775473 -0.0097762419020258565 -0.0068171467538852299 -0.029834040803344977 0.031857744240190985 0.0031653416408728204 0.017533747617071143 -0.0054425282910209004 0.0010256930846668404 -0.0333263031958752 0.029001152675079158 -0.034856317486849933 0.044546050636895984 -0.064062848341007658 0.038345094815938036 0.0029075750997234273 -0.0069795447104729937 0.036737421972653408 -0.0027549747674233821 0.031212519439648218 -0.060519176897637694 0.007045232104563987 0.0028537769091787593 0.043091548558508323 0.010368059214092682 -0.0040159933412238311 -0.039700495676138356 -0.010735430967871822
leaf_weight=961.96680547721007 2.9284822948393403 9966.0131952310858 5262.515733435881 140.84490863121027 2558.7632397279194 3.9505142996931673 356.59875256611849 30.328588216565549 3952.0837302729269 810.04529075637402 180.90605785894149 461.52775207069499 1924.8652725766588 45.11658427331713 19.321859495248646 476.24880721217778 56.191913400572957 43.887880186786788 197.22969049797393 193.85164964193245 63.166633705695858 8.7942584890697635 42.215110706238193 5.4795327088795593 387.65607996820472 4.2972106700763097 63.154351772041991 231.71776715584565 9.1473030443303269 460.00984881009208 257.9742356245406 2371.4270308955165 37.073061227565631 8.204386252909897 48.840028667473234 208.88909328205045 21.448858818970621 19.789000006858259 52.945038050878793 1549.238853620991 96.65795740345493 454.60791004006751 185.35804562782869 39.894511992635671 10.661087452783248 25.659468431549612 8.1086564131983305 3.6286472559440872 27.886798279971117 625.51547126160585 93.491182073339587 21.503208146546967 20.422119649650995 6.1147896496113381 7.8504452141933134 23.890153662097873 178.10128987133794 4.6721753398887804 75.306182347158028 248.27837933773117 33.494732653256506 42.722586065501673
leaf_count=40350 83 263664 176971 7384 138840 230 12017 104 97484 19873 4338 26744 69029 2888 144 6570 1165 2334 2796 2664 1691 159 871 47 4299 115 815 3409 111 4834 3971 25905 548 111 541 2025 523 103 309 14802 612 5879 1144 425 71 219 82 45 565 7495 769 179 258 33 73 609 3641 46 1274 4100 474 733
internal_value=7.23563e-05 0.00302544 -0.00122877 -0.0012177 -0.00293452 -0.000767682 0.0057006 0.00650139 -0.000898966 -0.00247742 -0.00616412 -0.00474803 -0.00358827 -0.0129002 -0.00809128 -0.000353926 0.00227598 0.00318964 0.00720011 -0.000749802 0.000209727 -0.000247503 0.000343426 -0.0051858 -0.00130753 0.00847757 -0.00033668 -0.0127548 -0.0114771 0.00789191 -0.000640946 -0.00213482 -0.0013898 -0.0016655 -0.00810978 -0.0143334 0.0101387 0.000659533 0.0207072 0.00131004 -0.00228377 -0.000800028 0.00668365 -0.018659 -0.00766495 -0.0168491 0.0104867 0.000746193 0.0145168 -0.000210044 0.00305856 0.000599514 0.0175004 -0.0150054 -0.0182194 -0.0140728 0.0092418 -0.00498854 0.00694646 -0.00785057 -0.0196202 -0.0234645
internal_weight=35730.5 10928 24802.5 24799.6 5150.44 19649.1 390.878 386.927 19258.3 4943.04 990.951 2591.68 2130.15 205.283 160.167 14315.2 1872.92 1778.87 673.478 12442.3 7179.78 6803.53 6076.42 727.119 480.774 376.25 5574.19 246.345 240.865 502.225 5416.85 3067.82 2809.85 2772.78 401.35 257.729 157.337 82.9434 74.3939 2349.03 799.791 736.624 282.016 93.118 53.2235 42.5624 16.9029 1105.39 71.7747 1033.62 143.621 135.417 41.9253 94.0473 87.9325 80.0821 371.953 408.103 78.9348 329.168 80.8895 76.2173
internal_count=969587 304014 665573 665490 245029 420461 12351 12121 408110 121695 24211 106189 79445 10416 7528 286415 28312 26432 9366 258103 81132 74712 65890 8822 5255 6420 60185 3567 3520 5705 58435 34307 30336 29788 3883 2566 1750 918 832 24128 9326 7635 1756 956 531 460 241 17066 2899 14167 1317 1206 437 1880 1847 1774 6305 6672 1319 5353 1253 1207
is_linear=0
shrinkage=0.05


Tree=135
num_leaves=63
num_cat=0
split_feature=6 6 1 0 0 8 12 5 1 4 4 10 10 7 7 5 1 12 2 8 5 12 8 7 2 1 3 7 8 8 12 12 1 8 12 7 1 3 3 3 5 5 8 12 6 2 4 6 5 12 8 8 10 10 5 5 4 8 8 8 0 12
split_gain=45.3538 10.4898 6.46999 7.19455 6.32806 9.99284 6.36909 5.68659 6.63024 6.83578 9.60743 6.28132 5.44088 4.94307 5.04446 7.07748 9.40669 6.47022 4.87834 6.22935 4.90649 10.0802 4.81959 5.3125 4.76303 10.231 6.85256 7.18906 6.97479 13.7763 6.93794 7.71893 6.94721 6.91745 6.88176 6.85025 6.82308 6.6407 8.94159 7.22876 11.0199 9.15592 6.28246 10.8525 5.96573 5.72848 7.81874 5.69093 5.62972 8.05194 4.80942 5.99021 7.7588 6.31232 4.78934 4.73993 4.71308 6.74433 5.42812 12.9215 4.69425 4.68054
threshold=0.26767948269844061 0.33609920740127569 0.30458468198776251 7.3188710212707528 7.2431554794311532 0.24540374428033832 0.19018665701150897 1.4978661537170412 0.29702274501323706 0.3670667856931687 0.33433018624782568 10.671104431152346 1.0000000180025095e-35 0.27114666998386389 0.10824050381779672 4.6395599842071542 0.5946275293827058 0.06827466189861299 0.71369239687919628 0.18230107426643374 4.7664294242858896 0.084132526069879546 0.14426162838935855 0.18944921344518664 0.67121061682701122 0.48137915134429937 6.8632805347442636 0.4762252420186997 0.24934988468885425 0.3024751096963883 0.37776079773902899 0.34992261230945593 0.6109130084514619 0.25643806159496313 0.41277031600475317 0.36592544615268713 0.55814895033836376 6.6669559478759775 6.3394765853881845 5.3821961879730233 2.8029010295867924 3.0677825212478642 0.37298807501792913 0.57118707895278942 0.52928900718688976 0.7198392152786256 0.59411728382110607 0.43586421012878424 2.3502402305603032 1.3130153417587282 0.40924552083015447 0.46723049879074102 10.938645362854006 11.070030689239504 3.113268375396729 4.9732735157012948 0.6513611674308778 0.35945497453212744 0.30649323761463171 0.28566093742847448 5.1089665889739999 0.34992261230945593
decision_type=2 2 2 2 2 2 2 2 2 2 2 2 2 2 2 2 2 2 2 2 2 2 2 2 2 2 2 2 2 2 2 2 2 2 2 2 2 2 2 2 2 2 2 2 2 2 2 2 2 2 2 2 2 2 2 2 2 2 2 2 2 2
left_child=12 2 7 4 56 -6 -7 8 9 10 -2 -10 -1 14 17 -16 18 -14 20 -20 21 -17 55 -24 -3 -26 28 33 -27 35 31 37 36 -28 -34 -30 -32 38 39 40 47 -42 43 -38 54 46 48 -31 49 -45 -44 -52 -53 -54 -29 -18 -4 58 59 -58 -43 -37
right_child=1 24 3 -5 5 6 -8 -9 11 -11 -12 -13 13 -15 15 16 22 -19 19 -21 -22 -23 23 -25 25 26 27 44 29 30 32 -33 34 -35 -36 61 42 -39 -40 -41 41 60 50 45 -46 -47 -48 -49 -50 -51 51 52 53 -55 -56 -57 57 -59 -60 -61 -62 -63
leaf_value=-0.01739525566446827 0.0016468576833525003 -0.0021898763721973423 0.00090882560530102625 -0.0033721917446125739 -0.029655079487694636 -0.017492118623367223 0.030834942061329917 -0.0056600227853114181 0.018809971975834523 -0.053581433000624602 0.053837038886619726 -0.030521653638780344 0.041093006374837412 0.02636425891938568 0.0030907283495208455 -0.098533343180322017 0.0022467600182897937 0.0068351081842438271 -0.085007783674837675 -0.0063112310915048224 -0.0018696867399569787 -0.011146701615115908 -0.024111503720376591 0.010441131374172272 -0.022205898878581182 0.043176171428269246 -0.053147960602513811 -0.049388323643071927 -0.0089465055320406186 -0.0077152267052756091 0.0051372251057076558 0.035591145161578207 -0.042672896464980542 0.00026697871277493013 0.0085636897253035405 -0.085748673212898169 0.042300268384463054 0.027172926814817273 -0.011850826524624986 0.017249562043019594 0.072909885892723278 0.0093106154942753025 -0.024733624547488758 -0.0063341334426529929 0.0026028881767366681 0.023608708591997062 -0.054617006604950259 -0.061444086100295774 -0.036887642442421542 0.039958166380551705 0.0049953570282779483 -0.034733058167759755 0.060120562959840897 -0.0084098627090241612 -0.017318525377243967 0.04131660997441082 -0.0044699597352567044 0.044725142712656173 -0.016960288169616845 0.055870072182855147 -0.039029040398514056 -0.030058359897798044
leaf_weight=32.658857929513033 579.70907940517827 14838.46523343453 7576.4442500809855 985.72548415620258 10.07382759649772 7.8869262016669373 50.288168797502294 831.55189605834494 8.2651840641628933 5.4959718044847241 8.9541907175444049 29.424783571914304 14.168412903673014 22.677510498600896 7844.891484698368 3.3984231465728945 12.378778300248085 506.42749312726664 4.3590629289392364 5.9428882363135926 351.30285573253423 114.00754542172581 13.854027621215208 56.461261829128489 47.376456748344935 10.848958165617658 6.1901420587673774 16.375192411243916 23.322855268139392 9.8740811077877897 196.13972260325681 27.344775816309266 6.7015651313122353 291.0456079057185 296.79935154260602 6.130235201213508 14.898074243450536 38.329455293249339 60.837556715821847 124.22922450571787 5.1672698673792175 34.03520805737935 55.406457142205909 51.843380672857165 25.327197202248499 16.302314606728032 8.3760003619827312 9.8396575204096717 10.875568712130187 11.471990859135984 57.672416936140507 32.986308626481332 3.6424025434534988 43.366170299123041 40.275718327378854 20.819028925383464 25.510714969364926 14.165604710113255 17.539135782513767 13.603719886392353 5.8916364829055956 9.8114570195320976
leaf_count=8490 14199 474561 128342 10551 181 70 587 57927 191 68 55 458 121 828 196525 133 61 23628 59 64 23512 7566 100 250 2290 99 58 237 189 56 3098 276 49 2498 3362 45 81 292 480 1222 40 288 475 283 1081 131 81 83 139 60 760 508 56 1533 508 74 136 52 96 49 89 131
internal_value=-9.15524e-05 -0.00112972 0.000132882 0.000650211 0.00116411 0.0163216 0.0242831 -0.00294311 0.000632522 0.00192252 0.00244073 -0.0197035 0.00297587 0.00305004 0.00299095 0.00269588 -0.00262151 0.00776746 -0.00557514 -0.0396101 -0.00482707 -0.0136762 0.0110465 0.00363332 -0.0019105 0.000682509 0.00138149 -0.00446088 0.00327162 0.00289883 0.00391757 0.0102032 0.00145823 -0.000845425 0.00743234 -0.0262128 -0.00214658 0.00779436 0.00482179 0.0101875 -0.0033496 0.0102827 -0.00680256 0.00251777 -0.0175698 -0.00347684 -0.00882471 -0.0345327 -0.00365486 0.00205348 -0.0122945 -0.00728816 -0.016144 -0.00309987 -0.0265884 0.0267483 0.00102883 0.0138677 0.00615213 0.0165159 0.00217758 -0.0514736
internal_weight=35605.2 26601.8 10164.6 8701.24 7715.51 68.2489 58.1751 1463.4 631.849 594.159 588.663 37.69 9003.35 8970.69 8948.01 8427.42 582.524 520.596 479.011 10.302 468.709 117.406 103.513 70.3153 16437.2 1598.73 1551.36 379.214 1172.14 1161.3 1122.03 315.549 806.482 297.236 303.501 39.2645 502.981 288.204 249.875 189.037 64.8079 45.0941 306.841 113.767 81.9781 98.8693 82.5669 19.7137 74.1909 63.3154 193.074 137.667 79.9949 47.0086 56.6509 33.1978 7647.26 70.8192 56.6536 39.1144 39.9268 15.9417
internal_count=969512 708101 212962 140064 129513 838 657 72898 14971 14322 14254 649 261411 252921 252093 228344 31819 23749 31334 123 31211 7699 485 350 495139 20578 18288 4382 13906 13807 13442 2826 10616 2556 3411 365 7205 2550 2258 1778 556 417 4107 775 1826 694 563 139 482 343 3332 2857 2097 1589 745 135 128675 333 281 185 377 176
is_linear=0
shrinkage=0.05


Tree=136
num_leaves=63
num_cat=0
split_feature=6 6 6 9 5 0 0 3 1 5 1 10 2 13 0 5 2 0 2 5 0 9 0 10 1 10 9 13 9 0 13 13 5 0 8 5 13 1 8 4 3 8 6 9 13 4 13 1 5 4 10 12 12 2 2 2 10 9 10 8 1 3
split_gain=42.9485 9.22196 8.4323 7.80671 10.6376 8.78282 8.06137 9.53277 7.70515 7.88963 7.36914 7.33951 7.71721 7.56075 7.14496 6.4527 7.50496 6.13066 6.01536 5.65317 5.64639 5.61937 5.46973 9.41808 12.8783 10.1962 6.127 9.64954 5.92563 8.39561 11.37 9.10134 5.27096 6.4738 9.98386 5.15317 4.95859 8.08243 6.7607 6.07757 8.35988 6.81167 5.84405 7.43925 8.13336 9.0265 7.93619 6.79074 5.77606 7.20611 7.05051 7.00619 7.64341 7.13832 6.56693 5.65896 7.30801 7.0458 5.62208 5.34855 5.18503 5.04629
threshold=0.26882018148899084 0.1436005309224129 0.33609920740127569 0.16191840916872027 3.9607677459716801 2.9174053668975835 3.7954261302948002 3.7256208658218388 0.54456689953804027 2.6735538244247441 0.44763524830341345 8.7296881675720233 0.50084221363067638 1.3392080068588259 5.1089665889739999 2.8029010295867924 0.17926145344972613 3.4811217784881596 0.47982618212699896 5.1269311904907235 8.9315090179443377 0.30149586498737341 5.847881793975831 11.594048976898195 0.35891820490360266 9.5731415748596209 0.12834025174379352 1.4867877364158633 0.065732736140489592 6.77136254310608 0.30845297873020178 0.33735820651054388 3.6242519617080693 7.1320974826812753 0.072988577187061324 3.4811217784881596 0.24826586991548541 0.65258482098579418 0.24198469519615176 0.48242683708667761 5.2390944957733163 0.20887609571218493 0.20104074478149417 0.19027393311262134 0.28521916270256048 0.17725655436515811 0.28324224054813391 0.6109130084514619 2.2499048709869389 0.39029267430305487 12.909163951873781 1.5865722298622134 1.208175837993622 0.34547378122806555 0.3644657582044602 0.2981125414371491 11.845371723175051 0.16191840916872027 11.845371723175051 0.25217686593532568 0.6297823190689088 4.4716224670410165
decision_type=2 2 2 2 2 2 2 2 2 2 2 2 2 2 2 2 2 2 2 2 2 2 2 2 2 2 2 2 2 2 2 2 2 2 2 2 2 2 2 2 2 2 2 2 2 2 2 2 2 2 2 2 2 2 2 2 2 2 2 2 2 2
left_child=1 3 -2 4 5 -1 7 10 11 -10 17 12 13 -4 -11 16 21 -7 35 -20 -6 -3 -8 25 -25 26 27 -24 29 30 -27 -31 -26 34 -34 -16 38 42 39 48 -41 -42 47 60 46 -46 -45 -38 49 51 61 52 54 -53 -18 57 -57 -40 -54 -59 -44 -50
right_child=2 15 8 -5 20 6 22 -9 9 14 -12 -13 -14 -15 18 -17 36 -19 19 -21 -22 -23 23 24 32 28 -28 -29 -30 31 -32 -33 33 -35 -36 -37 37 -39 55 40 41 -43 43 44 45 -47 -48 -49 50 -51 -52 53 58 -55 -56 56 -58 59 -60 -61 -62 -63
leaf_value=-0.010286012781018546 6.3785201463912301e-06 -0.0031021375593184874 0.0031535789832895194 0.015036938205774932 0.0011694411633441303 0.033164385255912116 0.0035642760616852115 0.060512868130726788 -0.0027161063744704575 0.0084741097678598578 -0.084252431186542451 -0.0026171543825135538 0.073796013810201372 -0.019299721395112924 -0.0041721431859134623 0.0010852571602135382 -0.031150619563026057 -0.046821593789239939 6.4692109133538791e-05 0.0341826962948985 -0.11340176176644307 0.047350053338568537 -0.058268873932166267 -0.046966774965430967 0.034991913717539368 -0.046765446592452381 0.036987693483196603 0.018516184179092673 0.038760070022652221 0.011533328563000739 0.047562038047508963 -0.072012332396692469 0.023418322345950329 0.032315980973698401 -0.081844922392396199 0.039582979425426927 0.013920676547691746 -0.057534510656329474 0.056352840320480262 0.026920877849377897 0.0024364201829344526 -0.043346749005791912 0.0002899023906750814 0.00065368083201439815 -0.028009345746013287 0.010325614705528183 -0.039064807269320732 -0.044915972031937569 0.022724930956717002 0.03482534588611487 -0.044881414723173786 0.024244311377183553 0.083619529518044688 -0.0077215712221176515 0.022156245667790432 0.031610836211249604 -0.0013675576573790663 0.014305934052204275 0.031753911188300711 -0.054399727918816448 -0.036129187674542117 0.0057024146414100044
leaf_weight=41.286726481541336 10079.193220337209 390.21774769981857 741.99842595015434 234.72742008007481 638.49739006242453 15.639058138825936 129.29932659497717 19.290160454926081 1142.2265181578114 402.28844125277828 1.8309339284896839 12787.070973991489 3.7628444097936145 39.487798089019634 10.662402492482217 4898.3567586654735 8.4181187879294175 2.8289764755172646 1302.8331820369931 12.255496458965352 1.0771894333884109 5.5982678801519787 8.8272914292174445 12.090696897590531 15.108064061030747 3.7882300787605372 5.8262861729599527 7.6267044598935163 70.001087205368094 10.378459681058301 20.388324943225598 4.7526430250145486 4.1562630957341735 6.3082352429628363 4.9181211520917714 18.241204268531874 181.42755681579001 5.3664483483880749 2.2443174305371967 13.901173633988945 17.037148881703615 15.529520933516322 906.70276802347507 216.15938867058139 15.754572991369058 606.50682216044515 13.3536438960582 5.0403667278587809 56.935640976036666 57.01377947255969 6.0630410354351616 26.948599931085482 6.2541451770812264 49.626594270346686 18.417785886209458 19.491625201888382 121.59940709045622 3.6980649740435174 31.74880438670516 12.104210408637298 9.8796094711869937 185.01497767458204
leaf_count=4400 210267 22618 7926 4436 37178 664 3529 247 8582 5247 19 454781 18 3391 57 160686 118 253 15133 149 18 228 277 381 84 71 24 99 572 85 325 172 37 37 73 86 1890 23 47 87 78 95 10760 1871 1015 5757 99 25 850 263 121 461 22 474 94 118 1180 68 265 308 42 1842
internal_value=-0.000113522 0.00283743 -0.00113257 0.00681256 0.00492717 0.0115014 0.0141235 0.0353442 -0.00182997 0.000514935 0.0114263 -0.00232902 0.00236298 0.00201903 0.00262833 0.00220461 0.00402739 0.0209119 0.00087855 0.000382643 0.000976477 -0.00238856 0.0113551 0.0171388 -0.00330038 0.0237528 -0.00707522 -0.0226777 0.0300365 0.014501 0.0327818 -0.0147082 0.014015 -0.00658755 -0.0336321 0.0234419 0.00499956 0.00374315 0.00877661 0.0116695 -0.00553959 -0.0193954 0.00391137 0.00302362 0.00638775 0.00935504 -0.00165724 0.0123303 0.0134607 0.019819 0.00837362 0.0137689 0.0258635 0.00352797 0.00543449 -0.000183712 0.00318838 -0.0265473 0.0402894 -0.0383212 -0.00010265 0.00970814
internal_weight=35705.1 9165.06 26540 1258.65 1023.92 384.346 343.059 39.5891 16460.8 2888.51 20.299 13572.3 785.249 781.486 1746.28 7906.41 3008.05 18.468 1343.99 1315.09 639.575 395.816 303.47 174.17 42.5814 131.589 22.2803 16.454 109.309 39.3077 24.1766 15.1311 30.4907 15.3826 9.07438 28.9036 2612.24 1960.19 652.047 492.909 46.4678 32.5667 1954.82 1768.36 851.774 622.261 229.513 186.468 446.441 198.428 248.014 141.414 64.8389 76.5752 26.8359 159.138 141.091 18.0466 38.0029 15.8023 916.582 241.951
internal_count=970123 264486 705637 52981 48545 11349 6949 1183 495370 29254 936 466116 11335 11317 20672 211505 50819 917 15425 15282 37196 22846 5766 2237 612 1625 400 376 1225 653 396 257 231 147 110 143 27973 21482 6491 4770 260 173 21459 19544 8742 6772 1970 1915 4510 1697 2813 1434 499 935 212 1721 1298 423 287 376 10802 2692
is_linear=0
shrinkage=0.05


Tree=137
num_leaves=63
num_cat=0
split_feature=6 7 2 0 5 7 7 5 3 9 6 5 9 3 8 9 4 6 4 12 4 12 8 4 9 8 9 3 6 6 5 3 2 12 4 2 8 5 3 7 12 8 8 8 13 4 9 3 0 9 7 9 5 2 2 9 12 4 6 8 12 2
split_gain=45.627 16.8296 7.03922 12.3688 7.79289 8.2459 7.67177 6.68781 7.13311 6.01095 5.97907 9.97842 5.92931 5.76643 6.49264 8.27262 6.52881 9.13892 6.26488 7.6893 7.25267 6.80226 6.18637 6.0443 6.36984 7.07756 6.60068 5.97321 6.79867 5.61308 5.51659 5.38118 8.06417 5.59648 5.3347 7.31105 5.8993 7.25128 8.00783 12.8962 7.86345 7.65829 13.8573 5.36419 9.80085 6.37894 8.61551 11.6362 6.92104 6.32025 5.70852 5.33459 5.26746 5.30735 5.12441 5.60103 5.7392 5.58158 7.22949 5.10875 5.06121 5.43613
threshold=0.32199369370937353 0.14471155405044558 0.68799352645874035 4.9522936344146737 3.6762205362319951 0.24199707061052325 0.32339890301227575 3.7256208658218388 3.3842465877532963 0.47844186425209051 0.37711146473884588 1.2424533367156985 0.16940409690141681 7.3721172809600839 0.21481795608997348 0.12190329656004907 0.5150875747203828 0.22555606067180636 0.4773408323526383 0.26050662994384771 0.49976402521133428 0.3634446263313294 0.25127251446247106 0.47104214131832128 0.13741108775138858 0.13860223442316058 0.17542195320129397 4.4716224670410165 0.26445811986923223 0.28808902204036718 3.7494349479675297 3.5114340782165532 0.51562729477882396 0.48904153704643255 0.51964622735977184 0.73364958167076122 0.45494559407234197 4.3757371902465829 7.4112541675567636 0.39164464175701147 0.28812526166439062 0.35055275261402136 0.36197738349437719 0.47945433855056768 0.41193935275077825 0.54839965701103222 0.53174263238906871 6.4777410030364999 5.2390944957733163 0.47193381190299993 0.4593819528818131 0.40861029922962194 1.8688347935676577 0.55774402618408214 0.67121061682701122 0.57829540967941295 0.21620938926935199 0.6513611674308778 0.42974774539470678 0.11393573880195619 0.092310994863510146 0.63781714439392101
decision_type=2 2 2 2 2 2 2 2 2 2 2 2 2 2 2 2 2 2 2 2 2 2 2 2 2 2 2 2 2 2 2 2 2 2 2 2 2 2 2 2 2 2 2 2 2 2 2 2 2 2 2 2 2 2 2 2 2 2 2 2 2 2
left_child=1 7 4 -4 5 -3 -7 8 -1 13 -2 -12 -9 18 15 59 -16 -18 23 20 -20 -21 -19 -6 -25 -26 -27 28 -22 -24 -29 32 51 34 35 52 37 40 39 -39 54 -42 -43 44 -38 -46 47 49 -48 -47 60 -13 53 -33 -36 56 57 -56 -59 -15 -45 -62
right_child=10 2 3 -5 9 6 -8 12 -10 -11 11 31 -14 14 16 -17 17 22 19 21 27 -23 29 24 25 26 -28 30 -30 -31 -32 33 -34 -35 36 -37 43 38 -40 -41 41 42 -44 50 45 46 48 -49 -50 -51 -52 -53 -54 -55 55 -57 -58 58 -60 -61 61 -63
leaf_value=-0.0077802543859876562 -0.00095864393473538059 0.003789720978723109 0.027311079773902791 0.0041886552926962061 -0.0025061636597464589 0.00081939684470811586 0.021241689110490635 0.0034389440098919082 0.016400886367225236 0.012385177724691639 -0.0080782163143638865 -0.014649237623822942 0.012744495101860716 -0.10681824037104633 -0.010355888711174993 0.00029489045630147834 0.010724035410104235 -0.1019388395301867 0.026556416473997264 -0.020584334405357702 0.0034368560555665065 0.0007443797889364898 -0.066677537924656957 -0.10391928001937689 0.026211783099434227 -0.10169632721356886 -0.021167807207813 0.039916224305669268 -0.068429986366411552 -0.011363125886400658 0.0055030404037776258 -0.0060894746961499286 0.024764249810502497 -0.0045002473482945379 0.0071771198098937857 -0.11220674501029296 0.023362684039680431 0.050024107049400059 -0.061690821315428392 -0.019337418966958932 0.02271331002886471 -0.060839273555618814 -0.0017790693234745487 0.033775914005595729 0.0071638356435107051 0.020006042942045141 -0.046357536002532895 -0.065866298570126824 0.0036706247318130051 -0.042956997765190241 -0.002883422456542772 0.0010978925869150739 -0.0021941419778951396 -0.028987887131627529 0.039573111774377348 0.057569613076651038 -0.0013123017505424217 0.028594400465324517 -0.020428087734177341 -0.017753840935069719 -0.011263481707967102 0.01344039163743212
leaf_weight=34.317020426795352 11192.905601394788 3454.9873997948744 62.608273794641718 758.79277350730263 1328.5962665847073 9100.6151587811473 46.219684966781642 838.94985811640072 274.01585594165954 77.544082603431889 798.4110790803461 56.808497387311945 215.06561136394157 2.8954629634536095 72.55176288788789 142.23697692340647 7.3720573316095424 5.0795804904773858 50.950397543507279 40.050871475672466 7.8631433828995778 561.00929711410572 9.3654653415433149 2.3070805723982621 7.0921123721636823 2.8704886538907912 22.417848880926613 12.457585342694072 5.6593758987437468 8.9876158111437672 178.66163618530845 81.964724162178754 34.663657394354232 2539.1441969124717 217.28335257977596 1.534928936511277 16.757606266532093 8.4771481774514523 7.3038471036124966 31.991590289049782 27.525453554466367 10.689858653582631 140.05726048210636 18.460729167796671 19.830744961742312 8.5015085446648317 9.0337988603860122 21.418832967989147 29.451275043189526 7.5034545874223104 367.34903807973024 1009.5700177886465 1436.7460718685106 36.606682726298459 33.405717126559466 9.354658567812292 29.460186867974699 20.270682407543063 11.956805682741104 3.6268512942042435 33.215803121449426 67.570230555720627
leaf_count=3297 233332 75176 297 4756 107247 167112 594 42955 4800 1638 22209 6822 4235 167 4084 3738 54 71 521 591 74 6562 112 81 116 51 729 56 62 94 1205 3249 661 129675 1398 14 126 67 68 369 186 54 996 96 193 53 67 130 207 62 4838 63560 68810 642 202 78 175 94 53 360 310 466
internal_value=5.88887e-05 0.00189799 0.00144301 0.00595108 0.00119861 0.00170866 0.000922592 0.00723245 0.0137096 -0.00132239 -0.0016799 -0.00281021 0.00533769 -0.00175238 -0.00891818 -0.00223001 -0.0185444 -0.03783 -0.000938563 0.00241223 0.00967657 -0.000676832 -0.0531054 -0.00304411 -0.0236485 -0.0179293 -0.0303086 0.00547393 -0.0266405 -0.0395897 0.00774617 -0.00214721 0.00103049 -0.00281455 -0.00123146 -0.00313769 0.00135622 0.00510646 -0.0135047 -0.00480798 0.00688465 -0.00153888 -0.00596718 -0.00207278 -0.0119126 -0.018087 -0.0246836 -0.0417655 -0.00807274 -0.00951232 0.000202119 0.000259006 -0.00303005 -0.0131589 0.0115522 0.0206536 0.017022 0.0252516 0.0104064 -0.0572924 0.00970737 0.0052988
internal_weight=35670.4 17335.2 15972.8 821.401 15151.4 12601.8 9146.83 1362.35 308.333 2549.6 18335.2 7142.32 1054.02 2472.05 252.116 148.759 103.356 30.8047 2219.94 856.652 255.592 601.06 23.4327 1363.28 34.6875 32.3804 25.2883 204.642 13.5225 18.3531 191.119 6343.91 1101.04 5242.87 2703.72 1556.85 1146.87 547.777 47.7726 40.4687 500.004 178.273 150.747 599.093 112.497 95.7396 75.9089 37.4238 38.4851 16.005 486.596 1066.38 1555.32 118.571 321.731 104.448 95.0934 65.6332 32.2275 6.52231 119.247 100.786
internal_count=970097 430835 375548 5053 370495 242882 167706 55287 8097 127613 539262 305930 47190 125975 8680 4265 4415 331 117295 9071 1918 7153 277 108224 977 896 780 1397 136 206 1261 283721 71043 212678 83003 72715 10288 3740 504 436 3236 1236 1050 6548 838 712 519 245 274 115 5710 70382 72701 3891 2000 602 524 349 147 527 872 776
is_linear=0
shrinkage=0.05


Tree=138
num_leaves=63
num_cat=0
split_feature=6 7 6 5 1 5 7 1 1 2 0 1 5 10 7 1 9 0 0 9 1 12 6 0 9 4 9 2 3 13 1 4 4 13 4 5 7 3 6 9 6 9 4 2 6 3 1 6 5 2 4 9 5 12 13 7 5 2 6 3 5 6
split_gain=46.003 12.7746 8.87918 7.96558 7.44061 9.87033 7.28513 7.16513 6.51363 10.7145 15.6314 6.48328 8.08072 6.59488 6.48284 6.98715 6.32021 6.29391 7.9236 6.04784 5.96528 5.82735 8.86003 5.8354 7.65429 9.3211 6.11366 5.66446 5.64337 5.98146 5.59744 11.6456 6.69814 5.25491 5.22656 5.21962 6.33344 8.05544 5.18522 9.10734 5.15213 5.05274 14.353 10.0508 8.95795 9.9543 7.00592 5.04275 7.05069 11.2676 9.6839 6.52821 5.67152 5.26 5.07556 5.04152 5.02716 5.70223 4.92753 4.90937 4.83121 8.61664
threshold=0.2657808661460877 0.11726542934775354 0.33609920740127569 3.9607677459716801 0.43107315897941595 2.8029010295867924 0.18944921344518664 0.40220972895622259 0.26313620805740362 0.37301026284694677 2.8029010295867924 0.33543421328067785 1.4978661537170412 12.876094341278078 0.1848636940121651 0.40056242048740393 0.094596564769744887 4.2413008213043222 4.1190040111541757 0.065732736140489592 0.3184074759483338 0.079371079802513136 0.17414735257625583 5.8622088432312021 0.094596564769744887 0.42837297916412359 0.053262718021869666 0.27253174781799322 2.6020033359527592 0.14288217574357989 0.41208718717098242 0.39164464175701147 0.33129911124706274 0.14138512313365939 0.32499045133590704 2.7403194904327397 0.20861163735389712 4.9593360424041757 0.11838497221469881 0.094596564769744887 0.21290446072816852 0.053262718021869666 0.51964622735977184 0.66372647881507885 0.096990436315536513 7.8902070522308358 0.39164464175701147 0.063285917043685927 4.1971738338470468 0.5204979181289674 0.43497706949710851 0.018642326816916469 5.7021131515502939 1.6084122657775881 1.3392080068588259 0.073609501123428359 4.4484992027282724 0.70330616831779491 0.65132048726081859 4.2268071174621591 1.7005987167358401 0.37711146473884588
decision_type=2 2 2 2 2 2 2 2 2 2 2 2 2 2 2 2 2 2 2 2 2 2 2 2 2 2 2 2 2 2 2 2 2 2 2 2 2 2 2 2 2 2 2 2 2 2 2 2 2 2 2 2 2 2 2 2 2 2 2 2 2 2
left_child=1 3 11 38 5 6 8 14 19 10 -10 12 13 17 15 -7 -16 18 -2 -3 -12 22 -9 24 25 26 -23 -26 -6 -30 31 32 34 -14 -8 36 37 -33 -1 -40 -24 42 44 -44 45 47 -43 51 53 55 -51 54 -53 59 -5 -50 -48 -58 60 -49 61 -4
right_child=2 4 58 41 28 7 30 21 9 -11 20 -13 33 -15 16 -17 -18 -19 -20 -21 -22 23 40 -25 27 -27 -28 -29 29 -31 -32 35 -34 -35 -36 -37 -38 -39 39 -41 -42 46 43 -45 -46 -47 56 48 49 50 -52 52 -54 -55 -56 -57 57 -59 -60 -61 -62 -63
leaf_value=0.022775206381098156 -0.0016528907721123391 -0.041749864105739984 -0.0018171026925561985 -0.042508863522185289 0.027097522494920253 0.003061146373778668 0.0046108641764445847 -0.095432317364662456 0.0067510850778269241 0.01690576931454409 -0.083742853114490798 0.00081810387827964046 -0.039134050371765455 -0.037877035555167742 -0.034861350526441397 0.03762922918031622 -0.0014360512470130773 0.0052110384303703083 -0.040703886100192634 0.031543189569252179 -0.011976661531278439 0.02067334545005613 0.029997694551536582 0.00034016313731284495 0.047726298082732883 0.026804629644650909 -0.086519696768938961 -0.010659473127410335 0.02858920013924178 0.0039916200052433053 -0.006458433586643878 0.025414168286389656 -0.0012059925807131062 -0.0046030946217500727 0.025542346636530718 0.045811256656931115 0.015275293699318329 -0.06301204536137564 -0.082047066831996529 0.013484978316743699 -0.044694517728495121 -0.00089148934724238402 -0.13667397552024432 0.0087187832940108633 -0.046305760178264425 -0.092545568639008202 0.023684805147404099 -0.034679983725904133 0.02010289634916905 -0.0058611424904658933 -0.1241562204239397 0.035827411553863674 -0.079248565737104051 -0.067021301026362293 0.039211474768571751 -0.020727325367132815 0.010857872362541035 -0.033877111400777309 -0.015618163582574965 0.036022689466622106 -0.00082274475026523236 -0.0062511782192718763
leaf_weight=136.1849068716092 433.22253458446085 2.9732374456361859 6695.3507028953318 6.0180517059488903 27.045303573584533 915.18403180454698 778.66119924990926 4.6050685639493159 28.921184567036107 90.816332065034658 8.5369967529550177 8033.7271286334617 11.11702784247518 10.71577994560357 14.289171923917818 14.855340255395275 1376.0674477345019 536.52572144722217 13.39119207987096 52.747061213711277 4.3817261289805165 1.5612497136753507 4.2435204423964006 192.5848811610922 4.2597747370600691 3.1969098159752312 8.9872323418094293 167.57425042754039 24.894196712528355 3435.3022396781089 145.17632162733935 4.5425049634650332 724.16847656224854 1232.2791441712616 31.011082426644862 12.979642978869377 175.03350548190065 5.9479126976802945 3.288784892181865 10.333563113817943 5.0637439415440895 121.22929750251933 3.2807498371694228 1.8640003418549893 9.0572883185814117 2.5244016639480824 84.510886762291193 2.8220647632842946 14.31543119432172 3.1043876012554383 3.907845867681317 31.208698597736657 1.1087435066583555 1.6030996703193512 2.7767202094619279 16.021639453327225 223.74314274266362 7.3576930835843077 63.524483503511874 18.888874201715225 8332.322844713628 1310.0275045923918
leaf_count=3849 11189 129 112988 3090 268 59291 20700 61 1554 529 153 123019 391 231 9121 152 77135 8018 433 1149 52 128 47 3828 55 49 241 3689 251 28259 945 61 17993 72385 246 75 1269 58 123 124 82 10278 143 78 2681 119 492 533 1438 122 119 1372 238 238 367 3240 1920 78 6174 407 336166 40101
internal_value=4.41155e-05 0.00314147 -0.000997629 0.00960136 0.00259037 0.00130881 0.00391271 -0.000674395 0.0132865 0.00726071 -0.0136745 0.000155185 -0.00222528 0.00113581 0.000381945 0.0036133 -0.00177957 0.00156103 -0.00282379 0.0276323 -0.0594015 -0.00692605 -0.0387065 -0.00575687 -0.0120841 -0.0479873 -0.0706544 -0.00921209 0.00434641 0.00416859 0.00297222 0.00376254 0.00228776 -0.00491183 0.00541256 0.0151582 0.0130136 -0.0247222 0.0198332 -0.00957891 -0.0106396 0.00684127 -0.00231569 -0.0839966 0.00139141 0.00553338 0.00932528 0.00796609 -0.0011962 -0.0146638 -0.0717858 0.0214856 0.0318794 0.020379 -0.0167078 -0.00146039 0.0132496 0.00943362 -0.00171956 0.0268325 -0.00166552 -0.00254271
internal_weight=35643 8970.76 26672.2 705.15 8265.61 4778.37 2065.9 2712.47 188.377 132.656 41.8399 10271 2237.25 993.855 2320.4 930.039 1390.36 983.139 446.614 55.7203 12.9187 392.077 13.9123 378.164 185.579 13.7454 10.5485 171.834 3487.24 3460.2 1877.52 1732.34 1533.84 1243.4 809.672 198.504 185.524 10.4904 149.807 13.6223 9.30726 555.343 118.502 5.14475 113.357 104.3 436.841 101.776 60.6633 37.3493 7.01223 41.1122 32.3174 23.314 8.79477 30.3371 315.612 231.101 16401.2 21.7109 16337.7 8005.38
internal_count=969714 258619 711095 31049 227570 198792 44913 153879 3566 2288 1759 215666 92647 19871 145699 59443 86256 19640 11622 1278 205 8180 190 7990 4162 418 369 3744 28778 28510 41347 40402 38939 72776 20946 1463 1388 119 4096 247 129 26953 14185 221 13964 11283 12768 11164 6097 4919 241 5067 1610 1178 3457 4678 2490 1998 495429 940 489255 153089
is_linear=0
shrinkage=0.05


Tree=139
num_leaves=63
num_cat=0
split_feature=7 7 5 6 6 5 3 4 10 10 2 5 7 3 10 12 8 13 10 3 2 12 4 5 9 3 5 5 10 4 8 12 9 3 6 9 7 9 9 3 6 6 4 8 0 6 7 5 3 12 9 5 2 9 12 10 0 10 4 9 3 7
split_gain=43.7249 12.698 9.48033 9.04813 8.8315 10.304 7.49238 6.8134 6.70595 11.542 5.87232 6.28225 5.7178 5.64163 5.64129 8.65852 5.79071 5.47785 5.82998 5.46122 5.45352 5.69249 9.37211 6.07171 9.27017 6.98458 5.40925 5.96139 10.456 5.80708 5.16367 5.38877 5.89001 6.20977 4.99429 4.93817 4.90759 4.89419 5.27476 10.2024 9.57098 6.59131 6.41613 6.09036 5.86138 10.2705 5.75351 7.26932 5.69413 4.87615 7.02383 5.42965 4.86447 4.70817 4.59746 5.69539 4.75628 5.82151 4.57165 8.63717 7.93255 6.82458
threshold=0.28054267168045049 0.17793822288513186 2.5249279737472539 0.21852187812328341 0.37065578997135168 1.2424533367156985 2.8029010295867924 0.37808622419834143 11.070030689239504 11.453610420227053 0.41513054072856909 4.2413008213043222 0.19202751666307452 1.7005987167358401 12.286886692047121 2.1397762298583989 0.20458423346281054 0.28407502174377447 11.942002773284914 5.4992132186889657 0.17190404236316684 5.8360764980316171 0.52282473444938671 2.0126758217811589 0.26403252780437475 6.4512596130371103 5.6577370166778573 5.3821961879730233 9.1288576126098651 0.53870505094528209 0.15268722921609881 0.94700142741203319 0.16464009135961535 6.6883537769317636 0.26304575800895696 0.10099299624562265 0.22359449416399005 0.41401511430740362 0.18405647575855258 5.9976942539215097 0.23197293281555179 0.18615420162677768 0.41070051491260534 0.17491388320922854 2.7403194904327397 0.19793051481246951 0.20109672844409945 3.3497501611709599 2.7403194904327397 0.75993913412094127 0.090086802840232863 2.6735538244247441 0.18503247201442721 0.40197506546974188 1.1156897544860842 11.390254974365236 4.1190040111541757 8.9376769065856951 0.47399248182773596 0.43061585724353796 7.8902070522308358 0.31204973161220556
decision_type=2 2 2 2 2 2 2 2 2 2 2 2 2 2 2 2 2 2 2 2 2 2 2 2 2 2 2 2 2 2 2 2 2 2 2 2 2 2 2 2 2 2 2 2 2 2 2 2 2 2 2 2 2 2 2 2 2 2 2 2 2 2
left_child=1 -1 3 6 34 54 -3 8 35 49 11 13 -8 36 26 19 -17 18 30 -16 53 52 23 24 -23 -25 27 -12 -29 -30 31 -11 33 -33 -2 -4 -9 38 39 40 43 -41 -42 44 -15 -46 47 -40 -48 51 -51 -10 -22 -5 56 -56 57 -6 -36 -60 61 -61
right_child=4 2 7 20 5 -7 12 10 9 17 14 -13 -14 37 15 16 -18 -19 -20 -21 21 22 -24 25 -26 -27 -28 28 29 -31 -32 32 -34 -35 58 -37 -38 -39 46 41 42 -43 -44 -45 45 -47 48 -49 -50 50 -52 -53 -54 -55 55 -57 -58 -59 59 60 -62 -63
leaf_value=0.0057086816230089883 0.023945712524141825 -0.0087003807656561259 -0.027903637943405297 -0.0021939633864212888 -0.041375576294890526 -0.0019424299092915499 0.048940453768813535 -0.08445677905647038 0.037500148570101505 -0.045811990817229968 0.0016043472695224633 -0.024612771043572502 0.014370102065790397 0.040576068409791263 -0.052916879191936377 0.0093719300762698989 -0.013226202722908512 -0.021394269242651323 -0.0058044553116021374 -0.012377557100324734 0.023781479339030655 -0.050453784755222608 0.052241206228800401 -0.023060697830221487 0.024375297113855016 0.048334484875423779 0.049126615119698958 -0.15453096801711741 0.016858055994638878 -0.071253949297383615 0.0055927086929997011 -0.037635264201302109 0.018254167570299778 0.077030400940813162 -0.0010164076506943103 -0.0050396925083700294 8.3421517833052493e-05 0.058128191418456127 -0.074391053700188337 0.042096242433086108 0.014101543668105313 -0.073623172645210191 -0.076750254324303102 0.042657276521376832 0.01985703835530642 -0.056406132554674027 -0.014948438224323225 0.00068404040176584403 0.012175673145802469 -0.053804682325281572 0.0046034418094484551 0.011030241231336132 0.0040978664612339932 0.084102738486604267 0.0059712334137615114 -0.0079470864256766388 -0.016407876432419598 -0.0042941152724482118 0.00021457002494552698 0.019905312405959722 0.034696886312090454 0.0022710141770411396
leaf_weight=2584.4032713113465 20.831520361913135 34.468676655436866 24.432167354758349 462.60739199476666 11.13558077381458 7124.6323503842541 12.704845407046376 2.8443379623931824 23.11895141194691 9.8506125315616355 2774.5106217245466 13.530503911744743 204.2440205111634 13.453687380591871 15.23848564061336 56.906798897696717 56.487899138752255 38.011554330729268 417.75745969856507 18.265465295873582 31.821725761081325 21.006453778827566 4.8422967405058435 8.8089042089413834 5.1545201628468922 5.6055562980473033 5.9663799472909878 1.5976989251794282 5.2321087691252597 2.9099434380186722 277.09050147926428 12.468041458989321 15.361400678928474 1.3042361803600204 12829.31753314237 706.81370159289509 4.3298641432193108 5.5112134232185772 4.9229254908859721 1.6949095072923217 4.1740444935712722 4.4915039658080786 3.6362887444265652 42.378531883994583 15.902298308414176 6.1112587895186143 22.853135971585289 9.3450124608352763 126.18511804495938 5.3141956839663171 163.75199520865135 119.58151404521777 2303.8687278063735 1.5859513077884901 107.1167609339318 234.20556377392495 225.32003200505278 213.79375417807023 3777.4208488528893 71.196310944622383 26.74177118530497 239.19434866867959
leaf_count=93814 655 1831 5751 21166 372 303162 75 64 411 458 30898 959 2315 158 184 1006 1274 1450 24934 306 1023 310 20 105 45 32 85 20 314 40 13091 928 827 33 313568 51691 93 50 47 27 82 167 107 419 133 95 430 149 1436 1484 8616 5928 23464 4 3166 7759 4115 6872 29676 453 232 1948
internal_value=-1.47207e-05 0.00265574 0.00168526 0.00386203 -0.0011647 -0.00254371 0.0129541 0.00034602 -0.00210377 0.000392978 0.00172742 0.00862783 0.0163946 0.0103071 0.00106639 -0.00848373 -0.0018854 -0.00288664 -0.00192797 -0.0308159 0.00305863 0.00402513 -0.0135067 -0.0213531 -0.0357101 0.00470376 0.00156918 0.00146727 -0.0375816 -0.0146329 0.0031956 -0.0138425 -0.00303301 -0.0267764 -0.000521212 -0.00580362 -0.033434 0.011511 0.0105041 0.0200904 0.024569 -0.0419192 -0.0281967 0.029863 0.0145756 -0.00131464 0.00511273 -0.0252194 0.00801653 0.00851236 0.00276752 0.0153186 0.00436604 -0.00189912 -0.00795563 -0.00357912 -0.0112734 -0.00612991 -0.000551293 0.00089895 0.00856712 0.00631591
internal_weight=35595.4 10714.5 8130.06 3096.72 24880.9 7916.2 251.418 5033.34 1814.86 1083.61 3218.48 281.365 216.949 267.834 2937.12 146.899 113.395 771.844 733.832 33.504 2845.3 2381.11 45.4177 40.5754 26.161 14.4145 2790.22 2784.25 9.73975 8.14205 316.075 38.9843 29.1337 13.7723 16964.7 731.246 7.1742 260.66 255.149 91.8425 85.6561 6.18641 7.81033 77.8458 35.4672 22.0136 163.306 14.2679 149.038 311.767 169.066 142.7 2335.69 464.193 791.572 341.322 450.249 224.929 16943.9 4114.55 337.132 310.391
internal_count=970327 298349 204535 50390 671978 325446 4221 154145 115602 58160 38543 4416 2390 3457 34127 2770 2280 41721 40271 490 46169 24999 512 492 355 137 31357 31272 374 354 15337 2246 1788 961 346532 57442 157 3300 3250 1188 994 194 189 805 386 228 2062 196 1866 16439 10100 6339 24487 21170 22284 10925 11359 7244 345877 32309 2633 2401
is_linear=0
shrinkage=0.05


Tree=140
num_leaves=63
num_cat=0
split_feature=6 6 3 6 5 6 9 13 5 6 5 12 12 2 4 4 2 3 3 12 5 12 7 3 3 3 6 2 4 2 3 9 4 9 10 8 8 13 6 12 8 3 13 3 9 8 7 8 8 8 5 2 4 8 8 13 3 7 5 4 9 8
split_gain=50.1953 13.6358 8.19637 7.49823 10.4637 5.4662 5.3839 6.75231 9.42466 6.22713 5.57071 5.4549 7.45854 7.00688 6.67154 9.85998 7.02788 7.1921 7.3883 5.75229 5.64317 5.49381 5.40852 5.26775 8.24978 10.3214 6.45736 12.4864 5.2574 7.07193 6.96727 9.96813 10.1188 8.49921 7.13973 6.45772 5.58446 6.96865 10.0013 6.5397 5.74561 6.71778 5.54111 5.383 5.23924 5.21447 5.17 5.05415 12.1005 6.48957 8.50591 7.69491 7.2616 9.16603 5.55398 5.88553 5.51543 5.01059 4.93476 4.9202 4.8839 9.41553
threshold=0.25249001383781439 0.3357179611921311 0.89587974548339855 0.13008482009172442 2.8617925643920903 0.59400209784507763 0.24934934079647067 1.4803261160850527 2.9700856208801274 0.20939778536558154 3.0201274156570439 2.3420201539993291 0.46551689505577093 0.6473156511783601 0.49976402521133428 0.50241306424140941 0.58207994699478161 6.0294818878173837 6.402745485305787 0.44246275722980505 4.9938225746154794 0.79696986079216015 0.20861163735389712 5.6222093105316171 6.3877203464508066 7.2601706981658944 0.20939778536558154 0.34775486588478094 0.28497314453125006 0.41206875443458563 5.3636341094970712 0.22972147166728976 0.55275359749794017 0.074274059385061278 11.570826530456545 0.22557876259088519 0.18676832318305972 1.2954229712486269 0.1833189278841019 3.048316597938538 0.18230107426643374 4.7317931652069101 0.14138512313365939 5.4183177947998056 0.17542195320129397 0.22970250248908999 0.20509669184684756 0.28358089923858648 0.26889204978942877 0.23850990086793902 4.6774799823760995 0.68250790238380443 0.53483298420906078 0.17755992710590365 0.31558860838413244 0.31531217694282537 6.2314648628234872 0.30453343689441686 3.9219243526458745 0.33433018624782568 0.12190329656004907 0.072988577187061324
decision_type=2 2 2 2 2 2 2 2 2 2 2 2 2 2 2 2 2 2 2 2 2 2 2 2 2 2 2 2 2 2 2 2 2 2 2 2 2 2 2 2 2 2 2 2 2 2 2 2 2 2 2 2 2 2 2 2 2 2 2 2 2 2
left_child=2 44 -1 -4 -5 57 7 9 -9 22 -10 12 19 -13 16 -16 -14 21 -19 20 -11 -18 28 26 -25 -26 27 -12 -6 35 31 33 -33 34 -31 36 37 39 -39 40 -30 -42 -32 -44 -2 -37 -47 48 49 50 52 -52 53 -17 -49 -56 -51 59 -7 -3 61 -45
right_child=1 5 3 4 6 58 -8 8 10 11 23 13 14 -15 15 47 17 18 -20 -21 -22 -23 -24 24 25 -27 -28 -29 29 30 42 32 -34 -35 -36 45 -38 38 -40 -41 41 -43 43 60 -46 46 -48 54 -50 56 51 -53 -54 -55 55 -57 -58 -59 -60 -61 -62 -63
leaf_value=-0.0030706136585342235 -0.01911360678126818 -0.023703871502974625 0.0082453781988796708 0.0062788920416372079 -0.0044204936053601537 -0.015284657938742214 0.0058525678829796091 -0.071052293921620227 0.06064816447393994 -0.0069198481429096625 0.011531267372869398 -0.010751245981244956 0.00044926761317080275 -0.068872461490761649 0.043217136117149238 0.011590461373257019 -0.089081665703399648 0.0293231504007328 -0.022118247973711667 -0.037592730801739201 0.032706564561578742 -0.026140196391943385 0.02536338659550167 0.03684578077588177 -0.0095823002740687471 0.037075273054730885 0.024749397380404294 -0.090474231976566413 0.01348215996433013 -0.081720940030421352 -0.050824240010026035 -0.027469741994179037 -0.14415655068627964 -0.001514393116609567 -0.0054404918844585494 -0.093122087370614268 0.027248961884500912 -0.05832968632891266 0.027051670960124237 -0.035444712729872645 0.0043418374938939382 -0.091037501877734392 0.026684364776859051 -0.06705427771094874 0.00055445960552002148 5.4338365629805601e-05 -0.068791886740614788 0.041080270595640275 -0.056163810632899706 0.00023654268108739128 -0.0058726398760873301 -0.094095359455209915 0.012241488106285101 -0.043642217638622673 -0.017959478368272327 0.038560598093478796 0.043800260996549635 -0.0017037202851573514 0.0012624991898513532 0.042218827164005886 0.0048534692577112846 -0.0014642244253700407
leaf_weight=426.33145447310744 33.966165710375208 3.7094407618569667 933.88066953398084 2154.9673511801375 273.19623441788281 138.21446293599729 743.2468168954947 3.2515629329136564 6.3870359691791228 334.55465959096182 6.8161819725137338 74.489314226739225 467.91173952975441 5.5735577633604398 19.276113413041458 14.5721436443273 5.2953451158464295 10.046775734401306 22.867105401237495 14.895969679622793 9.2324292508237686 10.040372874915191 25.188182939866238 34.719832978873455 36.416383113624761 17.572922463863506 7.869655314811097 5.3585890966423904 238.41612296785388 6.1935210541887482 4.7042087436420834 10.300920606823636 2.2667634608224025 310.46990200993605 6.0778650708816713 1.8752549972268777 48.181753090066195 8.7994871181726904 5.6205906584800678 7.4585529137839321 5.2180661831662274 2.8568284495413536 24.619583088584477 5.586677751998649 10817.567359580738 26.193326877822987 3.043787997106846 19.049942820565775 8.5546401394531113 12.400683130748805 5.6729305472108518 4.3798898791428655 74.260517017857637 15.502827791031448 12.303313040174546 7.3620884623378506 17.545494649093598 16748.172478167053 66.848852374023409 11.944544488098471 886.23142449348234 265.47105768583424
leaf_count=34158 10616 218 36213 28551 35503 12742 17603 81 48 13356 739 4076 18459 95 138 105 106 140 450 525 734 254 1008 635 609 278 418 170 7424 397 116 261 18 5185 243 77 1463 284 109 363 168 83 378 215 224410 1016 129 115 68 89 88 50 386 138 94 46 87 484287 7605 155 11571 3981
internal_value=9.80367e-05 -0.000891335 0.00366778 0.00406216 0.00344698 -0.00177655 0.00199236 0.00116126 0.0128956 0.000744541 0.0152662 -0.00220235 -0.00127358 -0.0147973 0.00163723 0.0091306 -0.00142424 -0.019593 -0.00641605 -0.00717371 -0.00585568 -0.0478736 0.00232918 0.012601 0.0178318 0.00560422 -0.0105489 -0.0333653 0.00205841 0.00300516 0.00153538 -0.00482872 -0.0485159 -0.00312752 -0.0439402 0.00943918 0.0115755 0.00876161 -0.0250501 0.0106816 0.0120773 -0.0294026 0.00333373 0.00354929 0.000492897 -0.0122971 -0.00711303 0.00570137 0.00161494 0.00503946 -0.000385206 -0.0443102 0.00384701 -0.0168805 0.0218389 0.0031998 0.0257606 -0.00167729 -0.00989043 0.0265975 0.00305712 -0.00281608
internal_weight=35531 27820.4 7710.58 7284.24 6350.36 16968.9 4195.4 3452.15 118.392 3333.76 115.141 1165.79 1085.72 80.0629 727.042 210.881 516.161 48.2496 32.9139 358.683 343.787 15.3357 2167.97 108.754 88.7091 53.9893 20.0444 12.1748 2142.78 1869.59 1521.92 335.309 12.5677 322.741 12.2714 347.664 316.551 268.37 14.4201 253.95 246.491 8.07489 1186.61 1181.91 10851.5 31.1124 29.2371 191.604 152.889 144.334 114.388 10.0528 104.335 30.075 38.7153 19.6654 29.9462 16763.8 205.063 15.654 1157.29 271.058
internal_count=969127 740033 229094 194936 158723 505007 130172 112569 2978 109591 2897 39599 35428 4171 20813 1404 19409 950 590 14615 14090 360 69992 2849 1522 887 1327 909 68984 33481 22365 6104 279 5825 640 11116 9894 8431 393 8038 7675 251 16261 16145 235026 1222 1145 1266 1011 943 767 138 629 243 255 140 176 484660 20347 373 15767 4196
is_linear=0
shrinkage=0.05


Tree=141
num_leaves=63
num_cat=0
split_feature=6 6 7 9 5 4 2 8 8 6 5 0 4 4 9 6 5 10 8 3 9 1 2 9 0 1 6 9 2 6 5 2 9 4 9 2 1 1 9 8 0 5 6 4 0 5 4 9 5 7 10 10 5 3 5 8 3 8 2 0 5 1
split_gain=39.6029 12.4884 8.15792 7.61049 6.14833 9.44422 8.63393 7.05955 10.7978 7.73777 5.94264 6.68035 5.9122 5.77719 6.06267 7.12641 6.83103 6.39825 5.95326 5.58473 5.32384 9.84403 9.26696 5.30982 5.13748 5.00556 4.98829 4.98003 9.52645 7.44746 7.15811 7.22194 5.04775 8.66998 4.85913 4.79631 4.64266 4.41162 4.32556 4.25821 4.23222 4.23153 5.64512 4.18431 4.89139 7.52993 10.7089 10.6509 15.7537 7.10825 4.68314 5.2567 5.4528 8.54282 7.62738 5.53394 8.4442 4.76946 6.2122 8.49333 4.76112 4.79156
threshold=0.22362303733825686 0.33609920740127569 0.1363976672291756 0.12190329656004907 2.1383330821990971 0.43034967780113226 0.51352807879447948 0.3219763338565827 0.3024751096963883 0.23712783306837085 3.979637980461121 2.9174053668975835 0.50377199053764354 0.54839965701103222 0.018642326816916469 0.063285917043685927 4.5053346157073983 9.1978116035461444 0.091293361037969603 6.402745485305787 0.19400765746831897 0.43374226987361914 0.4291182160377503 0.044061047956347472 4.1510088443756112 0.46442344784736639 0.23303436487913134 0.048475053161382682 0.3925910890102387 0.082435581833124175 4.7050054073333749 0.44789049029350286 0.034668512642383582 0.46854975819587713 0.5069728195667268 0.12516578286886218 0.21930526942014697 0.54456689953804027 0.11523582786321641 0.17262998223304751 5.9039974212646493 3.0201274156570439 0.26445811986923223 0.32187660038471227 6.9541616439819345 4.9593360424041757 0.4870122522115708 0.14025881141424182 5.3729581832885751 0.11726542934775354 12.208903312683107 12.112099647521974 4.2696731090545663 6.1431114673614511 4.388237953186036 0.077498830854892745 6.7111318111419687 0.077498830854892745 0.55103105306625377 4.3757371902465829 4.2268071174621591 0.39413943886756903
decision_type=2 2 2 2 2 2 2 2 2 2 2 2 2 2 2 2 2 2 2 2 2 2 2 2 2 2 2 2 2 2 2 2 2 2 2 2 2 2 2 2 2 2 2 2 2 2 2 2 2 2 2 2 2 2 2 2 2 2 2 2 2 2
left_child=2 3 10 -2 39 25 7 8 9 19 11 -1 41 14 17 16 -16 -12 -15 24 21 -11 -23 -4 26 -6 -7 28 29 36 31 -30 33 -33 -8 -3 -17 -9 -20 -5 -40 -10 -43 -29 45 50 49 48 -48 -47 51 52 53 57 -54 -55 -57 58 59 -45 -53 -62
right_child=1 35 23 4 5 6 34 37 12 20 13 -13 -14 18 15 27 -18 -19 38 -21 -22 22 -24 -25 -26 -27 -28 43 30 -31 -32 32 -34 -35 -36 -37 -38 -39 40 -41 -42 42 -44 44 -46 46 47 -49 -50 -51 -52 60 54 55 -56 56 -58 -59 -60 -61 61 -63
leaf_value=-0.0082022068462951868 -0.035823048662673503 -0.013260112777114849 -0.024022766606787396 0.030892431911132508 -0.0025103149602298466 0.0041160971653933865 -0.00039467282437625085 0.012088151509669225 -0.024113547418156137 0.042842774851197085 0.022096529881373395 0.015123816226571666 -0.051264649995526636 0.0047419939798668672 0.060525882518343156 -0.040030775330442116 0.013715945374935324 -0.044153420173774119 0.047853870793737346 -0.0078948188623687871 0.0043327971712253379 -0.0017646210924302322 -0.064144623274861826 0.0030696673828289052 0.048904572999787302 0.023212259093374394 0.044295311355629509 -0.0053581277086383458 -0.095848138327806531 -0.026621775372596274 -0.10125339988043613 -0.102817130766627 0.0043426631858115745 0.0341478075291387 0.01214935502303934 -0.0016271652720196924 0.040237129759291751 0.045070357800402777 0.039686575411231023 0.0014213266684073578 -0.0020041454812356214 -0.030710565794287787 0.024682430584408263 0.0046386249100733535 -0.0033681465037450802 0.013063142434379421 -0.14218192923292269 0.0015555965125502117 -0.0095144308998342305 -0.033251044122330806 0.030510656937793049 0.027046212798582839 0.033482650565619693 -0.0036880240267248804 0.0098952271462784888 -0.10740881769484055 -0.010574044072041065 0.024970928229312541 0.039422700181454155 -0.085069428791573865 -0.01705619407988174 -0.13354824276324895
leaf_weight=33.800159326227003 14.535503738537953 89.091407290816278 18.169998795696301 12.279265808523631 3733.139521008372 24.437215624260716 2844.860709536908 196.70749457975035 24.341529026161879 5.4580659978382782 5.1141762177285299 334.03793142604991 10.706178609514607 47.352885155356489 9.2487457077950221 2.0678571814787636 49.543916947208345 12.681352966006669 19.50917806106736 13.483480185270308 403.65458521607798 12.451868249801921 11.408543001045471 3876.0768191032876 19.164970126701519 19.009442589333048 11.295421323273329 94.957589868048672 2.9694938437896843 9.1524080480812682 3.4370710593211689 3.2652485278085832 13.313969005597754 1.7881657790858296 79.354791050544009 16294.920325217343 13.98300535866292 10.689567452296613 10.877990161534401 6672.918936719303 13.822518349625168 6.8357745327521142 14.058929530263411 6.7328111984534171 104.30689878202975 48.107926004217006 4.5929623269476014 8.1074946322478336 4.3635632277000695 10.008171501103787 32.526218779559713 1.8217513356357802 45.18138757662382 9.8410798269324022 141.95793366438011 4.4053763176780176 4.6042680935934186 24.471616383059882 4.4515591911040238 4.3387950169853866 1.8568365321843887 1.6826269943267105
leaf_count=3404 8588 12290 6897 235 162712 242 27433 1847 178 91 821 5979 85 358 73 527 2408 7307 93 104 3743 106 131 111743 152 390 94 11753 205 3405 359 160 181 35 611 483000 802 43 37 102896 64 91 223 265 1309 1390 96 77 78 549 469 30 425 105 2233 90 67 473 30 105 78 30
internal_value=-7.29779e-05 -0.000750865 0.00403385 0.000337737 0.000374946 -0.000613778 0.00118272 0.00591299 0.00298228 0.00530712 0.00774538 0.0129804 -0.0178528 0.0052653 0.00368833 0.00445668 0.0210797 -0.0251141 0.017061 0.0209374 0.00283857 -0.0177339 -0.0315908 0.00294326 0.028019 -0.00238 0.0168171 0.00285003 -0.0122711 0.00937199 -0.0342892 -0.0235022 -0.0118059 -0.0543517 -5.4264e-05 -0.00169042 0.0298961 0.0137881 0.0302558 0.00147546 0.0163563 -0.00994518 0.00656042 0.00420359 0.0061631 0.00893198 -0.00513809 -0.0399637 -0.0775472 0.00508738 0.0126583 0.010348 0.0114155 -0.00186 0.01559 -0.0296093 -0.0579226 0.0112191 -0.0104602 -0.0305166 -0.0386314 -0.0724354
internal_weight=35563.3 30524.8 5038.53 14140.8 14126.3 7441.06 3688.91 764.694 557.297 501.354 1144.28 367.838 55.9424 776.445 684.882 667.087 58.7927 17.7955 91.5626 68.3811 432.973 29.3185 23.8604 3894.25 54.8976 3752.15 35.7326 608.294 49.9772 25.2033 24.7739 21.3369 18.3674 5.05341 2924.22 16384 16.0509 207.397 44.2097 6685.2 24.7005 45.2362 20.8947 558.317 463.359 359.052 75.1801 17.064 8.95653 58.1161 283.872 251.346 245.985 58.8455 187.139 18.8507 9.00964 39.9948 15.5232 11.0716 5.36121 3.53946
internal_count=969795 805285 164510 309995 301407 198276 35174 7130 5240 4663 45870 9383 577 36487 35935 27807 2481 8128 552 592 4071 328 237 118640 488 163102 336 25326 5674 4734 940 581 376 195 28044 495290 1329 1890 194 103131 101 492 314 19652 7899 6590 2190 251 174 1939 4400 3931 3793 1135 2658 262 157 873 400 370 138 108
is_linear=0
shrinkage=0.05


end of trees

feature_importances:
user_tab_affinity=1263
user_hist_count=968
user_hist_long_view_rate=912
log_duration=696
video_hist_long_view_rate=690
user_author_affinity=675
author_hist_long_view_rate=642
video_hist_click_rate=601
dur_to_user_avg_ratio=529
video_hist_count=492
completion_ratio_prior=462
user_durbucket_affinity=429
author_hist_count=428
dur_bucket=17

parameters:
[boosting: gbdt]
[objective: lambdarank]
[metric: ndcg]
[tree_learner: serial]
[device_type: cpu]
[data_sample_strategy: bagging]
[data: ]
[valid: ]
[num_iterations: 400]
[learning_rate: 0.05]
[num_leaves: 63]
[num_threads: 0]
[seed: 0]
[deterministic: 0]
[force_col_wise: 0]
[force_row_wise: 0]
[histogram_pool_size: -1]
[max_depth: -1]
[min_data_in_leaf: 50]
[min_sum_hessian_in_leaf: 0.001]
[bagging_fraction: 0.85]
[pos_bagging_fraction: 1]
[neg_bagging_fraction: 1]
[bagging_freq: 1]
[bagging_seed: 7719]
[bagging_by_query: 0]
[feature_fraction: 0.85]
[feature_fraction_bynode: 1]
[feature_fraction_seed: 2437]
[extra_trees: 0]
[extra_seed: 11797]
[early_stopping_round: 0]
[early_stopping_min_delta: 0]
[first_metric_only: 0]
[max_delta_step: 0]
[lambda_l1: 0]
[lambda_l2: 0]
[linear_lambda: 0]
[min_gain_to_split: 0]
[drop_rate: 0.1]
[max_drop: 50]
[skip_drop: 0.5]
[xgboost_dart_mode: 0]
[uniform_drop: 0]
[drop_seed: 21238]
[top_rate: 0.2]
[other_rate: 0.1]
[min_data_per_group: 100]
[max_cat_threshold: 32]
[cat_l2: 10]
[cat_smooth: 10]
[max_cat_to_onehot: 4]
[top_k: 20]
[monotone_constraints: ]
[monotone_constraints_method: basic]
[monotone_penalty: 0]
[feature_contri: ]
[forcedsplits_filename: ]
[refit_decay_rate: 0.9]
[cegb_tradeoff: 1]
[cegb_penalty_split: 0]
[cegb_penalty_feature_lazy: ]
[cegb_penalty_feature_coupled: ]
[path_smooth: 0]
[interaction_constraints: ]
[verbosity: -1]
[saved_feature_importance_type: 0]
[use_quantized_grad: 0]
[num_grad_quant_bins: 4]
[quant_train_renew_leaf: 0]
[stochastic_rounding: 1]
[linear_tree: 0]
[max_bin: 255]
[max_bin_by_feature: ]
[min_data_in_bin: 3]
[bin_construct_sample_cnt: 200000]
[data_random_seed: 38]
[is_enable_sparse: 1]
[enable_bundle: 1]
[use_missing: 1]
[zero_as_missing: 0]
[feature_pre_filter: 1]
[pre_partition: 0]
[two_round: 0]
[header: 0]
[label_column: ]
[weight_column: ]
[group_column: ]
[ignore_column: ]
[categorical_feature: ]
[forcedbins_filename: ]
[precise_float_parser: 0]
[parser_config_file: ]
[objective_seed: 8855]
[num_class: 1]
[is_unbalance: 0]
[scale_pos_weight: 1]
[sigmoid: 1]
[boost_from_average: 1]
[reg_sqrt: 0]
[alpha: 0.9]
[fair_c: 1]
[poisson_max_delta_step: 0.7]
[tweedie_variance_power: 1.5]
[lambdarank_truncation_level: 5]
[lambdarank_norm: 1]
[label_gain: 0,1]
[lambdarank_position_bias_regularization: 0]
[eval_at: 5]
[multi_error_top_k: 1]
[auc_mu_weights: ]
[num_machines: 1]
[local_listen_port: 12400]
[time_out: 120]
[machine_list_filename: ]
[machines: ]
[gpu_platform_id: -1]
[gpu_device_id: -1]
[gpu_device_id_list: ]
[gpu_use_dp: 0]
[num_gpu: 1]

end of parameters

pandas_categorical:null
